=== System Information ===
Date: Thu Jul 17 13:20:24 +0530 2025
Hostname: DESKTOP-211R5F3
OS: Ubuntu 22.04.5 LTS
Kernel: 6.6.87.2-microsoft-standard-WSL2
CPU: Intel(R) Core(TM) i7-1065G7 CPU @ 1.30GHz
CPU Cores: 8
Memory: 7.6Gi
GPU: NVIDIA GeForce MX230
GPU Memory: 4096 MB
CUDA Version: 12.9
OpenMP Threads: 8
OpenMP Max Threads: 8
=== Benchmark Configuration ===
N Values: 100 200 500 1000 1500 2000
M Values: 500 1000 1500 2000 2500 3000
Implementations: serial openmp cuda hybrid
Iterations per test: 3

=== serial (N=100, M=500, iter=1) ===
Executing Serial Version
Matrix Size: N=100, M=500
--- Input Matrix (Snippet) ---
  0.1784   0.3997   0.1666   0.2121   0.0619   0.0541   0.2757   0.0478 
  0.7832   0.1713   0.3731   0.1762   0.4492   0.9714   0.9770   0.4063 
  0.8579   0.2793   0.3497   0.6058   0.0737   0.1928   0.5753   0.2738 
  0.5231   0.4570   0.4980   0.9980   0.9538   0.4599   0.6245   0.8193 
  0.2355   0.3513   0.2187   0.2880   0.0186   0.3609   0.1549   0.3504 
  0.2459   0.4850   0.0104   0.8695   0.6495   0.6553   0.0003   0.2781 
  0.6835   0.2185   0.1961   0.0248   0.6727   0.5442   0.9639   0.2818 
  0.7949   0.9540   0.3739   0.6583   0.6555   0.8941   0.8713   0.9372 
---------------------------------------

--- Output Correlation Matrix (Snippet) ---
  1.0000   0.0256   0.0236  -0.0521   0.0384   0.0583   0.0019  -0.0393 
  0.0256   1.0000  -0.0126  -0.0000   0.0707   0.0208   0.0440  -0.0621 
  0.0236  -0.0126   1.0000  -0.0210  -0.0033   0.0142  -0.0386   0.0410 
 -0.0521  -0.0000  -0.0210   1.0000   0.0182   0.0262  -0.0804  -0.0467 
  0.0384   0.0707  -0.0033   0.0182   1.0000   0.0061  -0.0249  -0.0272 
  0.0583   0.0208   0.0142   0.0262   0.0061   1.0000  -0.1227   0.0816 
  0.0019   0.0440  -0.0386  -0.0804  -0.0249  -0.1227   1.0000   0.0038 
 -0.0393  -0.0621   0.0410  -0.0467  -0.0272   0.0816   0.0038   1.0000 
---------------------------------------

Execution Time: 0.003526 seconds
Exit code: 0
Extracted time: 0.003526

=== serial (N=100, M=500, iter=2) ===
Executing Serial Version
Matrix Size: N=100, M=500
--- Input Matrix (Snippet) ---
  0.1784   0.3997   0.1666   0.2121   0.0619   0.0541   0.2757   0.0478 
  0.7832   0.1713   0.3731   0.1762   0.4492   0.9714   0.9770   0.4063 
  0.8579   0.2793   0.3497   0.6058   0.0737   0.1928   0.5753   0.2738 
  0.5231   0.4570   0.4980   0.9980   0.9538   0.4599   0.6245   0.8193 
  0.2355   0.3513   0.2187   0.2880   0.0186   0.3609   0.1549   0.3504 
  0.2459   0.4850   0.0104   0.8695   0.6495   0.6553   0.0003   0.2781 
  0.6835   0.2185   0.1961   0.0248   0.6727   0.5442   0.9639   0.2818 
  0.7949   0.9540   0.3739   0.6583   0.6555   0.8941   0.8713   0.9372 
---------------------------------------

--- Output Correlation Matrix (Snippet) ---
  1.0000   0.0256   0.0236  -0.0521   0.0384   0.0583   0.0019  -0.0393 
  0.0256   1.0000  -0.0126  -0.0000   0.0707   0.0208   0.0440  -0.0621 
  0.0236  -0.0126   1.0000  -0.0210  -0.0033   0.0142  -0.0386   0.0410 
 -0.0521  -0.0000  -0.0210   1.0000   0.0182   0.0262  -0.0804  -0.0467 
  0.0384   0.0707  -0.0033   0.0182   1.0000   0.0061  -0.0249  -0.0272 
  0.0583   0.0208   0.0142   0.0262   0.0061   1.0000  -0.1227   0.0816 
  0.0019   0.0440  -0.0386  -0.0804  -0.0249  -0.1227   1.0000   0.0038 
 -0.0393  -0.0621   0.0410  -0.0467  -0.0272   0.0816   0.0038   1.0000 
---------------------------------------

Execution Time: 0.004057 seconds
Exit code: 0
Extracted time: 0.004057

=== serial (N=100, M=500, iter=3) ===
Executing Serial Version
Matrix Size: N=100, M=500
--- Input Matrix (Snippet) ---
  0.1784   0.3997   0.1666   0.2121   0.0619   0.0541   0.2757   0.0478 
  0.7832   0.1713   0.3731   0.1762   0.4492   0.9714   0.9770   0.4063 
  0.8579   0.2793   0.3497   0.6058   0.0737   0.1928   0.5753   0.2738 
  0.5231   0.4570   0.4980   0.9980   0.9538   0.4599   0.6245   0.8193 
  0.2355   0.3513   0.2187   0.2880   0.0186   0.3609   0.1549   0.3504 
  0.2459   0.4850   0.0104   0.8695   0.6495   0.6553   0.0003   0.2781 
  0.6835   0.2185   0.1961   0.0248   0.6727   0.5442   0.9639   0.2818 
  0.7949   0.9540   0.3739   0.6583   0.6555   0.8941   0.8713   0.9372 
---------------------------------------

--- Output Correlation Matrix (Snippet) ---
  1.0000   0.0256   0.0236  -0.0521   0.0384   0.0583   0.0019  -0.0393 
  0.0256   1.0000  -0.0126  -0.0000   0.0707   0.0208   0.0440  -0.0621 
  0.0236  -0.0126   1.0000  -0.0210  -0.0033   0.0142  -0.0386   0.0410 
 -0.0521  -0.0000  -0.0210   1.0000   0.0182   0.0262  -0.0804  -0.0467 
  0.0384   0.0707  -0.0033   0.0182   1.0000   0.0061  -0.0249  -0.0272 
  0.0583   0.0208   0.0142   0.0262   0.0061   1.0000  -0.1227   0.0816 
  0.0019   0.0440  -0.0386  -0.0804  -0.0249  -0.1227   1.0000   0.0038 
 -0.0393  -0.0621   0.0410  -0.0467  -0.0272   0.0816   0.0038   1.0000 
---------------------------------------

Execution Time: 0.003352 seconds
Exit code: 0
Extracted time: 0.003352

=== serial (N=100, M=1000, iter=1) ===
Executing Serial Version
Matrix Size: N=100, M=1000
--- Input Matrix (Snippet) ---
  0.1784   0.3997   0.1666   0.2121   0.0619   0.0541   0.2757   0.0478 
  0.8579   0.2793   0.3497   0.6058   0.0737   0.1928   0.5753   0.2738 
  0.2355   0.3513   0.2187   0.2880   0.0186   0.3609   0.1549   0.3504 
  0.6835   0.2185   0.1961   0.0248   0.6727   0.5442   0.9639   0.2818 
  0.7361   0.6262   0.2348   0.0727   0.7465   0.0340   0.4242   0.2949 
  0.9063   0.4440   0.7253   0.1379   0.7956   0.9051   0.0964   0.8206 
  0.1672   0.1685   0.5519   0.6728   0.6104   0.7387   0.7906   0.5769 
  0.3751   0.2483   0.8508   0.0803   0.3567   0.4930   0.2261   0.4608 
---------------------------------------

--- Output Correlation Matrix (Snippet) ---
  1.0000   0.0109   0.0293  -0.0304   0.0102   0.0139   0.0044  -0.0106 
  0.0109   1.0000   0.0119  -0.0427  -0.0041  -0.0632  -0.0605  -0.0605 
  0.0293   0.0119   1.0000   0.0276   0.0204   0.0119   0.0083   0.0077 
 -0.0304  -0.0427   0.0276   1.0000   0.0269   0.0239   0.0206   0.0100 
  0.0102  -0.0041   0.0204   0.0269   1.0000   0.0015  -0.0140  -0.0381 
  0.0139  -0.0632   0.0119   0.0239   0.0015   1.0000  -0.0124   0.0481 
  0.0044  -0.0605   0.0083   0.0206  -0.0140  -0.0124   1.0000   0.0370 
 -0.0106  -0.0605   0.0077   0.0100  -0.0381   0.0481   0.0370   1.0000 
---------------------------------------

Execution Time: 0.006801 seconds
Exit code: 0
Extracted time: 0.006801

=== serial (N=100, M=1000, iter=2) ===
Executing Serial Version
Matrix Size: N=100, M=1000
--- Input Matrix (Snippet) ---
  0.1784   0.3997   0.1666   0.2121   0.0619   0.0541   0.2757   0.0478 
  0.8579   0.2793   0.3497   0.6058   0.0737   0.1928   0.5753   0.2738 
  0.2355   0.3513   0.2187   0.2880   0.0186   0.3609   0.1549   0.3504 
  0.6835   0.2185   0.1961   0.0248   0.6727   0.5442   0.9639   0.2818 
  0.7361   0.6262   0.2348   0.0727   0.7465   0.0340   0.4242   0.2949 
  0.9063   0.4440   0.7253   0.1379   0.7956   0.9051   0.0964   0.8206 
  0.1672   0.1685   0.5519   0.6728   0.6104   0.7387   0.7906   0.5769 
  0.3751   0.2483   0.8508   0.0803   0.3567   0.4930   0.2261   0.4608 
---------------------------------------

--- Output Correlation Matrix (Snippet) ---
  1.0000   0.0109   0.0293  -0.0304   0.0102   0.0139   0.0044  -0.0106 
  0.0109   1.0000   0.0119  -0.0427  -0.0041  -0.0632  -0.0605  -0.0605 
  0.0293   0.0119   1.0000   0.0276   0.0204   0.0119   0.0083   0.0077 
 -0.0304  -0.0427   0.0276   1.0000   0.0269   0.0239   0.0206   0.0100 
  0.0102  -0.0041   0.0204   0.0269   1.0000   0.0015  -0.0140  -0.0381 
  0.0139  -0.0632   0.0119   0.0239   0.0015   1.0000  -0.0124   0.0481 
  0.0044  -0.0605   0.0083   0.0206  -0.0140  -0.0124   1.0000   0.0370 
 -0.0106  -0.0605   0.0077   0.0100  -0.0381   0.0481   0.0370   1.0000 
---------------------------------------

Execution Time: 0.007629 seconds
Exit code: 0
Extracted time: 0.007629

=== serial (N=100, M=1000, iter=3) ===
Executing Serial Version
Matrix Size: N=100, M=1000
--- Input Matrix (Snippet) ---
  0.1784   0.3997   0.1666   0.2121   0.0619   0.0541   0.2757   0.0478 
  0.8579   0.2793   0.3497   0.6058   0.0737   0.1928   0.5753   0.2738 
  0.2355   0.3513   0.2187   0.2880   0.0186   0.3609   0.1549   0.3504 
  0.6835   0.2185   0.1961   0.0248   0.6727   0.5442   0.9639   0.2818 
  0.7361   0.6262   0.2348   0.0727   0.7465   0.0340   0.4242   0.2949 
  0.9063   0.4440   0.7253   0.1379   0.7956   0.9051   0.0964   0.8206 
  0.1672   0.1685   0.5519   0.6728   0.6104   0.7387   0.7906   0.5769 
  0.3751   0.2483   0.8508   0.0803   0.3567   0.4930   0.2261   0.4608 
---------------------------------------

--- Output Correlation Matrix (Snippet) ---
  1.0000   0.0109   0.0293  -0.0304   0.0102   0.0139   0.0044  -0.0106 
  0.0109   1.0000   0.0119  -0.0427  -0.0041  -0.0632  -0.0605  -0.0605 
  0.0293   0.0119   1.0000   0.0276   0.0204   0.0119   0.0083   0.0077 
 -0.0304  -0.0427   0.0276   1.0000   0.0269   0.0239   0.0206   0.0100 
  0.0102  -0.0041   0.0204   0.0269   1.0000   0.0015  -0.0140  -0.0381 
  0.0139  -0.0632   0.0119   0.0239   0.0015   1.0000  -0.0124   0.0481 
  0.0044  -0.0605   0.0083   0.0206  -0.0140  -0.0124   1.0000   0.0370 
 -0.0106  -0.0605   0.0077   0.0100  -0.0381   0.0481   0.0370   1.0000 
---------------------------------------

Execution Time: 0.007322 seconds
Exit code: 0
Extracted time: 0.007322

=== serial (N=100, M=1500, iter=1) ===
Executing Serial Version
Matrix Size: N=100, M=1500
--- Input Matrix (Snippet) ---
  0.1784   0.3997   0.1666   0.2121   0.0619   0.0541   0.2757   0.0478 
  0.5231   0.4570   0.4980   0.9980   0.9538   0.4599   0.6245   0.8193 
  0.6835   0.2185   0.1961   0.0248   0.6727   0.5442   0.9639   0.2818 
  0.6730   0.3860   0.7919   0.3859   0.4882   0.1123   0.5655   0.3819 
  0.1672   0.1685   0.5519   0.6728   0.6104   0.7387   0.7906   0.5769 
  0.2896   0.8828   0.9025   0.7990   0.6499   0.1416   0.2104   0.8247 
  0.4815   0.6118   0.5401   0.8225   0.6975   0.4157   0.2738   0.2554 
  0.5062   0.5588   0.9413   0.5000   0.5328   0.1062   0.3400   0.7122 
---------------------------------------

--- Output Correlation Matrix (Snippet) ---
  1.0000   0.0111  -0.0267  -0.0267  -0.0210   0.0113   0.0004   0.0095 
  0.0111   1.0000  -0.0268   0.0110   0.0518  -0.0168   0.0241   0.0123 
 -0.0267  -0.0268   1.0000   0.0289   0.0020  -0.0170  -0.0226  -0.0030 
 -0.0267   0.0110   0.0289   1.0000   0.0178  -0.0459   0.0215  -0.0381 
 -0.0210   0.0518   0.0020   0.0178   1.0000   0.0124  -0.0130  -0.0079 
  0.0113  -0.0168  -0.0170  -0.0459   0.0124   1.0000   0.0043   0.0352 
  0.0004   0.0241  -0.0226   0.0215  -0.0130   0.0043   1.0000  -0.0296 
  0.0095   0.0123  -0.0030  -0.0381  -0.0079   0.0352  -0.0296   1.0000 
---------------------------------------

Execution Time: 0.010476 seconds
Exit code: 0
Extracted time: 0.010476

=== serial (N=100, M=1500, iter=2) ===
Executing Serial Version
Matrix Size: N=100, M=1500
--- Input Matrix (Snippet) ---
  0.1784   0.3997   0.1666   0.2121   0.0619   0.0541   0.2757   0.0478 
  0.5231   0.4570   0.4980   0.9980   0.9538   0.4599   0.6245   0.8193 
  0.6835   0.2185   0.1961   0.0248   0.6727   0.5442   0.9639   0.2818 
  0.6730   0.3860   0.7919   0.3859   0.4882   0.1123   0.5655   0.3819 
  0.1672   0.1685   0.5519   0.6728   0.6104   0.7387   0.7906   0.5769 
  0.2896   0.8828   0.9025   0.7990   0.6499   0.1416   0.2104   0.8247 
  0.4815   0.6118   0.5401   0.8225   0.6975   0.4157   0.2738   0.2554 
  0.5062   0.5588   0.9413   0.5000   0.5328   0.1062   0.3400   0.7122 
---------------------------------------

--- Output Correlation Matrix (Snippet) ---
  1.0000   0.0111  -0.0267  -0.0267  -0.0210   0.0113   0.0004   0.0095 
  0.0111   1.0000  -0.0268   0.0110   0.0518  -0.0168   0.0241   0.0123 
 -0.0267  -0.0268   1.0000   0.0289   0.0020  -0.0170  -0.0226  -0.0030 
 -0.0267   0.0110   0.0289   1.0000   0.0178  -0.0459   0.0215  -0.0381 
 -0.0210   0.0518   0.0020   0.0178   1.0000   0.0124  -0.0130  -0.0079 
  0.0113  -0.0168  -0.0170  -0.0459   0.0124   1.0000   0.0043   0.0352 
  0.0004   0.0241  -0.0226   0.0215  -0.0130   0.0043   1.0000  -0.0296 
  0.0095   0.0123  -0.0030  -0.0381  -0.0079   0.0352  -0.0296   1.0000 
---------------------------------------

Execution Time: 0.011883 seconds
Exit code: 0
Extracted time: 0.011883

=== serial (N=100, M=1500, iter=3) ===
Executing Serial Version
Matrix Size: N=100, M=1500
--- Input Matrix (Snippet) ---
  0.1784   0.3997   0.1666   0.2121   0.0619   0.0541   0.2757   0.0478 
  0.5231   0.4570   0.4980   0.9980   0.9538   0.4599   0.6245   0.8193 
  0.6835   0.2185   0.1961   0.0248   0.6727   0.5442   0.9639   0.2818 
  0.6730   0.3860   0.7919   0.3859   0.4882   0.1123   0.5655   0.3819 
  0.1672   0.1685   0.5519   0.6728   0.6104   0.7387   0.7906   0.5769 
  0.2896   0.8828   0.9025   0.7990   0.6499   0.1416   0.2104   0.8247 
  0.4815   0.6118   0.5401   0.8225   0.6975   0.4157   0.2738   0.2554 
  0.5062   0.5588   0.9413   0.5000   0.5328   0.1062   0.3400   0.7122 
---------------------------------------

--- Output Correlation Matrix (Snippet) ---
  1.0000   0.0111  -0.0267  -0.0267  -0.0210   0.0113   0.0004   0.0095 
  0.0111   1.0000  -0.0268   0.0110   0.0518  -0.0168   0.0241   0.0123 
 -0.0267  -0.0268   1.0000   0.0289   0.0020  -0.0170  -0.0226  -0.0030 
 -0.0267   0.0110   0.0289   1.0000   0.0178  -0.0459   0.0215  -0.0381 
 -0.0210   0.0518   0.0020   0.0178   1.0000   0.0124  -0.0130  -0.0079 
  0.0113  -0.0168  -0.0170  -0.0459   0.0124   1.0000   0.0043   0.0352 
  0.0004   0.0241  -0.0226   0.0215  -0.0130   0.0043   1.0000  -0.0296 
  0.0095   0.0123  -0.0030  -0.0381  -0.0079   0.0352  -0.0296   1.0000 
---------------------------------------

Execution Time: 0.011841 seconds
Exit code: 0
Extracted time: 0.011841

=== serial (N=100, M=2000, iter=1) ===
Executing Serial Version
Matrix Size: N=100, M=2000
--- Input Matrix (Snippet) ---
  0.1784   0.3997   0.1666   0.2121   0.0619   0.0541   0.2757   0.0478 
  0.2355   0.3513   0.2187   0.2880   0.0186   0.3609   0.1549   0.3504 
  0.7361   0.6262   0.2348   0.0727   0.7465   0.0340   0.4242   0.2949 
  0.1672   0.1685   0.5519   0.6728   0.6104   0.7387   0.7906   0.5769 
  0.9290   0.7971   0.1292   0.8444   0.4470   0.9848   0.7467   0.6753 
  0.6577   0.0369   0.3331   0.8758   0.2217   0.6708   0.6280   0.0000 
  0.9311   0.2895   0.4608   0.4579   0.4643   0.0754   0.2606   0.6549 
  0.2649   0.2373   0.6548   0.4642   0.2228   0.6153   0.1826   0.9288 
---------------------------------------

--- Output Correlation Matrix (Snippet) ---
  1.0000  -0.0069  -0.0270  -0.0283   0.0410  -0.0121  -0.0445  -0.0154 
 -0.0069   1.0000   0.0227   0.0096  -0.0277  -0.0158   0.0245   0.0515 
 -0.0270   0.0227   1.0000   0.0181  -0.0084  -0.0181   0.0164   0.0039 
 -0.0283   0.0096   0.0181   1.0000  -0.0407   0.0316   0.0226   0.0055 
  0.0410  -0.0277  -0.0084  -0.0407   1.0000  -0.0453   0.0127  -0.0128 
 -0.0121  -0.0158  -0.0181   0.0316  -0.0453   1.0000  -0.0070  -0.0285 
 -0.0445   0.0245   0.0164   0.0226   0.0127  -0.0070   1.0000   0.0225 
 -0.0154   0.0515   0.0039   0.0055  -0.0128  -0.0285   0.0225   1.0000 
---------------------------------------

Execution Time: 0.013344 seconds
Exit code: 0
Extracted time: 0.013344

=== serial (N=100, M=2000, iter=2) ===
Executing Serial Version
Matrix Size: N=100, M=2000
--- Input Matrix (Snippet) ---
  0.1784   0.3997   0.1666   0.2121   0.0619   0.0541   0.2757   0.0478 
  0.2355   0.3513   0.2187   0.2880   0.0186   0.3609   0.1549   0.3504 
  0.7361   0.6262   0.2348   0.0727   0.7465   0.0340   0.4242   0.2949 
  0.1672   0.1685   0.5519   0.6728   0.6104   0.7387   0.7906   0.5769 
  0.9290   0.7971   0.1292   0.8444   0.4470   0.9848   0.7467   0.6753 
  0.6577   0.0369   0.3331   0.8758   0.2217   0.6708   0.6280   0.0000 
  0.9311   0.2895   0.4608   0.4579   0.4643   0.0754   0.2606   0.6549 
  0.2649   0.2373   0.6548   0.4642   0.2228   0.6153   0.1826   0.9288 
---------------------------------------

--- Output Correlation Matrix (Snippet) ---
  1.0000  -0.0069  -0.0270  -0.0283   0.0410  -0.0121  -0.0445  -0.0154 
 -0.0069   1.0000   0.0227   0.0096  -0.0277  -0.0158   0.0245   0.0515 
 -0.0270   0.0227   1.0000   0.0181  -0.0084  -0.0181   0.0164   0.0039 
 -0.0283   0.0096   0.0181   1.0000  -0.0407   0.0316   0.0226   0.0055 
  0.0410  -0.0277  -0.0084  -0.0407   1.0000  -0.0453   0.0127  -0.0128 
 -0.0121  -0.0158  -0.0181   0.0316  -0.0453   1.0000  -0.0070  -0.0285 
 -0.0445   0.0245   0.0164   0.0226   0.0127  -0.0070   1.0000   0.0225 
 -0.0154   0.0515   0.0039   0.0055  -0.0128  -0.0285   0.0225   1.0000 
---------------------------------------

Execution Time: 0.014713 seconds
Exit code: 0
Extracted time: 0.014713

=== serial (N=100, M=2000, iter=3) ===
Executing Serial Version
Matrix Size: N=100, M=2000
--- Input Matrix (Snippet) ---
  0.1784   0.3997   0.1666   0.2121   0.0619   0.0541   0.2757   0.0478 
  0.2355   0.3513   0.2187   0.2880   0.0186   0.3609   0.1549   0.3504 
  0.7361   0.6262   0.2348   0.0727   0.7465   0.0340   0.4242   0.2949 
  0.1672   0.1685   0.5519   0.6728   0.6104   0.7387   0.7906   0.5769 
  0.9290   0.7971   0.1292   0.8444   0.4470   0.9848   0.7467   0.6753 
  0.6577   0.0369   0.3331   0.8758   0.2217   0.6708   0.6280   0.0000 
  0.9311   0.2895   0.4608   0.4579   0.4643   0.0754   0.2606   0.6549 
  0.2649   0.2373   0.6548   0.4642   0.2228   0.6153   0.1826   0.9288 
---------------------------------------

--- Output Correlation Matrix (Snippet) ---
  1.0000  -0.0069  -0.0270  -0.0283   0.0410  -0.0121  -0.0445  -0.0154 
 -0.0069   1.0000   0.0227   0.0096  -0.0277  -0.0158   0.0245   0.0515 
 -0.0270   0.0227   1.0000   0.0181  -0.0084  -0.0181   0.0164   0.0039 
 -0.0283   0.0096   0.0181   1.0000  -0.0407   0.0316   0.0226   0.0055 
  0.0410  -0.0277  -0.0084  -0.0407   1.0000  -0.0453   0.0127  -0.0128 
 -0.0121  -0.0158  -0.0181   0.0316  -0.0453   1.0000  -0.0070  -0.0285 
 -0.0445   0.0245   0.0164   0.0226   0.0127  -0.0070   1.0000   0.0225 
 -0.0154   0.0515   0.0039   0.0055  -0.0128  -0.0285   0.0225   1.0000 
---------------------------------------

Execution Time: 0.015180 seconds
Exit code: 0
Extracted time: 0.015180

=== serial (N=100, M=2500, iter=1) ===
Executing Serial Version
Matrix Size: N=100, M=2500
--- Input Matrix (Snippet) ---
  0.1784   0.3997   0.1666   0.2121   0.0619   0.0541   0.2757   0.0478 
  0.2459   0.4850   0.0104   0.8695   0.6495   0.6553   0.0003   0.2781 
  0.9063   0.4440   0.7253   0.1379   0.7956   0.9051   0.0964   0.8206 
  0.2896   0.8828   0.9025   0.7990   0.6499   0.1416   0.2104   0.8247 
  0.6577   0.0369   0.3331   0.8758   0.2217   0.6708   0.6280   0.0000 
  0.0891   0.9237   0.8383   0.8221   0.7560   0.6990   0.3387   0.4892 
  0.7794   0.8132   0.7432   0.9474   0.3793   0.9794   0.6384   0.6187 
  0.0842   0.1832   0.3542   0.9223   0.4774   0.3511   0.6550   0.4676 
---------------------------------------

--- Output Correlation Matrix (Snippet) ---
  1.0000   0.0305  -0.0212   0.0233  -0.0160  -0.0192   0.0017  -0.0016 
  0.0305   1.0000   0.0092   0.0212   0.0022   0.0280  -0.0362  -0.0159 
 -0.0212   0.0092   1.0000  -0.0060   0.0119   0.0228  -0.0218  -0.0016 
  0.0233   0.0212  -0.0060   1.0000  -0.0190  -0.0385  -0.0178   0.0073 
 -0.0160   0.0022   0.0119  -0.0190   1.0000   0.0217   0.0011  -0.0372 
 -0.0192   0.0280   0.0228  -0.0385   0.0217   1.0000  -0.0358  -0.0005 
  0.0017  -0.0362  -0.0218  -0.0178   0.0011  -0.0358   1.0000   0.0276 
 -0.0016  -0.0159  -0.0016   0.0073  -0.0372  -0.0005   0.0276   1.0000 
---------------------------------------

Execution Time: 0.018141 seconds
Exit code: 0
Extracted time: 0.018141

=== serial (N=100, M=2500, iter=2) ===
Executing Serial Version
Matrix Size: N=100, M=2500
--- Input Matrix (Snippet) ---
  0.1784   0.3997   0.1666   0.2121   0.0619   0.0541   0.2757   0.0478 
  0.2459   0.4850   0.0104   0.8695   0.6495   0.6553   0.0003   0.2781 
  0.9063   0.4440   0.7253   0.1379   0.7956   0.9051   0.0964   0.8206 
  0.2896   0.8828   0.9025   0.7990   0.6499   0.1416   0.2104   0.8247 
  0.6577   0.0369   0.3331   0.8758   0.2217   0.6708   0.6280   0.0000 
  0.0891   0.9237   0.8383   0.8221   0.7560   0.6990   0.3387   0.4892 
  0.7794   0.8132   0.7432   0.9474   0.3793   0.9794   0.6384   0.6187 
  0.0842   0.1832   0.3542   0.9223   0.4774   0.3511   0.6550   0.4676 
---------------------------------------

--- Output Correlation Matrix (Snippet) ---
  1.0000   0.0305  -0.0212   0.0233  -0.0160  -0.0192   0.0017  -0.0016 
  0.0305   1.0000   0.0092   0.0212   0.0022   0.0280  -0.0362  -0.0159 
 -0.0212   0.0092   1.0000  -0.0060   0.0119   0.0228  -0.0218  -0.0016 
  0.0233   0.0212  -0.0060   1.0000  -0.0190  -0.0385  -0.0178   0.0073 
 -0.0160   0.0022   0.0119  -0.0190   1.0000   0.0217   0.0011  -0.0372 
 -0.0192   0.0280   0.0228  -0.0385   0.0217   1.0000  -0.0358  -0.0005 
  0.0017  -0.0362  -0.0218  -0.0178   0.0011  -0.0358   1.0000   0.0276 
 -0.0016  -0.0159  -0.0016   0.0073  -0.0372  -0.0005   0.0276   1.0000 
---------------------------------------

Execution Time: 0.017338 seconds
Exit code: 0
Extracted time: 0.017338

=== serial (N=100, M=2500, iter=3) ===
Executing Serial Version
Matrix Size: N=100, M=2500
--- Input Matrix (Snippet) ---
  0.1784   0.3997   0.1666   0.2121   0.0619   0.0541   0.2757   0.0478 
  0.2459   0.4850   0.0104   0.8695   0.6495   0.6553   0.0003   0.2781 
  0.9063   0.4440   0.7253   0.1379   0.7956   0.9051   0.0964   0.8206 
  0.2896   0.8828   0.9025   0.7990   0.6499   0.1416   0.2104   0.8247 
  0.6577   0.0369   0.3331   0.8758   0.2217   0.6708   0.6280   0.0000 
  0.0891   0.9237   0.8383   0.8221   0.7560   0.6990   0.3387   0.4892 
  0.7794   0.8132   0.7432   0.9474   0.3793   0.9794   0.6384   0.6187 
  0.0842   0.1832   0.3542   0.9223   0.4774   0.3511   0.6550   0.4676 
---------------------------------------

--- Output Correlation Matrix (Snippet) ---
  1.0000   0.0305  -0.0212   0.0233  -0.0160  -0.0192   0.0017  -0.0016 
  0.0305   1.0000   0.0092   0.0212   0.0022   0.0280  -0.0362  -0.0159 
 -0.0212   0.0092   1.0000  -0.0060   0.0119   0.0228  -0.0218  -0.0016 
  0.0233   0.0212  -0.0060   1.0000  -0.0190  -0.0385  -0.0178   0.0073 
 -0.0160   0.0022   0.0119  -0.0190   1.0000   0.0217   0.0011  -0.0372 
 -0.0192   0.0280   0.0228  -0.0385   0.0217   1.0000  -0.0358  -0.0005 
  0.0017  -0.0362  -0.0218  -0.0178   0.0011  -0.0358   1.0000   0.0276 
 -0.0016  -0.0159  -0.0016   0.0073  -0.0372  -0.0005   0.0276   1.0000 
---------------------------------------

Execution Time: 0.016929 seconds
Exit code: 0
Extracted time: 0.016929

=== serial (N=100, M=3000, iter=1) ===
Executing Serial Version
Matrix Size: N=100, M=3000
--- Input Matrix (Snippet) ---
  0.1784   0.3997   0.1666   0.2121   0.0619   0.0541   0.2757   0.0478 
  0.6835   0.2185   0.1961   0.0248   0.6727   0.5442   0.9639   0.2818 
  0.1672   0.1685   0.5519   0.6728   0.6104   0.7387   0.7906   0.5769 
  0.4815   0.6118   0.5401   0.8225   0.6975   0.4157   0.2738   0.2554 
  0.9311   0.2895   0.4608   0.4579   0.4643   0.0754   0.2606   0.6549 
  0.7794   0.8132   0.7432   0.9474   0.3793   0.9794   0.6384   0.6187 
  0.1583   0.6916   0.6599   0.6962   0.3418   0.4218   0.2080   0.0566 
  0.5013   0.8661   0.8181   0.8221   0.2707   0.8748   0.9764   0.6529 
---------------------------------------

--- Output Correlation Matrix (Snippet) ---
  1.0000  -0.0079  -0.0189   0.0064  -0.0058   0.0126   0.0067  -0.0029 
 -0.0079   1.0000  -0.0219  -0.0305  -0.0129   0.0147  -0.0086   0.0305 
 -0.0189  -0.0219   1.0000   0.0110   0.0151   0.0069  -0.0076   0.0224 
  0.0064  -0.0305   0.0110   1.0000  -0.0143   0.0036   0.0036  -0.0167 
 -0.0058  -0.0129   0.0151  -0.0143   1.0000   0.0173  -0.0375  -0.0020 
  0.0126   0.0147   0.0069   0.0036   0.0173   1.0000  -0.0245   0.0187 
  0.0067  -0.0086  -0.0076   0.0036  -0.0375  -0.0245   1.0000  -0.0087 
 -0.0029   0.0305   0.0224  -0.0167  -0.0020   0.0187  -0.0087   1.0000 
---------------------------------------

Execution Time: 0.024406 seconds
Exit code: 0
Extracted time: 0.024406

=== serial (N=100, M=3000, iter=2) ===
Executing Serial Version
Matrix Size: N=100, M=3000
--- Input Matrix (Snippet) ---
  0.1784   0.3997   0.1666   0.2121   0.0619   0.0541   0.2757   0.0478 
  0.6835   0.2185   0.1961   0.0248   0.6727   0.5442   0.9639   0.2818 
  0.1672   0.1685   0.5519   0.6728   0.6104   0.7387   0.7906   0.5769 
  0.4815   0.6118   0.5401   0.8225   0.6975   0.4157   0.2738   0.2554 
  0.9311   0.2895   0.4608   0.4579   0.4643   0.0754   0.2606   0.6549 
  0.7794   0.8132   0.7432   0.9474   0.3793   0.9794   0.6384   0.6187 
  0.1583   0.6916   0.6599   0.6962   0.3418   0.4218   0.2080   0.0566 
  0.5013   0.8661   0.8181   0.8221   0.2707   0.8748   0.9764   0.6529 
---------------------------------------

--- Output Correlation Matrix (Snippet) ---
  1.0000  -0.0079  -0.0189   0.0064  -0.0058   0.0126   0.0067  -0.0029 
 -0.0079   1.0000  -0.0219  -0.0305  -0.0129   0.0147  -0.0086   0.0305 
 -0.0189  -0.0219   1.0000   0.0110   0.0151   0.0069  -0.0076   0.0224 
  0.0064  -0.0305   0.0110   1.0000  -0.0143   0.0036   0.0036  -0.0167 
 -0.0058  -0.0129   0.0151  -0.0143   1.0000   0.0173  -0.0375  -0.0020 
  0.0126   0.0147   0.0069   0.0036   0.0173   1.0000  -0.0245   0.0187 
  0.0067  -0.0086  -0.0076   0.0036  -0.0375  -0.0245   1.0000  -0.0087 
 -0.0029   0.0305   0.0224  -0.0167  -0.0020   0.0187  -0.0087   1.0000 
---------------------------------------

Execution Time: 0.019635 seconds
Exit code: 0
Extracted time: 0.019635

=== serial (N=100, M=3000, iter=3) ===
Executing Serial Version
Matrix Size: N=100, M=3000
--- Input Matrix (Snippet) ---
  0.1784   0.3997   0.1666   0.2121   0.0619   0.0541   0.2757   0.0478 
  0.6835   0.2185   0.1961   0.0248   0.6727   0.5442   0.9639   0.2818 
  0.1672   0.1685   0.5519   0.6728   0.6104   0.7387   0.7906   0.5769 
  0.4815   0.6118   0.5401   0.8225   0.6975   0.4157   0.2738   0.2554 
  0.9311   0.2895   0.4608   0.4579   0.4643   0.0754   0.2606   0.6549 
  0.7794   0.8132   0.7432   0.9474   0.3793   0.9794   0.6384   0.6187 
  0.1583   0.6916   0.6599   0.6962   0.3418   0.4218   0.2080   0.0566 
  0.5013   0.8661   0.8181   0.8221   0.2707   0.8748   0.9764   0.6529 
---------------------------------------

--- Output Correlation Matrix (Snippet) ---
  1.0000  -0.0079  -0.0189   0.0064  -0.0058   0.0126   0.0067  -0.0029 
 -0.0079   1.0000  -0.0219  -0.0305  -0.0129   0.0147  -0.0086   0.0305 
 -0.0189  -0.0219   1.0000   0.0110   0.0151   0.0069  -0.0076   0.0224 
  0.0064  -0.0305   0.0110   1.0000  -0.0143   0.0036   0.0036  -0.0167 
 -0.0058  -0.0129   0.0151  -0.0143   1.0000   0.0173  -0.0375  -0.0020 
  0.0126   0.0147   0.0069   0.0036   0.0173   1.0000  -0.0245   0.0187 
  0.0067  -0.0086  -0.0076   0.0036  -0.0375  -0.0245   1.0000  -0.0087 
 -0.0029   0.0305   0.0224  -0.0167  -0.0020   0.0187  -0.0087   1.0000 
---------------------------------------

Execution Time: 0.023268 seconds
Exit code: 0
Extracted time: 0.023268

=== serial (N=200, M=500, iter=1) ===
Executing Serial Version
Matrix Size: N=200, M=500
--- Input Matrix (Snippet) ---
  0.1784   0.3997   0.1666   0.2121   0.0619   0.0541   0.2757   0.0478 
  0.7832   0.1713   0.3731   0.1762   0.4492   0.9714   0.9770   0.4063 
  0.8579   0.2793   0.3497   0.6058   0.0737   0.1928   0.5753   0.2738 
  0.5231   0.4570   0.4980   0.9980   0.9538   0.4599   0.6245   0.8193 
  0.2355   0.3513   0.2187   0.2880   0.0186   0.3609   0.1549   0.3504 
  0.2459   0.4850   0.0104   0.8695   0.6495   0.6553   0.0003   0.2781 
  0.6835   0.2185   0.1961   0.0248   0.6727   0.5442   0.9639   0.2818 
  0.7949   0.9540   0.3739   0.6583   0.6555   0.8941   0.8713   0.9372 
---------------------------------------

--- Output Correlation Matrix (Snippet) ---
  1.0000   0.0256   0.0236  -0.0521   0.0384   0.0583   0.0019  -0.0393 
  0.0256   1.0000  -0.0126  -0.0000   0.0707   0.0208   0.0440  -0.0621 
  0.0236  -0.0126   1.0000  -0.0210  -0.0033   0.0142  -0.0386   0.0410 
 -0.0521  -0.0000  -0.0210   1.0000   0.0182   0.0262  -0.0804  -0.0467 
  0.0384   0.0707  -0.0033   0.0182   1.0000   0.0061  -0.0249  -0.0272 
  0.0583   0.0208   0.0142   0.0262   0.0061   1.0000  -0.1227   0.0816 
  0.0019   0.0440  -0.0386  -0.0804  -0.0249  -0.1227   1.0000   0.0038 
 -0.0393  -0.0621   0.0410  -0.0467  -0.0272   0.0816   0.0038   1.0000 
---------------------------------------

Execution Time: 0.014716 seconds
Exit code: 0
Extracted time: 0.014716

=== serial (N=200, M=500, iter=2) ===
Executing Serial Version
Matrix Size: N=200, M=500
--- Input Matrix (Snippet) ---
  0.1784   0.3997   0.1666   0.2121   0.0619   0.0541   0.2757   0.0478 
  0.7832   0.1713   0.3731   0.1762   0.4492   0.9714   0.9770   0.4063 
  0.8579   0.2793   0.3497   0.6058   0.0737   0.1928   0.5753   0.2738 
  0.5231   0.4570   0.4980   0.9980   0.9538   0.4599   0.6245   0.8193 
  0.2355   0.3513   0.2187   0.2880   0.0186   0.3609   0.1549   0.3504 
  0.2459   0.4850   0.0104   0.8695   0.6495   0.6553   0.0003   0.2781 
  0.6835   0.2185   0.1961   0.0248   0.6727   0.5442   0.9639   0.2818 
  0.7949   0.9540   0.3739   0.6583   0.6555   0.8941   0.8713   0.9372 
---------------------------------------

--- Output Correlation Matrix (Snippet) ---
  1.0000   0.0256   0.0236  -0.0521   0.0384   0.0583   0.0019  -0.0393 
  0.0256   1.0000  -0.0126  -0.0000   0.0707   0.0208   0.0440  -0.0621 
  0.0236  -0.0126   1.0000  -0.0210  -0.0033   0.0142  -0.0386   0.0410 
 -0.0521  -0.0000  -0.0210   1.0000   0.0182   0.0262  -0.0804  -0.0467 
  0.0384   0.0707  -0.0033   0.0182   1.0000   0.0061  -0.0249  -0.0272 
  0.0583   0.0208   0.0142   0.0262   0.0061   1.0000  -0.1227   0.0816 
  0.0019   0.0440  -0.0386  -0.0804  -0.0249  -0.1227   1.0000   0.0038 
 -0.0393  -0.0621   0.0410  -0.0467  -0.0272   0.0816   0.0038   1.0000 
---------------------------------------

Execution Time: 0.014232 seconds
Exit code: 0
Extracted time: 0.014232

=== serial (N=200, M=500, iter=3) ===
Executing Serial Version
Matrix Size: N=200, M=500
--- Input Matrix (Snippet) ---
  0.1784   0.3997   0.1666   0.2121   0.0619   0.0541   0.2757   0.0478 
  0.7832   0.1713   0.3731   0.1762   0.4492   0.9714   0.9770   0.4063 
  0.8579   0.2793   0.3497   0.6058   0.0737   0.1928   0.5753   0.2738 
  0.5231   0.4570   0.4980   0.9980   0.9538   0.4599   0.6245   0.8193 
  0.2355   0.3513   0.2187   0.2880   0.0186   0.3609   0.1549   0.3504 
  0.2459   0.4850   0.0104   0.8695   0.6495   0.6553   0.0003   0.2781 
  0.6835   0.2185   0.1961   0.0248   0.6727   0.5442   0.9639   0.2818 
  0.7949   0.9540   0.3739   0.6583   0.6555   0.8941   0.8713   0.9372 
---------------------------------------

--- Output Correlation Matrix (Snippet) ---
  1.0000   0.0256   0.0236  -0.0521   0.0384   0.0583   0.0019  -0.0393 
  0.0256   1.0000  -0.0126  -0.0000   0.0707   0.0208   0.0440  -0.0621 
  0.0236  -0.0126   1.0000  -0.0210  -0.0033   0.0142  -0.0386   0.0410 
 -0.0521  -0.0000  -0.0210   1.0000   0.0182   0.0262  -0.0804  -0.0467 
  0.0384   0.0707  -0.0033   0.0182   1.0000   0.0061  -0.0249  -0.0272 
  0.0583   0.0208   0.0142   0.0262   0.0061   1.0000  -0.1227   0.0816 
  0.0019   0.0440  -0.0386  -0.0804  -0.0249  -0.1227   1.0000   0.0038 
 -0.0393  -0.0621   0.0410  -0.0467  -0.0272   0.0816   0.0038   1.0000 
---------------------------------------

Execution Time: 0.014345 seconds
Exit code: 0
Extracted time: 0.014345

=== serial (N=200, M=1000, iter=1) ===
Executing Serial Version
Matrix Size: N=200, M=1000
--- Input Matrix (Snippet) ---
  0.1784   0.3997   0.1666   0.2121   0.0619   0.0541   0.2757   0.0478 
  0.8579   0.2793   0.3497   0.6058   0.0737   0.1928   0.5753   0.2738 
  0.2355   0.3513   0.2187   0.2880   0.0186   0.3609   0.1549   0.3504 
  0.6835   0.2185   0.1961   0.0248   0.6727   0.5442   0.9639   0.2818 
  0.7361   0.6262   0.2348   0.0727   0.7465   0.0340   0.4242   0.2949 
  0.9063   0.4440   0.7253   0.1379   0.7956   0.9051   0.0964   0.8206 
  0.1672   0.1685   0.5519   0.6728   0.6104   0.7387   0.7906   0.5769 
  0.3751   0.2483   0.8508   0.0803   0.3567   0.4930   0.2261   0.4608 
---------------------------------------

--- Output Correlation Matrix (Snippet) ---
  1.0000   0.0109   0.0293  -0.0304   0.0102   0.0139   0.0044  -0.0106 
  0.0109   1.0000   0.0119  -0.0427  -0.0041  -0.0632  -0.0605  -0.0605 
  0.0293   0.0119   1.0000   0.0276   0.0204   0.0119   0.0083   0.0077 
 -0.0304  -0.0427   0.0276   1.0000   0.0269   0.0239   0.0206   0.0100 
  0.0102  -0.0041   0.0204   0.0269   1.0000   0.0015  -0.0140  -0.0381 
  0.0139  -0.0632   0.0119   0.0239   0.0015   1.0000  -0.0124   0.0481 
  0.0044  -0.0605   0.0083   0.0206  -0.0140  -0.0124   1.0000   0.0370 
 -0.0106  -0.0605   0.0077   0.0100  -0.0381   0.0481   0.0370   1.0000 
---------------------------------------

Execution Time: 0.027672 seconds
Exit code: 0
Extracted time: 0.027672

=== serial (N=200, M=1000, iter=2) ===
Executing Serial Version
Matrix Size: N=200, M=1000
--- Input Matrix (Snippet) ---
  0.1784   0.3997   0.1666   0.2121   0.0619   0.0541   0.2757   0.0478 
  0.8579   0.2793   0.3497   0.6058   0.0737   0.1928   0.5753   0.2738 
  0.2355   0.3513   0.2187   0.2880   0.0186   0.3609   0.1549   0.3504 
  0.6835   0.2185   0.1961   0.0248   0.6727   0.5442   0.9639   0.2818 
  0.7361   0.6262   0.2348   0.0727   0.7465   0.0340   0.4242   0.2949 
  0.9063   0.4440   0.7253   0.1379   0.7956   0.9051   0.0964   0.8206 
  0.1672   0.1685   0.5519   0.6728   0.6104   0.7387   0.7906   0.5769 
  0.3751   0.2483   0.8508   0.0803   0.3567   0.4930   0.2261   0.4608 
---------------------------------------

--- Output Correlation Matrix (Snippet) ---
  1.0000   0.0109   0.0293  -0.0304   0.0102   0.0139   0.0044  -0.0106 
  0.0109   1.0000   0.0119  -0.0427  -0.0041  -0.0632  -0.0605  -0.0605 
  0.0293   0.0119   1.0000   0.0276   0.0204   0.0119   0.0083   0.0077 
 -0.0304  -0.0427   0.0276   1.0000   0.0269   0.0239   0.0206   0.0100 
  0.0102  -0.0041   0.0204   0.0269   1.0000   0.0015  -0.0140  -0.0381 
  0.0139  -0.0632   0.0119   0.0239   0.0015   1.0000  -0.0124   0.0481 
  0.0044  -0.0605   0.0083   0.0206  -0.0140  -0.0124   1.0000   0.0370 
 -0.0106  -0.0605   0.0077   0.0100  -0.0381   0.0481   0.0370   1.0000 
---------------------------------------

Execution Time: 0.027041 seconds
Exit code: 0
Extracted time: 0.027041

=== serial (N=200, M=1000, iter=3) ===
Executing Serial Version
Matrix Size: N=200, M=1000
--- Input Matrix (Snippet) ---
  0.1784   0.3997   0.1666   0.2121   0.0619   0.0541   0.2757   0.0478 
  0.8579   0.2793   0.3497   0.6058   0.0737   0.1928   0.5753   0.2738 
  0.2355   0.3513   0.2187   0.2880   0.0186   0.3609   0.1549   0.3504 
  0.6835   0.2185   0.1961   0.0248   0.6727   0.5442   0.9639   0.2818 
  0.7361   0.6262   0.2348   0.0727   0.7465   0.0340   0.4242   0.2949 
  0.9063   0.4440   0.7253   0.1379   0.7956   0.9051   0.0964   0.8206 
  0.1672   0.1685   0.5519   0.6728   0.6104   0.7387   0.7906   0.5769 
  0.3751   0.2483   0.8508   0.0803   0.3567   0.4930   0.2261   0.4608 
---------------------------------------

--- Output Correlation Matrix (Snippet) ---
  1.0000   0.0109   0.0293  -0.0304   0.0102   0.0139   0.0044  -0.0106 
  0.0109   1.0000   0.0119  -0.0427  -0.0041  -0.0632  -0.0605  -0.0605 
  0.0293   0.0119   1.0000   0.0276   0.0204   0.0119   0.0083   0.0077 
 -0.0304  -0.0427   0.0276   1.0000   0.0269   0.0239   0.0206   0.0100 
  0.0102  -0.0041   0.0204   0.0269   1.0000   0.0015  -0.0140  -0.0381 
  0.0139  -0.0632   0.0119   0.0239   0.0015   1.0000  -0.0124   0.0481 
  0.0044  -0.0605   0.0083   0.0206  -0.0140  -0.0124   1.0000   0.0370 
 -0.0106  -0.0605   0.0077   0.0100  -0.0381   0.0481   0.0370   1.0000 
---------------------------------------

Execution Time: 0.028019 seconds
Exit code: 0
Extracted time: 0.028019

=== serial (N=200, M=1500, iter=1) ===
Executing Serial Version
Matrix Size: N=200, M=1500
--- Input Matrix (Snippet) ---
  0.1784   0.3997   0.1666   0.2121   0.0619   0.0541   0.2757   0.0478 
  0.5231   0.4570   0.4980   0.9980   0.9538   0.4599   0.6245   0.8193 
  0.6835   0.2185   0.1961   0.0248   0.6727   0.5442   0.9639   0.2818 
  0.6730   0.3860   0.7919   0.3859   0.4882   0.1123   0.5655   0.3819 
  0.1672   0.1685   0.5519   0.6728   0.6104   0.7387   0.7906   0.5769 
  0.2896   0.8828   0.9025   0.7990   0.6499   0.1416   0.2104   0.8247 
  0.4815   0.6118   0.5401   0.8225   0.6975   0.4157   0.2738   0.2554 
  0.5062   0.5588   0.9413   0.5000   0.5328   0.1062   0.3400   0.7122 
---------------------------------------

--- Output Correlation Matrix (Snippet) ---
  1.0000   0.0111  -0.0267  -0.0267  -0.0210   0.0113   0.0004   0.0095 
  0.0111   1.0000  -0.0268   0.0110   0.0518  -0.0168   0.0241   0.0123 
 -0.0267  -0.0268   1.0000   0.0289   0.0020  -0.0170  -0.0226  -0.0030 
 -0.0267   0.0110   0.0289   1.0000   0.0178  -0.0459   0.0215  -0.0381 
 -0.0210   0.0518   0.0020   0.0178   1.0000   0.0124  -0.0130  -0.0079 
  0.0113  -0.0168  -0.0170  -0.0459   0.0124   1.0000   0.0043   0.0352 
  0.0004   0.0241  -0.0226   0.0215  -0.0130   0.0043   1.0000  -0.0296 
  0.0095   0.0123  -0.0030  -0.0381  -0.0079   0.0352  -0.0296   1.0000 
---------------------------------------

Execution Time: 0.041679 seconds
Exit code: 0
Extracted time: 0.041679

=== serial (N=200, M=1500, iter=2) ===
Executing Serial Version
Matrix Size: N=200, M=1500
--- Input Matrix (Snippet) ---
  0.1784   0.3997   0.1666   0.2121   0.0619   0.0541   0.2757   0.0478 
  0.5231   0.4570   0.4980   0.9980   0.9538   0.4599   0.6245   0.8193 
  0.6835   0.2185   0.1961   0.0248   0.6727   0.5442   0.9639   0.2818 
  0.6730   0.3860   0.7919   0.3859   0.4882   0.1123   0.5655   0.3819 
  0.1672   0.1685   0.5519   0.6728   0.6104   0.7387   0.7906   0.5769 
  0.2896   0.8828   0.9025   0.7990   0.6499   0.1416   0.2104   0.8247 
  0.4815   0.6118   0.5401   0.8225   0.6975   0.4157   0.2738   0.2554 
  0.5062   0.5588   0.9413   0.5000   0.5328   0.1062   0.3400   0.7122 
---------------------------------------

--- Output Correlation Matrix (Snippet) ---
  1.0000   0.0111  -0.0267  -0.0267  -0.0210   0.0113   0.0004   0.0095 
  0.0111   1.0000  -0.0268   0.0110   0.0518  -0.0168   0.0241   0.0123 
 -0.0267  -0.0268   1.0000   0.0289   0.0020  -0.0170  -0.0226  -0.0030 
 -0.0267   0.0110   0.0289   1.0000   0.0178  -0.0459   0.0215  -0.0381 
 -0.0210   0.0518   0.0020   0.0178   1.0000   0.0124  -0.0130  -0.0079 
  0.0113  -0.0168  -0.0170  -0.0459   0.0124   1.0000   0.0043   0.0352 
  0.0004   0.0241  -0.0226   0.0215  -0.0130   0.0043   1.0000  -0.0296 
  0.0095   0.0123  -0.0030  -0.0381  -0.0079   0.0352  -0.0296   1.0000 
---------------------------------------

Execution Time: 0.041735 seconds
Exit code: 0
Extracted time: 0.041735

=== serial (N=200, M=1500, iter=3) ===
Executing Serial Version
Matrix Size: N=200, M=1500
--- Input Matrix (Snippet) ---
  0.1784   0.3997   0.1666   0.2121   0.0619   0.0541   0.2757   0.0478 
  0.5231   0.4570   0.4980   0.9980   0.9538   0.4599   0.6245   0.8193 
  0.6835   0.2185   0.1961   0.0248   0.6727   0.5442   0.9639   0.2818 
  0.6730   0.3860   0.7919   0.3859   0.4882   0.1123   0.5655   0.3819 
  0.1672   0.1685   0.5519   0.6728   0.6104   0.7387   0.7906   0.5769 
  0.2896   0.8828   0.9025   0.7990   0.6499   0.1416   0.2104   0.8247 
  0.4815   0.6118   0.5401   0.8225   0.6975   0.4157   0.2738   0.2554 
  0.5062   0.5588   0.9413   0.5000   0.5328   0.1062   0.3400   0.7122 
---------------------------------------

--- Output Correlation Matrix (Snippet) ---
  1.0000   0.0111  -0.0267  -0.0267  -0.0210   0.0113   0.0004   0.0095 
  0.0111   1.0000  -0.0268   0.0110   0.0518  -0.0168   0.0241   0.0123 
 -0.0267  -0.0268   1.0000   0.0289   0.0020  -0.0170  -0.0226  -0.0030 
 -0.0267   0.0110   0.0289   1.0000   0.0178  -0.0459   0.0215  -0.0381 
 -0.0210   0.0518   0.0020   0.0178   1.0000   0.0124  -0.0130  -0.0079 
  0.0113  -0.0168  -0.0170  -0.0459   0.0124   1.0000   0.0043   0.0352 
  0.0004   0.0241  -0.0226   0.0215  -0.0130   0.0043   1.0000  -0.0296 
  0.0095   0.0123  -0.0030  -0.0381  -0.0079   0.0352  -0.0296   1.0000 
---------------------------------------

Execution Time: 0.040053 seconds
Exit code: 0
Extracted time: 0.040053

=== serial (N=200, M=2000, iter=1) ===
Executing Serial Version
Matrix Size: N=200, M=2000
--- Input Matrix (Snippet) ---
  0.1784   0.3997   0.1666   0.2121   0.0619   0.0541   0.2757   0.0478 
  0.2355   0.3513   0.2187   0.2880   0.0186   0.3609   0.1549   0.3504 
  0.7361   0.6262   0.2348   0.0727   0.7465   0.0340   0.4242   0.2949 
  0.1672   0.1685   0.5519   0.6728   0.6104   0.7387   0.7906   0.5769 
  0.9290   0.7971   0.1292   0.8444   0.4470   0.9848   0.7467   0.6753 
  0.6577   0.0369   0.3331   0.8758   0.2217   0.6708   0.6280   0.0000 
  0.9311   0.2895   0.4608   0.4579   0.4643   0.0754   0.2606   0.6549 
  0.2649   0.2373   0.6548   0.4642   0.2228   0.6153   0.1826   0.9288 
---------------------------------------

--- Output Correlation Matrix (Snippet) ---
  1.0000  -0.0069  -0.0270  -0.0283   0.0410  -0.0121  -0.0445  -0.0154 
 -0.0069   1.0000   0.0227   0.0096  -0.0277  -0.0158   0.0245   0.0515 
 -0.0270   0.0227   1.0000   0.0181  -0.0084  -0.0181   0.0164   0.0039 
 -0.0283   0.0096   0.0181   1.0000  -0.0407   0.0316   0.0226   0.0055 
  0.0410  -0.0277  -0.0084  -0.0407   1.0000  -0.0453   0.0127  -0.0128 
 -0.0121  -0.0158  -0.0181   0.0316  -0.0453   1.0000  -0.0070  -0.0285 
 -0.0445   0.0245   0.0164   0.0226   0.0127  -0.0070   1.0000   0.0225 
 -0.0154   0.0515   0.0039   0.0055  -0.0128  -0.0285   0.0225   1.0000 
---------------------------------------

Execution Time: 0.059688 seconds
Exit code: 0
Extracted time: 0.059688

=== serial (N=200, M=2000, iter=2) ===
Executing Serial Version
Matrix Size: N=200, M=2000
--- Input Matrix (Snippet) ---
  0.1784   0.3997   0.1666   0.2121   0.0619   0.0541   0.2757   0.0478 
  0.2355   0.3513   0.2187   0.2880   0.0186   0.3609   0.1549   0.3504 
  0.7361   0.6262   0.2348   0.0727   0.7465   0.0340   0.4242   0.2949 
  0.1672   0.1685   0.5519   0.6728   0.6104   0.7387   0.7906   0.5769 
  0.9290   0.7971   0.1292   0.8444   0.4470   0.9848   0.7467   0.6753 
  0.6577   0.0369   0.3331   0.8758   0.2217   0.6708   0.6280   0.0000 
  0.9311   0.2895   0.4608   0.4579   0.4643   0.0754   0.2606   0.6549 
  0.2649   0.2373   0.6548   0.4642   0.2228   0.6153   0.1826   0.9288 
---------------------------------------

--- Output Correlation Matrix (Snippet) ---
  1.0000  -0.0069  -0.0270  -0.0283   0.0410  -0.0121  -0.0445  -0.0154 
 -0.0069   1.0000   0.0227   0.0096  -0.0277  -0.0158   0.0245   0.0515 
 -0.0270   0.0227   1.0000   0.0181  -0.0084  -0.0181   0.0164   0.0039 
 -0.0283   0.0096   0.0181   1.0000  -0.0407   0.0316   0.0226   0.0055 
  0.0410  -0.0277  -0.0084  -0.0407   1.0000  -0.0453   0.0127  -0.0128 
 -0.0121  -0.0158  -0.0181   0.0316  -0.0453   1.0000  -0.0070  -0.0285 
 -0.0445   0.0245   0.0164   0.0226   0.0127  -0.0070   1.0000   0.0225 
 -0.0154   0.0515   0.0039   0.0055  -0.0128  -0.0285   0.0225   1.0000 
---------------------------------------

Execution Time: 0.055536 seconds
Exit code: 0
Extracted time: 0.055536

=== serial (N=200, M=2000, iter=3) ===
Executing Serial Version
Matrix Size: N=200, M=2000
--- Input Matrix (Snippet) ---
  0.1784   0.3997   0.1666   0.2121   0.0619   0.0541   0.2757   0.0478 
  0.2355   0.3513   0.2187   0.2880   0.0186   0.3609   0.1549   0.3504 
  0.7361   0.6262   0.2348   0.0727   0.7465   0.0340   0.4242   0.2949 
  0.1672   0.1685   0.5519   0.6728   0.6104   0.7387   0.7906   0.5769 
  0.9290   0.7971   0.1292   0.8444   0.4470   0.9848   0.7467   0.6753 
  0.6577   0.0369   0.3331   0.8758   0.2217   0.6708   0.6280   0.0000 
  0.9311   0.2895   0.4608   0.4579   0.4643   0.0754   0.2606   0.6549 
  0.2649   0.2373   0.6548   0.4642   0.2228   0.6153   0.1826   0.9288 
---------------------------------------

--- Output Correlation Matrix (Snippet) ---
  1.0000  -0.0069  -0.0270  -0.0283   0.0410  -0.0121  -0.0445  -0.0154 
 -0.0069   1.0000   0.0227   0.0096  -0.0277  -0.0158   0.0245   0.0515 
 -0.0270   0.0227   1.0000   0.0181  -0.0084  -0.0181   0.0164   0.0039 
 -0.0283   0.0096   0.0181   1.0000  -0.0407   0.0316   0.0226   0.0055 
  0.0410  -0.0277  -0.0084  -0.0407   1.0000  -0.0453   0.0127  -0.0128 
 -0.0121  -0.0158  -0.0181   0.0316  -0.0453   1.0000  -0.0070  -0.0285 
 -0.0445   0.0245   0.0164   0.0226   0.0127  -0.0070   1.0000   0.0225 
 -0.0154   0.0515   0.0039   0.0055  -0.0128  -0.0285   0.0225   1.0000 
---------------------------------------

Execution Time: 0.053181 seconds
Exit code: 0
Extracted time: 0.053181

=== serial (N=200, M=2500, iter=1) ===
Executing Serial Version
Matrix Size: N=200, M=2500
--- Input Matrix (Snippet) ---
  0.1784   0.3997   0.1666   0.2121   0.0619   0.0541   0.2757   0.0478 
  0.2459   0.4850   0.0104   0.8695   0.6495   0.6553   0.0003   0.2781 
  0.9063   0.4440   0.7253   0.1379   0.7956   0.9051   0.0964   0.8206 
  0.2896   0.8828   0.9025   0.7990   0.6499   0.1416   0.2104   0.8247 
  0.6577   0.0369   0.3331   0.8758   0.2217   0.6708   0.6280   0.0000 
  0.0891   0.9237   0.8383   0.8221   0.7560   0.6990   0.3387   0.4892 
  0.7794   0.8132   0.7432   0.9474   0.3793   0.9794   0.6384   0.6187 
  0.0842   0.1832   0.3542   0.9223   0.4774   0.3511   0.6550   0.4676 
---------------------------------------

--- Output Correlation Matrix (Snippet) ---
  1.0000   0.0305  -0.0212   0.0233  -0.0160  -0.0192   0.0017  -0.0016 
  0.0305   1.0000   0.0092   0.0212   0.0022   0.0280  -0.0362  -0.0159 
 -0.0212   0.0092   1.0000  -0.0060   0.0119   0.0228  -0.0218  -0.0016 
  0.0233   0.0212  -0.0060   1.0000  -0.0190  -0.0385  -0.0178   0.0073 
 -0.0160   0.0022   0.0119  -0.0190   1.0000   0.0217   0.0011  -0.0372 
 -0.0192   0.0280   0.0228  -0.0385   0.0217   1.0000  -0.0358  -0.0005 
  0.0017  -0.0362  -0.0218  -0.0178   0.0011  -0.0358   1.0000   0.0276 
 -0.0016  -0.0159  -0.0016   0.0073  -0.0372  -0.0005   0.0276   1.0000 
---------------------------------------

Execution Time: 0.072262 seconds
Exit code: 0
Extracted time: 0.072262

=== serial (N=200, M=2500, iter=2) ===
Executing Serial Version
Matrix Size: N=200, M=2500
--- Input Matrix (Snippet) ---
  0.1784   0.3997   0.1666   0.2121   0.0619   0.0541   0.2757   0.0478 
  0.2459   0.4850   0.0104   0.8695   0.6495   0.6553   0.0003   0.2781 
  0.9063   0.4440   0.7253   0.1379   0.7956   0.9051   0.0964   0.8206 
  0.2896   0.8828   0.9025   0.7990   0.6499   0.1416   0.2104   0.8247 
  0.6577   0.0369   0.3331   0.8758   0.2217   0.6708   0.6280   0.0000 
  0.0891   0.9237   0.8383   0.8221   0.7560   0.6990   0.3387   0.4892 
  0.7794   0.8132   0.7432   0.9474   0.3793   0.9794   0.6384   0.6187 
  0.0842   0.1832   0.3542   0.9223   0.4774   0.3511   0.6550   0.4676 
---------------------------------------

--- Output Correlation Matrix (Snippet) ---
  1.0000   0.0305  -0.0212   0.0233  -0.0160  -0.0192   0.0017  -0.0016 
  0.0305   1.0000   0.0092   0.0212   0.0022   0.0280  -0.0362  -0.0159 
 -0.0212   0.0092   1.0000  -0.0060   0.0119   0.0228  -0.0218  -0.0016 
  0.0233   0.0212  -0.0060   1.0000  -0.0190  -0.0385  -0.0178   0.0073 
 -0.0160   0.0022   0.0119  -0.0190   1.0000   0.0217   0.0011  -0.0372 
 -0.0192   0.0280   0.0228  -0.0385   0.0217   1.0000  -0.0358  -0.0005 
  0.0017  -0.0362  -0.0218  -0.0178   0.0011  -0.0358   1.0000   0.0276 
 -0.0016  -0.0159  -0.0016   0.0073  -0.0372  -0.0005   0.0276   1.0000 
---------------------------------------

Execution Time: 0.068530 seconds
Exit code: 0
Extracted time: 0.068530

=== serial (N=200, M=2500, iter=3) ===
Executing Serial Version
Matrix Size: N=200, M=2500
--- Input Matrix (Snippet) ---
  0.1784   0.3997   0.1666   0.2121   0.0619   0.0541   0.2757   0.0478 
  0.2459   0.4850   0.0104   0.8695   0.6495   0.6553   0.0003   0.2781 
  0.9063   0.4440   0.7253   0.1379   0.7956   0.9051   0.0964   0.8206 
  0.2896   0.8828   0.9025   0.7990   0.6499   0.1416   0.2104   0.8247 
  0.6577   0.0369   0.3331   0.8758   0.2217   0.6708   0.6280   0.0000 
  0.0891   0.9237   0.8383   0.8221   0.7560   0.6990   0.3387   0.4892 
  0.7794   0.8132   0.7432   0.9474   0.3793   0.9794   0.6384   0.6187 
  0.0842   0.1832   0.3542   0.9223   0.4774   0.3511   0.6550   0.4676 
---------------------------------------

--- Output Correlation Matrix (Snippet) ---
  1.0000   0.0305  -0.0212   0.0233  -0.0160  -0.0192   0.0017  -0.0016 
  0.0305   1.0000   0.0092   0.0212   0.0022   0.0280  -0.0362  -0.0159 
 -0.0212   0.0092   1.0000  -0.0060   0.0119   0.0228  -0.0218  -0.0016 
  0.0233   0.0212  -0.0060   1.0000  -0.0190  -0.0385  -0.0178   0.0073 
 -0.0160   0.0022   0.0119  -0.0190   1.0000   0.0217   0.0011  -0.0372 
 -0.0192   0.0280   0.0228  -0.0385   0.0217   1.0000  -0.0358  -0.0005 
  0.0017  -0.0362  -0.0218  -0.0178   0.0011  -0.0358   1.0000   0.0276 
 -0.0016  -0.0159  -0.0016   0.0073  -0.0372  -0.0005   0.0276   1.0000 
---------------------------------------

Execution Time: 0.065587 seconds
Exit code: 0
Extracted time: 0.065587

=== serial (N=200, M=3000, iter=1) ===
Executing Serial Version
Matrix Size: N=200, M=3000
--- Input Matrix (Snippet) ---
  0.1784   0.3997   0.1666   0.2121   0.0619   0.0541   0.2757   0.0478 
  0.6835   0.2185   0.1961   0.0248   0.6727   0.5442   0.9639   0.2818 
  0.1672   0.1685   0.5519   0.6728   0.6104   0.7387   0.7906   0.5769 
  0.4815   0.6118   0.5401   0.8225   0.6975   0.4157   0.2738   0.2554 
  0.9311   0.2895   0.4608   0.4579   0.4643   0.0754   0.2606   0.6549 
  0.7794   0.8132   0.7432   0.9474   0.3793   0.9794   0.6384   0.6187 
  0.1583   0.6916   0.6599   0.6962   0.3418   0.4218   0.2080   0.0566 
  0.5013   0.8661   0.8181   0.8221   0.2707   0.8748   0.9764   0.6529 
---------------------------------------

--- Output Correlation Matrix (Snippet) ---
  1.0000  -0.0079  -0.0189   0.0064  -0.0058   0.0126   0.0067  -0.0029 
 -0.0079   1.0000  -0.0219  -0.0305  -0.0129   0.0147  -0.0086   0.0305 
 -0.0189  -0.0219   1.0000   0.0110   0.0151   0.0069  -0.0076   0.0224 
  0.0064  -0.0305   0.0110   1.0000  -0.0143   0.0036   0.0036  -0.0167 
 -0.0058  -0.0129   0.0151  -0.0143   1.0000   0.0173  -0.0375  -0.0020 
  0.0126   0.0147   0.0069   0.0036   0.0173   1.0000  -0.0245   0.0187 
  0.0067  -0.0086  -0.0076   0.0036  -0.0375  -0.0245   1.0000  -0.0087 
 -0.0029   0.0305   0.0224  -0.0167  -0.0020   0.0187  -0.0087   1.0000 
---------------------------------------

Execution Time: 0.076041 seconds
Exit code: 0
Extracted time: 0.076041

=== serial (N=200, M=3000, iter=2) ===
Executing Serial Version
Matrix Size: N=200, M=3000
--- Input Matrix (Snippet) ---
  0.1784   0.3997   0.1666   0.2121   0.0619   0.0541   0.2757   0.0478 
  0.6835   0.2185   0.1961   0.0248   0.6727   0.5442   0.9639   0.2818 
  0.1672   0.1685   0.5519   0.6728   0.6104   0.7387   0.7906   0.5769 
  0.4815   0.6118   0.5401   0.8225   0.6975   0.4157   0.2738   0.2554 
  0.9311   0.2895   0.4608   0.4579   0.4643   0.0754   0.2606   0.6549 
  0.7794   0.8132   0.7432   0.9474   0.3793   0.9794   0.6384   0.6187 
  0.1583   0.6916   0.6599   0.6962   0.3418   0.4218   0.2080   0.0566 
  0.5013   0.8661   0.8181   0.8221   0.2707   0.8748   0.9764   0.6529 
---------------------------------------

--- Output Correlation Matrix (Snippet) ---
  1.0000  -0.0079  -0.0189   0.0064  -0.0058   0.0126   0.0067  -0.0029 
 -0.0079   1.0000  -0.0219  -0.0305  -0.0129   0.0147  -0.0086   0.0305 
 -0.0189  -0.0219   1.0000   0.0110   0.0151   0.0069  -0.0076   0.0224 
  0.0064  -0.0305   0.0110   1.0000  -0.0143   0.0036   0.0036  -0.0167 
 -0.0058  -0.0129   0.0151  -0.0143   1.0000   0.0173  -0.0375  -0.0020 
  0.0126   0.0147   0.0069   0.0036   0.0173   1.0000  -0.0245   0.0187 
  0.0067  -0.0086  -0.0076   0.0036  -0.0375  -0.0245   1.0000  -0.0087 
 -0.0029   0.0305   0.0224  -0.0167  -0.0020   0.0187  -0.0087   1.0000 
---------------------------------------

Execution Time: 0.077067 seconds
Exit code: 0
Extracted time: 0.077067

=== serial (N=200, M=3000, iter=3) ===
Executing Serial Version
Matrix Size: N=200, M=3000
--- Input Matrix (Snippet) ---
  0.1784   0.3997   0.1666   0.2121   0.0619   0.0541   0.2757   0.0478 
  0.6835   0.2185   0.1961   0.0248   0.6727   0.5442   0.9639   0.2818 
  0.1672   0.1685   0.5519   0.6728   0.6104   0.7387   0.7906   0.5769 
  0.4815   0.6118   0.5401   0.8225   0.6975   0.4157   0.2738   0.2554 
  0.9311   0.2895   0.4608   0.4579   0.4643   0.0754   0.2606   0.6549 
  0.7794   0.8132   0.7432   0.9474   0.3793   0.9794   0.6384   0.6187 
  0.1583   0.6916   0.6599   0.6962   0.3418   0.4218   0.2080   0.0566 
  0.5013   0.8661   0.8181   0.8221   0.2707   0.8748   0.9764   0.6529 
---------------------------------------

--- Output Correlation Matrix (Snippet) ---
  1.0000  -0.0079  -0.0189   0.0064  -0.0058   0.0126   0.0067  -0.0029 
 -0.0079   1.0000  -0.0219  -0.0305  -0.0129   0.0147  -0.0086   0.0305 
 -0.0189  -0.0219   1.0000   0.0110   0.0151   0.0069  -0.0076   0.0224 
  0.0064  -0.0305   0.0110   1.0000  -0.0143   0.0036   0.0036  -0.0167 
 -0.0058  -0.0129   0.0151  -0.0143   1.0000   0.0173  -0.0375  -0.0020 
  0.0126   0.0147   0.0069   0.0036   0.0173   1.0000  -0.0245   0.0187 
  0.0067  -0.0086  -0.0076   0.0036  -0.0375  -0.0245   1.0000  -0.0087 
 -0.0029   0.0305   0.0224  -0.0167  -0.0020   0.0187  -0.0087   1.0000 
---------------------------------------

Execution Time: 0.081452 seconds
Exit code: 0
Extracted time: 0.081452

=== serial (N=500, M=500, iter=1) ===
Executing Serial Version
Matrix Size: N=500, M=500
--- Input Matrix (Snippet) ---
  0.1784   0.3997   0.1666   0.2121   0.0619   0.0541   0.2757   0.0478 
  0.7832   0.1713   0.3731   0.1762   0.4492   0.9714   0.9770   0.4063 
  0.8579   0.2793   0.3497   0.6058   0.0737   0.1928   0.5753   0.2738 
  0.5231   0.4570   0.4980   0.9980   0.9538   0.4599   0.6245   0.8193 
  0.2355   0.3513   0.2187   0.2880   0.0186   0.3609   0.1549   0.3504 
  0.2459   0.4850   0.0104   0.8695   0.6495   0.6553   0.0003   0.2781 
  0.6835   0.2185   0.1961   0.0248   0.6727   0.5442   0.9639   0.2818 
  0.7949   0.9540   0.3739   0.6583   0.6555   0.8941   0.8713   0.9372 
---------------------------------------

--- Output Correlation Matrix (Snippet) ---
  1.0000   0.0256   0.0236  -0.0521   0.0384   0.0583   0.0019  -0.0393 
  0.0256   1.0000  -0.0126  -0.0000   0.0707   0.0208   0.0440  -0.0621 
  0.0236  -0.0126   1.0000  -0.0210  -0.0033   0.0142  -0.0386   0.0410 
 -0.0521  -0.0000  -0.0210   1.0000   0.0182   0.0262  -0.0804  -0.0467 
  0.0384   0.0707  -0.0033   0.0182   1.0000   0.0061  -0.0249  -0.0272 
  0.0583   0.0208   0.0142   0.0262   0.0061   1.0000  -0.1227   0.0816 
  0.0019   0.0440  -0.0386  -0.0804  -0.0249  -0.1227   1.0000   0.0038 
 -0.0393  -0.0621   0.0410  -0.0467  -0.0272   0.0816   0.0038   1.0000 
---------------------------------------

Execution Time: 0.090041 seconds
Exit code: 0
Extracted time: 0.090041

=== serial (N=500, M=500, iter=2) ===
Executing Serial Version
Matrix Size: N=500, M=500
--- Input Matrix (Snippet) ---
  0.1784   0.3997   0.1666   0.2121   0.0619   0.0541   0.2757   0.0478 
  0.7832   0.1713   0.3731   0.1762   0.4492   0.9714   0.9770   0.4063 
  0.8579   0.2793   0.3497   0.6058   0.0737   0.1928   0.5753   0.2738 
  0.5231   0.4570   0.4980   0.9980   0.9538   0.4599   0.6245   0.8193 
  0.2355   0.3513   0.2187   0.2880   0.0186   0.3609   0.1549   0.3504 
  0.2459   0.4850   0.0104   0.8695   0.6495   0.6553   0.0003   0.2781 
  0.6835   0.2185   0.1961   0.0248   0.6727   0.5442   0.9639   0.2818 
  0.7949   0.9540   0.3739   0.6583   0.6555   0.8941   0.8713   0.9372 
---------------------------------------

--- Output Correlation Matrix (Snippet) ---
  1.0000   0.0256   0.0236  -0.0521   0.0384   0.0583   0.0019  -0.0393 
  0.0256   1.0000  -0.0126  -0.0000   0.0707   0.0208   0.0440  -0.0621 
  0.0236  -0.0126   1.0000  -0.0210  -0.0033   0.0142  -0.0386   0.0410 
 -0.0521  -0.0000  -0.0210   1.0000   0.0182   0.0262  -0.0804  -0.0467 
  0.0384   0.0707  -0.0033   0.0182   1.0000   0.0061  -0.0249  -0.0272 
  0.0583   0.0208   0.0142   0.0262   0.0061   1.0000  -0.1227   0.0816 
  0.0019   0.0440  -0.0386  -0.0804  -0.0249  -0.1227   1.0000   0.0038 
 -0.0393  -0.0621   0.0410  -0.0467  -0.0272   0.0816   0.0038   1.0000 
---------------------------------------

Execution Time: 0.110688 seconds
Exit code: 0
Extracted time: 0.110688

=== serial (N=500, M=500, iter=3) ===
Executing Serial Version
Matrix Size: N=500, M=500
--- Input Matrix (Snippet) ---
  0.1784   0.3997   0.1666   0.2121   0.0619   0.0541   0.2757   0.0478 
  0.7832   0.1713   0.3731   0.1762   0.4492   0.9714   0.9770   0.4063 
  0.8579   0.2793   0.3497   0.6058   0.0737   0.1928   0.5753   0.2738 
  0.5231   0.4570   0.4980   0.9980   0.9538   0.4599   0.6245   0.8193 
  0.2355   0.3513   0.2187   0.2880   0.0186   0.3609   0.1549   0.3504 
  0.2459   0.4850   0.0104   0.8695   0.6495   0.6553   0.0003   0.2781 
  0.6835   0.2185   0.1961   0.0248   0.6727   0.5442   0.9639   0.2818 
  0.7949   0.9540   0.3739   0.6583   0.6555   0.8941   0.8713   0.9372 
---------------------------------------

--- Output Correlation Matrix (Snippet) ---
  1.0000   0.0256   0.0236  -0.0521   0.0384   0.0583   0.0019  -0.0393 
  0.0256   1.0000  -0.0126  -0.0000   0.0707   0.0208   0.0440  -0.0621 
  0.0236  -0.0126   1.0000  -0.0210  -0.0033   0.0142  -0.0386   0.0410 
 -0.0521  -0.0000  -0.0210   1.0000   0.0182   0.0262  -0.0804  -0.0467 
  0.0384   0.0707  -0.0033   0.0182   1.0000   0.0061  -0.0249  -0.0272 
  0.0583   0.0208   0.0142   0.0262   0.0061   1.0000  -0.1227   0.0816 
  0.0019   0.0440  -0.0386  -0.0804  -0.0249  -0.1227   1.0000   0.0038 
 -0.0393  -0.0621   0.0410  -0.0467  -0.0272   0.0816   0.0038   1.0000 
---------------------------------------

Execution Time: 0.082494 seconds
Exit code: 0
Extracted time: 0.082494

=== serial (N=500, M=1000, iter=1) ===
Executing Serial Version
Matrix Size: N=500, M=1000
--- Input Matrix (Snippet) ---
  0.1784   0.3997   0.1666   0.2121   0.0619   0.0541   0.2757   0.0478 
  0.8579   0.2793   0.3497   0.6058   0.0737   0.1928   0.5753   0.2738 
  0.2355   0.3513   0.2187   0.2880   0.0186   0.3609   0.1549   0.3504 
  0.6835   0.2185   0.1961   0.0248   0.6727   0.5442   0.9639   0.2818 
  0.7361   0.6262   0.2348   0.0727   0.7465   0.0340   0.4242   0.2949 
  0.9063   0.4440   0.7253   0.1379   0.7956   0.9051   0.0964   0.8206 
  0.1672   0.1685   0.5519   0.6728   0.6104   0.7387   0.7906   0.5769 
  0.3751   0.2483   0.8508   0.0803   0.3567   0.4930   0.2261   0.4608 
---------------------------------------

--- Output Correlation Matrix (Snippet) ---
  1.0000   0.0109   0.0293  -0.0304   0.0102   0.0139   0.0044  -0.0106 
  0.0109   1.0000   0.0119  -0.0427  -0.0041  -0.0632  -0.0605  -0.0605 
  0.0293   0.0119   1.0000   0.0276   0.0204   0.0119   0.0083   0.0077 
 -0.0304  -0.0427   0.0276   1.0000   0.0269   0.0239   0.0206   0.0100 
  0.0102  -0.0041   0.0204   0.0269   1.0000   0.0015  -0.0140  -0.0381 
  0.0139  -0.0632   0.0119   0.0239   0.0015   1.0000  -0.0124   0.0481 
  0.0044  -0.0605   0.0083   0.0206  -0.0140  -0.0124   1.0000   0.0370 
 -0.0106  -0.0605   0.0077   0.0100  -0.0381   0.0481   0.0370   1.0000 
---------------------------------------

Execution Time: 0.184602 seconds
Exit code: 0
Extracted time: 0.184602

=== serial (N=500, M=1000, iter=2) ===
Executing Serial Version
Matrix Size: N=500, M=1000
--- Input Matrix (Snippet) ---
  0.1784   0.3997   0.1666   0.2121   0.0619   0.0541   0.2757   0.0478 
  0.8579   0.2793   0.3497   0.6058   0.0737   0.1928   0.5753   0.2738 
  0.2355   0.3513   0.2187   0.2880   0.0186   0.3609   0.1549   0.3504 
  0.6835   0.2185   0.1961   0.0248   0.6727   0.5442   0.9639   0.2818 
  0.7361   0.6262   0.2348   0.0727   0.7465   0.0340   0.4242   0.2949 
  0.9063   0.4440   0.7253   0.1379   0.7956   0.9051   0.0964   0.8206 
  0.1672   0.1685   0.5519   0.6728   0.6104   0.7387   0.7906   0.5769 
  0.3751   0.2483   0.8508   0.0803   0.3567   0.4930   0.2261   0.4608 
---------------------------------------

--- Output Correlation Matrix (Snippet) ---
  1.0000   0.0109   0.0293  -0.0304   0.0102   0.0139   0.0044  -0.0106 
  0.0109   1.0000   0.0119  -0.0427  -0.0041  -0.0632  -0.0605  -0.0605 
  0.0293   0.0119   1.0000   0.0276   0.0204   0.0119   0.0083   0.0077 
 -0.0304  -0.0427   0.0276   1.0000   0.0269   0.0239   0.0206   0.0100 
  0.0102  -0.0041   0.0204   0.0269   1.0000   0.0015  -0.0140  -0.0381 
  0.0139  -0.0632   0.0119   0.0239   0.0015   1.0000  -0.0124   0.0481 
  0.0044  -0.0605   0.0083   0.0206  -0.0140  -0.0124   1.0000   0.0370 
 -0.0106  -0.0605   0.0077   0.0100  -0.0381   0.0481   0.0370   1.0000 
---------------------------------------

Execution Time: 0.167435 seconds
Exit code: 0
Extracted time: 0.167435

=== serial (N=500, M=1000, iter=3) ===
Executing Serial Version
Matrix Size: N=500, M=1000
--- Input Matrix (Snippet) ---
  0.1784   0.3997   0.1666   0.2121   0.0619   0.0541   0.2757   0.0478 
  0.8579   0.2793   0.3497   0.6058   0.0737   0.1928   0.5753   0.2738 
  0.2355   0.3513   0.2187   0.2880   0.0186   0.3609   0.1549   0.3504 
  0.6835   0.2185   0.1961   0.0248   0.6727   0.5442   0.9639   0.2818 
  0.7361   0.6262   0.2348   0.0727   0.7465   0.0340   0.4242   0.2949 
  0.9063   0.4440   0.7253   0.1379   0.7956   0.9051   0.0964   0.8206 
  0.1672   0.1685   0.5519   0.6728   0.6104   0.7387   0.7906   0.5769 
  0.3751   0.2483   0.8508   0.0803   0.3567   0.4930   0.2261   0.4608 
---------------------------------------

--- Output Correlation Matrix (Snippet) ---
  1.0000   0.0109   0.0293  -0.0304   0.0102   0.0139   0.0044  -0.0106 
  0.0109   1.0000   0.0119  -0.0427  -0.0041  -0.0632  -0.0605  -0.0605 
  0.0293   0.0119   1.0000   0.0276   0.0204   0.0119   0.0083   0.0077 
 -0.0304  -0.0427   0.0276   1.0000   0.0269   0.0239   0.0206   0.0100 
  0.0102  -0.0041   0.0204   0.0269   1.0000   0.0015  -0.0140  -0.0381 
  0.0139  -0.0632   0.0119   0.0239   0.0015   1.0000  -0.0124   0.0481 
  0.0044  -0.0605   0.0083   0.0206  -0.0140  -0.0124   1.0000   0.0370 
 -0.0106  -0.0605   0.0077   0.0100  -0.0381   0.0481   0.0370   1.0000 
---------------------------------------

Execution Time: 0.169631 seconds
Exit code: 0
Extracted time: 0.169631

=== serial (N=500, M=1500, iter=1) ===
Executing Serial Version
Matrix Size: N=500, M=1500
--- Input Matrix (Snippet) ---
  0.1784   0.3997   0.1666   0.2121   0.0619   0.0541   0.2757   0.0478 
  0.5231   0.4570   0.4980   0.9980   0.9538   0.4599   0.6245   0.8193 
  0.6835   0.2185   0.1961   0.0248   0.6727   0.5442   0.9639   0.2818 
  0.6730   0.3860   0.7919   0.3859   0.4882   0.1123   0.5655   0.3819 
  0.1672   0.1685   0.5519   0.6728   0.6104   0.7387   0.7906   0.5769 
  0.2896   0.8828   0.9025   0.7990   0.6499   0.1416   0.2104   0.8247 
  0.4815   0.6118   0.5401   0.8225   0.6975   0.4157   0.2738   0.2554 
  0.5062   0.5588   0.9413   0.5000   0.5328   0.1062   0.3400   0.7122 
---------------------------------------

--- Output Correlation Matrix (Snippet) ---
  1.0000   0.0111  -0.0267  -0.0267  -0.0210   0.0113   0.0004   0.0095 
  0.0111   1.0000  -0.0268   0.0110   0.0518  -0.0168   0.0241   0.0123 
 -0.0267  -0.0268   1.0000   0.0289   0.0020  -0.0170  -0.0226  -0.0030 
 -0.0267   0.0110   0.0289   1.0000   0.0178  -0.0459   0.0215  -0.0381 
 -0.0210   0.0518   0.0020   0.0178   1.0000   0.0124  -0.0130  -0.0079 
  0.0113  -0.0168  -0.0170  -0.0459   0.0124   1.0000   0.0043   0.0352 
  0.0004   0.0241  -0.0226   0.0215  -0.0130   0.0043   1.0000  -0.0296 
  0.0095   0.0123  -0.0030  -0.0381  -0.0079   0.0352  -0.0296   1.0000 
---------------------------------------

Execution Time: 0.253164 seconds
Exit code: 0
Extracted time: 0.253164

=== serial (N=500, M=1500, iter=2) ===
Executing Serial Version
Matrix Size: N=500, M=1500
--- Input Matrix (Snippet) ---
  0.1784   0.3997   0.1666   0.2121   0.0619   0.0541   0.2757   0.0478 
  0.5231   0.4570   0.4980   0.9980   0.9538   0.4599   0.6245   0.8193 
  0.6835   0.2185   0.1961   0.0248   0.6727   0.5442   0.9639   0.2818 
  0.6730   0.3860   0.7919   0.3859   0.4882   0.1123   0.5655   0.3819 
  0.1672   0.1685   0.5519   0.6728   0.6104   0.7387   0.7906   0.5769 
  0.2896   0.8828   0.9025   0.7990   0.6499   0.1416   0.2104   0.8247 
  0.4815   0.6118   0.5401   0.8225   0.6975   0.4157   0.2738   0.2554 
  0.5062   0.5588   0.9413   0.5000   0.5328   0.1062   0.3400   0.7122 
---------------------------------------

--- Output Correlation Matrix (Snippet) ---
  1.0000   0.0111  -0.0267  -0.0267  -0.0210   0.0113   0.0004   0.0095 
  0.0111   1.0000  -0.0268   0.0110   0.0518  -0.0168   0.0241   0.0123 
 -0.0267  -0.0268   1.0000   0.0289   0.0020  -0.0170  -0.0226  -0.0030 
 -0.0267   0.0110   0.0289   1.0000   0.0178  -0.0459   0.0215  -0.0381 
 -0.0210   0.0518   0.0020   0.0178   1.0000   0.0124  -0.0130  -0.0079 
  0.0113  -0.0168  -0.0170  -0.0459   0.0124   1.0000   0.0043   0.0352 
  0.0004   0.0241  -0.0226   0.0215  -0.0130   0.0043   1.0000  -0.0296 
  0.0095   0.0123  -0.0030  -0.0381  -0.0079   0.0352  -0.0296   1.0000 
---------------------------------------

Execution Time: 0.291648 seconds
Exit code: 0
Extracted time: 0.291648

=== serial (N=500, M=1500, iter=3) ===
Executing Serial Version
Matrix Size: N=500, M=1500
--- Input Matrix (Snippet) ---
  0.1784   0.3997   0.1666   0.2121   0.0619   0.0541   0.2757   0.0478 
  0.5231   0.4570   0.4980   0.9980   0.9538   0.4599   0.6245   0.8193 
  0.6835   0.2185   0.1961   0.0248   0.6727   0.5442   0.9639   0.2818 
  0.6730   0.3860   0.7919   0.3859   0.4882   0.1123   0.5655   0.3819 
  0.1672   0.1685   0.5519   0.6728   0.6104   0.7387   0.7906   0.5769 
  0.2896   0.8828   0.9025   0.7990   0.6499   0.1416   0.2104   0.8247 
  0.4815   0.6118   0.5401   0.8225   0.6975   0.4157   0.2738   0.2554 
  0.5062   0.5588   0.9413   0.5000   0.5328   0.1062   0.3400   0.7122 
---------------------------------------

--- Output Correlation Matrix (Snippet) ---
  1.0000   0.0111  -0.0267  -0.0267  -0.0210   0.0113   0.0004   0.0095 
  0.0111   1.0000  -0.0268   0.0110   0.0518  -0.0168   0.0241   0.0123 
 -0.0267  -0.0268   1.0000   0.0289   0.0020  -0.0170  -0.0226  -0.0030 
 -0.0267   0.0110   0.0289   1.0000   0.0178  -0.0459   0.0215  -0.0381 
 -0.0210   0.0518   0.0020   0.0178   1.0000   0.0124  -0.0130  -0.0079 
  0.0113  -0.0168  -0.0170  -0.0459   0.0124   1.0000   0.0043   0.0352 
  0.0004   0.0241  -0.0226   0.0215  -0.0130   0.0043   1.0000  -0.0296 
  0.0095   0.0123  -0.0030  -0.0381  -0.0079   0.0352  -0.0296   1.0000 
---------------------------------------

Execution Time: 0.255834 seconds
Exit code: 0
Extracted time: 0.255834

=== serial (N=500, M=2000, iter=1) ===
Executing Serial Version
Matrix Size: N=500, M=2000
--- Input Matrix (Snippet) ---
  0.1784   0.3997   0.1666   0.2121   0.0619   0.0541   0.2757   0.0478 
  0.2355   0.3513   0.2187   0.2880   0.0186   0.3609   0.1549   0.3504 
  0.7361   0.6262   0.2348   0.0727   0.7465   0.0340   0.4242   0.2949 
  0.1672   0.1685   0.5519   0.6728   0.6104   0.7387   0.7906   0.5769 
  0.9290   0.7971   0.1292   0.8444   0.4470   0.9848   0.7467   0.6753 
  0.6577   0.0369   0.3331   0.8758   0.2217   0.6708   0.6280   0.0000 
  0.9311   0.2895   0.4608   0.4579   0.4643   0.0754   0.2606   0.6549 
  0.2649   0.2373   0.6548   0.4642   0.2228   0.6153   0.1826   0.9288 
---------------------------------------

--- Output Correlation Matrix (Snippet) ---
  1.0000  -0.0069  -0.0270  -0.0283   0.0410  -0.0121  -0.0445  -0.0154 
 -0.0069   1.0000   0.0227   0.0096  -0.0277  -0.0158   0.0245   0.0515 
 -0.0270   0.0227   1.0000   0.0181  -0.0084  -0.0181   0.0164   0.0039 
 -0.0283   0.0096   0.0181   1.0000  -0.0407   0.0316   0.0226   0.0055 
  0.0410  -0.0277  -0.0084  -0.0407   1.0000  -0.0453   0.0127  -0.0128 
 -0.0121  -0.0158  -0.0181   0.0316  -0.0453   1.0000  -0.0070  -0.0285 
 -0.0445   0.0245   0.0164   0.0226   0.0127  -0.0070   1.0000   0.0225 
 -0.0154   0.0515   0.0039   0.0055  -0.0128  -0.0285   0.0225   1.0000 
---------------------------------------

Execution Time: 0.343729 seconds
Exit code: 0
Extracted time: 0.343729

=== serial (N=500, M=2000, iter=2) ===
Executing Serial Version
Matrix Size: N=500, M=2000
--- Input Matrix (Snippet) ---
  0.1784   0.3997   0.1666   0.2121   0.0619   0.0541   0.2757   0.0478 
  0.2355   0.3513   0.2187   0.2880   0.0186   0.3609   0.1549   0.3504 
  0.7361   0.6262   0.2348   0.0727   0.7465   0.0340   0.4242   0.2949 
  0.1672   0.1685   0.5519   0.6728   0.6104   0.7387   0.7906   0.5769 
  0.9290   0.7971   0.1292   0.8444   0.4470   0.9848   0.7467   0.6753 
  0.6577   0.0369   0.3331   0.8758   0.2217   0.6708   0.6280   0.0000 
  0.9311   0.2895   0.4608   0.4579   0.4643   0.0754   0.2606   0.6549 
  0.2649   0.2373   0.6548   0.4642   0.2228   0.6153   0.1826   0.9288 
---------------------------------------

--- Output Correlation Matrix (Snippet) ---
  1.0000  -0.0069  -0.0270  -0.0283   0.0410  -0.0121  -0.0445  -0.0154 
 -0.0069   1.0000   0.0227   0.0096  -0.0277  -0.0158   0.0245   0.0515 
 -0.0270   0.0227   1.0000   0.0181  -0.0084  -0.0181   0.0164   0.0039 
 -0.0283   0.0096   0.0181   1.0000  -0.0407   0.0316   0.0226   0.0055 
  0.0410  -0.0277  -0.0084  -0.0407   1.0000  -0.0453   0.0127  -0.0128 
 -0.0121  -0.0158  -0.0181   0.0316  -0.0453   1.0000  -0.0070  -0.0285 
 -0.0445   0.0245   0.0164   0.0226   0.0127  -0.0070   1.0000   0.0225 
 -0.0154   0.0515   0.0039   0.0055  -0.0128  -0.0285   0.0225   1.0000 
---------------------------------------

Execution Time: 0.339998 seconds
Exit code: 0
Extracted time: 0.339998

=== serial (N=500, M=2000, iter=3) ===
Executing Serial Version
Matrix Size: N=500, M=2000
--- Input Matrix (Snippet) ---
  0.1784   0.3997   0.1666   0.2121   0.0619   0.0541   0.2757   0.0478 
  0.2355   0.3513   0.2187   0.2880   0.0186   0.3609   0.1549   0.3504 
  0.7361   0.6262   0.2348   0.0727   0.7465   0.0340   0.4242   0.2949 
  0.1672   0.1685   0.5519   0.6728   0.6104   0.7387   0.7906   0.5769 
  0.9290   0.7971   0.1292   0.8444   0.4470   0.9848   0.7467   0.6753 
  0.6577   0.0369   0.3331   0.8758   0.2217   0.6708   0.6280   0.0000 
  0.9311   0.2895   0.4608   0.4579   0.4643   0.0754   0.2606   0.6549 
  0.2649   0.2373   0.6548   0.4642   0.2228   0.6153   0.1826   0.9288 
---------------------------------------

--- Output Correlation Matrix (Snippet) ---
  1.0000  -0.0069  -0.0270  -0.0283   0.0410  -0.0121  -0.0445  -0.0154 
 -0.0069   1.0000   0.0227   0.0096  -0.0277  -0.0158   0.0245   0.0515 
 -0.0270   0.0227   1.0000   0.0181  -0.0084  -0.0181   0.0164   0.0039 
 -0.0283   0.0096   0.0181   1.0000  -0.0407   0.0316   0.0226   0.0055 
  0.0410  -0.0277  -0.0084  -0.0407   1.0000  -0.0453   0.0127  -0.0128 
 -0.0121  -0.0158  -0.0181   0.0316  -0.0453   1.0000  -0.0070  -0.0285 
 -0.0445   0.0245   0.0164   0.0226   0.0127  -0.0070   1.0000   0.0225 
 -0.0154   0.0515   0.0039   0.0055  -0.0128  -0.0285   0.0225   1.0000 
---------------------------------------

Execution Time: 0.335768 seconds
Exit code: 0
Extracted time: 0.335768

=== serial (N=500, M=2500, iter=1) ===
Executing Serial Version
Matrix Size: N=500, M=2500
--- Input Matrix (Snippet) ---
  0.1784   0.3997   0.1666   0.2121   0.0619   0.0541   0.2757   0.0478 
  0.2459   0.4850   0.0104   0.8695   0.6495   0.6553   0.0003   0.2781 
  0.9063   0.4440   0.7253   0.1379   0.7956   0.9051   0.0964   0.8206 
  0.2896   0.8828   0.9025   0.7990   0.6499   0.1416   0.2104   0.8247 
  0.6577   0.0369   0.3331   0.8758   0.2217   0.6708   0.6280   0.0000 
  0.0891   0.9237   0.8383   0.8221   0.7560   0.6990   0.3387   0.4892 
  0.7794   0.8132   0.7432   0.9474   0.3793   0.9794   0.6384   0.6187 
  0.0842   0.1832   0.3542   0.9223   0.4774   0.3511   0.6550   0.4676 
---------------------------------------

--- Output Correlation Matrix (Snippet) ---
  1.0000   0.0305  -0.0212   0.0233  -0.0160  -0.0192   0.0017  -0.0016 
  0.0305   1.0000   0.0092   0.0212   0.0022   0.0280  -0.0362  -0.0159 
 -0.0212   0.0092   1.0000  -0.0060   0.0119   0.0228  -0.0218  -0.0016 
  0.0233   0.0212  -0.0060   1.0000  -0.0190  -0.0385  -0.0178   0.0073 
 -0.0160   0.0022   0.0119  -0.0190   1.0000   0.0217   0.0011  -0.0372 
 -0.0192   0.0280   0.0228  -0.0385   0.0217   1.0000  -0.0358  -0.0005 
  0.0017  -0.0362  -0.0218  -0.0178   0.0011  -0.0358   1.0000   0.0276 
 -0.0016  -0.0159  -0.0016   0.0073  -0.0372  -0.0005   0.0276   1.0000 
---------------------------------------

Execution Time: 0.459503 seconds
Exit code: 0
Extracted time: 0.459503

=== serial (N=500, M=2500, iter=2) ===
Executing Serial Version
Matrix Size: N=500, M=2500
--- Input Matrix (Snippet) ---
  0.1784   0.3997   0.1666   0.2121   0.0619   0.0541   0.2757   0.0478 
  0.2459   0.4850   0.0104   0.8695   0.6495   0.6553   0.0003   0.2781 
  0.9063   0.4440   0.7253   0.1379   0.7956   0.9051   0.0964   0.8206 
  0.2896   0.8828   0.9025   0.7990   0.6499   0.1416   0.2104   0.8247 
  0.6577   0.0369   0.3331   0.8758   0.2217   0.6708   0.6280   0.0000 
  0.0891   0.9237   0.8383   0.8221   0.7560   0.6990   0.3387   0.4892 
  0.7794   0.8132   0.7432   0.9474   0.3793   0.9794   0.6384   0.6187 
  0.0842   0.1832   0.3542   0.9223   0.4774   0.3511   0.6550   0.4676 
---------------------------------------

--- Output Correlation Matrix (Snippet) ---
  1.0000   0.0305  -0.0212   0.0233  -0.0160  -0.0192   0.0017  -0.0016 
  0.0305   1.0000   0.0092   0.0212   0.0022   0.0280  -0.0362  -0.0159 
 -0.0212   0.0092   1.0000  -0.0060   0.0119   0.0228  -0.0218  -0.0016 
  0.0233   0.0212  -0.0060   1.0000  -0.0190  -0.0385  -0.0178   0.0073 
 -0.0160   0.0022   0.0119  -0.0190   1.0000   0.0217   0.0011  -0.0372 
 -0.0192   0.0280   0.0228  -0.0385   0.0217   1.0000  -0.0358  -0.0005 
  0.0017  -0.0362  -0.0218  -0.0178   0.0011  -0.0358   1.0000   0.0276 
 -0.0016  -0.0159  -0.0016   0.0073  -0.0372  -0.0005   0.0276   1.0000 
---------------------------------------

Execution Time: 0.392291 seconds
Exit code: 0
Extracted time: 0.392291

=== serial (N=500, M=2500, iter=3) ===
Executing Serial Version
Matrix Size: N=500, M=2500
--- Input Matrix (Snippet) ---
  0.1784   0.3997   0.1666   0.2121   0.0619   0.0541   0.2757   0.0478 
  0.2459   0.4850   0.0104   0.8695   0.6495   0.6553   0.0003   0.2781 
  0.9063   0.4440   0.7253   0.1379   0.7956   0.9051   0.0964   0.8206 
  0.2896   0.8828   0.9025   0.7990   0.6499   0.1416   0.2104   0.8247 
  0.6577   0.0369   0.3331   0.8758   0.2217   0.6708   0.6280   0.0000 
  0.0891   0.9237   0.8383   0.8221   0.7560   0.6990   0.3387   0.4892 
  0.7794   0.8132   0.7432   0.9474   0.3793   0.9794   0.6384   0.6187 
  0.0842   0.1832   0.3542   0.9223   0.4774   0.3511   0.6550   0.4676 
---------------------------------------

--- Output Correlation Matrix (Snippet) ---
  1.0000   0.0305  -0.0212   0.0233  -0.0160  -0.0192   0.0017  -0.0016 
  0.0305   1.0000   0.0092   0.0212   0.0022   0.0280  -0.0362  -0.0159 
 -0.0212   0.0092   1.0000  -0.0060   0.0119   0.0228  -0.0218  -0.0016 
  0.0233   0.0212  -0.0060   1.0000  -0.0190  -0.0385  -0.0178   0.0073 
 -0.0160   0.0022   0.0119  -0.0190   1.0000   0.0217   0.0011  -0.0372 
 -0.0192   0.0280   0.0228  -0.0385   0.0217   1.0000  -0.0358  -0.0005 
  0.0017  -0.0362  -0.0218  -0.0178   0.0011  -0.0358   1.0000   0.0276 
 -0.0016  -0.0159  -0.0016   0.0073  -0.0372  -0.0005   0.0276   1.0000 
---------------------------------------

Execution Time: 0.408631 seconds
Exit code: 0
Extracted time: 0.408631

=== serial (N=500, M=3000, iter=1) ===
Executing Serial Version
Matrix Size: N=500, M=3000
--- Input Matrix (Snippet) ---
  0.1784   0.3997   0.1666   0.2121   0.0619   0.0541   0.2757   0.0478 
  0.6835   0.2185   0.1961   0.0248   0.6727   0.5442   0.9639   0.2818 
  0.1672   0.1685   0.5519   0.6728   0.6104   0.7387   0.7906   0.5769 
  0.4815   0.6118   0.5401   0.8225   0.6975   0.4157   0.2738   0.2554 
  0.9311   0.2895   0.4608   0.4579   0.4643   0.0754   0.2606   0.6549 
  0.7794   0.8132   0.7432   0.9474   0.3793   0.9794   0.6384   0.6187 
  0.1583   0.6916   0.6599   0.6962   0.3418   0.4218   0.2080   0.0566 
  0.5013   0.8661   0.8181   0.8221   0.2707   0.8748   0.9764   0.6529 
---------------------------------------

--- Output Correlation Matrix (Snippet) ---
  1.0000  -0.0079  -0.0189   0.0064  -0.0058   0.0126   0.0067  -0.0029 
 -0.0079   1.0000  -0.0219  -0.0305  -0.0129   0.0147  -0.0086   0.0305 
 -0.0189  -0.0219   1.0000   0.0110   0.0151   0.0069  -0.0076   0.0224 
  0.0064  -0.0305   0.0110   1.0000  -0.0143   0.0036   0.0036  -0.0167 
 -0.0058  -0.0129   0.0151  -0.0143   1.0000   0.0173  -0.0375  -0.0020 
  0.0126   0.0147   0.0069   0.0036   0.0173   1.0000  -0.0245   0.0187 
  0.0067  -0.0086  -0.0076   0.0036  -0.0375  -0.0245   1.0000  -0.0087 
 -0.0029   0.0305   0.0224  -0.0167  -0.0020   0.0187  -0.0087   1.0000 
---------------------------------------

Execution Time: 0.518832 seconds
Exit code: 0
Extracted time: 0.518832

=== serial (N=500, M=3000, iter=2) ===
Executing Serial Version
Matrix Size: N=500, M=3000
--- Input Matrix (Snippet) ---
  0.1784   0.3997   0.1666   0.2121   0.0619   0.0541   0.2757   0.0478 
  0.6835   0.2185   0.1961   0.0248   0.6727   0.5442   0.9639   0.2818 
  0.1672   0.1685   0.5519   0.6728   0.6104   0.7387   0.7906   0.5769 
  0.4815   0.6118   0.5401   0.8225   0.6975   0.4157   0.2738   0.2554 
  0.9311   0.2895   0.4608   0.4579   0.4643   0.0754   0.2606   0.6549 
  0.7794   0.8132   0.7432   0.9474   0.3793   0.9794   0.6384   0.6187 
  0.1583   0.6916   0.6599   0.6962   0.3418   0.4218   0.2080   0.0566 
  0.5013   0.8661   0.8181   0.8221   0.2707   0.8748   0.9764   0.6529 
---------------------------------------

--- Output Correlation Matrix (Snippet) ---
  1.0000  -0.0079  -0.0189   0.0064  -0.0058   0.0126   0.0067  -0.0029 
 -0.0079   1.0000  -0.0219  -0.0305  -0.0129   0.0147  -0.0086   0.0305 
 -0.0189  -0.0219   1.0000   0.0110   0.0151   0.0069  -0.0076   0.0224 
  0.0064  -0.0305   0.0110   1.0000  -0.0143   0.0036   0.0036  -0.0167 
 -0.0058  -0.0129   0.0151  -0.0143   1.0000   0.0173  -0.0375  -0.0020 
  0.0126   0.0147   0.0069   0.0036   0.0173   1.0000  -0.0245   0.0187 
  0.0067  -0.0086  -0.0076   0.0036  -0.0375  -0.0245   1.0000  -0.0087 
 -0.0029   0.0305   0.0224  -0.0167  -0.0020   0.0187  -0.0087   1.0000 
---------------------------------------

Execution Time: 0.496556 seconds
Exit code: 0
Extracted time: 0.496556

=== serial (N=500, M=3000, iter=3) ===
Executing Serial Version
Matrix Size: N=500, M=3000
--- Input Matrix (Snippet) ---
  0.1784   0.3997   0.1666   0.2121   0.0619   0.0541   0.2757   0.0478 
  0.6835   0.2185   0.1961   0.0248   0.6727   0.5442   0.9639   0.2818 
  0.1672   0.1685   0.5519   0.6728   0.6104   0.7387   0.7906   0.5769 
  0.4815   0.6118   0.5401   0.8225   0.6975   0.4157   0.2738   0.2554 
  0.9311   0.2895   0.4608   0.4579   0.4643   0.0754   0.2606   0.6549 
  0.7794   0.8132   0.7432   0.9474   0.3793   0.9794   0.6384   0.6187 
  0.1583   0.6916   0.6599   0.6962   0.3418   0.4218   0.2080   0.0566 
  0.5013   0.8661   0.8181   0.8221   0.2707   0.8748   0.9764   0.6529 
---------------------------------------

--- Output Correlation Matrix (Snippet) ---
  1.0000  -0.0079  -0.0189   0.0064  -0.0058   0.0126   0.0067  -0.0029 
 -0.0079   1.0000  -0.0219  -0.0305  -0.0129   0.0147  -0.0086   0.0305 
 -0.0189  -0.0219   1.0000   0.0110   0.0151   0.0069  -0.0076   0.0224 
  0.0064  -0.0305   0.0110   1.0000  -0.0143   0.0036   0.0036  -0.0167 
 -0.0058  -0.0129   0.0151  -0.0143   1.0000   0.0173  -0.0375  -0.0020 
  0.0126   0.0147   0.0069   0.0036   0.0173   1.0000  -0.0245   0.0187 
  0.0067  -0.0086  -0.0076   0.0036  -0.0375  -0.0245   1.0000  -0.0087 
 -0.0029   0.0305   0.0224  -0.0167  -0.0020   0.0187  -0.0087   1.0000 
---------------------------------------

Execution Time: 0.491799 seconds
Exit code: 0
Extracted time: 0.491799

=== serial (N=1000, M=500, iter=1) ===
Executing Serial Version
Matrix Size: N=1000, M=500
--- Input Matrix (Snippet) ---
  0.1784   0.3997   0.1666   0.2121   0.0619   0.0541   0.2757   0.0478 
  0.7832   0.1713   0.3731   0.1762   0.4492   0.9714   0.9770   0.4063 
  0.8579   0.2793   0.3497   0.6058   0.0737   0.1928   0.5753   0.2738 
  0.5231   0.4570   0.4980   0.9980   0.9538   0.4599   0.6245   0.8193 
  0.2355   0.3513   0.2187   0.2880   0.0186   0.3609   0.1549   0.3504 
  0.2459   0.4850   0.0104   0.8695   0.6495   0.6553   0.0003   0.2781 
  0.6835   0.2185   0.1961   0.0248   0.6727   0.5442   0.9639   0.2818 
  0.7949   0.9540   0.3739   0.6583   0.6555   0.8941   0.8713   0.9372 
---------------------------------------

--- Output Correlation Matrix (Snippet) ---
  1.0000   0.0256   0.0236  -0.0521   0.0384   0.0583   0.0019  -0.0393 
  0.0256   1.0000  -0.0126  -0.0000   0.0707   0.0208   0.0440  -0.0621 
  0.0236  -0.0126   1.0000  -0.0210  -0.0033   0.0142  -0.0386   0.0410 
 -0.0521  -0.0000  -0.0210   1.0000   0.0182   0.0262  -0.0804  -0.0467 
  0.0384   0.0707  -0.0033   0.0182   1.0000   0.0061  -0.0249  -0.0272 
  0.0583   0.0208   0.0142   0.0262   0.0061   1.0000  -0.1227   0.0816 
  0.0019   0.0440  -0.0386  -0.0804  -0.0249  -0.1227   1.0000   0.0038 
 -0.0393  -0.0621   0.0410  -0.0467  -0.0272   0.0816   0.0038   1.0000 
---------------------------------------

Execution Time: 0.335470 seconds
Exit code: 0
Extracted time: 0.335470

=== serial (N=1000, M=500, iter=2) ===
Executing Serial Version
Matrix Size: N=1000, M=500
--- Input Matrix (Snippet) ---
  0.1784   0.3997   0.1666   0.2121   0.0619   0.0541   0.2757   0.0478 
  0.7832   0.1713   0.3731   0.1762   0.4492   0.9714   0.9770   0.4063 
  0.8579   0.2793   0.3497   0.6058   0.0737   0.1928   0.5753   0.2738 
  0.5231   0.4570   0.4980   0.9980   0.9538   0.4599   0.6245   0.8193 
  0.2355   0.3513   0.2187   0.2880   0.0186   0.3609   0.1549   0.3504 
  0.2459   0.4850   0.0104   0.8695   0.6495   0.6553   0.0003   0.2781 
  0.6835   0.2185   0.1961   0.0248   0.6727   0.5442   0.9639   0.2818 
  0.7949   0.9540   0.3739   0.6583   0.6555   0.8941   0.8713   0.9372 
---------------------------------------

--- Output Correlation Matrix (Snippet) ---
  1.0000   0.0256   0.0236  -0.0521   0.0384   0.0583   0.0019  -0.0393 
  0.0256   1.0000  -0.0126  -0.0000   0.0707   0.0208   0.0440  -0.0621 
  0.0236  -0.0126   1.0000  -0.0210  -0.0033   0.0142  -0.0386   0.0410 
 -0.0521  -0.0000  -0.0210   1.0000   0.0182   0.0262  -0.0804  -0.0467 
  0.0384   0.0707  -0.0033   0.0182   1.0000   0.0061  -0.0249  -0.0272 
  0.0583   0.0208   0.0142   0.0262   0.0061   1.0000  -0.1227   0.0816 
  0.0019   0.0440  -0.0386  -0.0804  -0.0249  -0.1227   1.0000   0.0038 
 -0.0393  -0.0621   0.0410  -0.0467  -0.0272   0.0816   0.0038   1.0000 
---------------------------------------

Execution Time: 0.319949 seconds
Exit code: 0
Extracted time: 0.319949

=== serial (N=1000, M=500, iter=3) ===
Executing Serial Version
Matrix Size: N=1000, M=500
--- Input Matrix (Snippet) ---
  0.1784   0.3997   0.1666   0.2121   0.0619   0.0541   0.2757   0.0478 
  0.7832   0.1713   0.3731   0.1762   0.4492   0.9714   0.9770   0.4063 
  0.8579   0.2793   0.3497   0.6058   0.0737   0.1928   0.5753   0.2738 
  0.5231   0.4570   0.4980   0.9980   0.9538   0.4599   0.6245   0.8193 
  0.2355   0.3513   0.2187   0.2880   0.0186   0.3609   0.1549   0.3504 
  0.2459   0.4850   0.0104   0.8695   0.6495   0.6553   0.0003   0.2781 
  0.6835   0.2185   0.1961   0.0248   0.6727   0.5442   0.9639   0.2818 
  0.7949   0.9540   0.3739   0.6583   0.6555   0.8941   0.8713   0.9372 
---------------------------------------

--- Output Correlation Matrix (Snippet) ---
  1.0000   0.0256   0.0236  -0.0521   0.0384   0.0583   0.0019  -0.0393 
  0.0256   1.0000  -0.0126  -0.0000   0.0707   0.0208   0.0440  -0.0621 
  0.0236  -0.0126   1.0000  -0.0210  -0.0033   0.0142  -0.0386   0.0410 
 -0.0521  -0.0000  -0.0210   1.0000   0.0182   0.0262  -0.0804  -0.0467 
  0.0384   0.0707  -0.0033   0.0182   1.0000   0.0061  -0.0249  -0.0272 
  0.0583   0.0208   0.0142   0.0262   0.0061   1.0000  -0.1227   0.0816 
  0.0019   0.0440  -0.0386  -0.0804  -0.0249  -0.1227   1.0000   0.0038 
 -0.0393  -0.0621   0.0410  -0.0467  -0.0272   0.0816   0.0038   1.0000 
---------------------------------------

Execution Time: 0.313565 seconds
Exit code: 0
Extracted time: 0.313565

=== serial (N=1000, M=1000, iter=1) ===
Executing Serial Version
Matrix Size: N=1000, M=1000
--- Input Matrix (Snippet) ---
  0.1784   0.3997   0.1666   0.2121   0.0619   0.0541   0.2757   0.0478 
  0.8579   0.2793   0.3497   0.6058   0.0737   0.1928   0.5753   0.2738 
  0.2355   0.3513   0.2187   0.2880   0.0186   0.3609   0.1549   0.3504 
  0.6835   0.2185   0.1961   0.0248   0.6727   0.5442   0.9639   0.2818 
  0.7361   0.6262   0.2348   0.0727   0.7465   0.0340   0.4242   0.2949 
  0.9063   0.4440   0.7253   0.1379   0.7956   0.9051   0.0964   0.8206 
  0.1672   0.1685   0.5519   0.6728   0.6104   0.7387   0.7906   0.5769 
  0.3751   0.2483   0.8508   0.0803   0.3567   0.4930   0.2261   0.4608 
---------------------------------------

--- Output Correlation Matrix (Snippet) ---
  1.0000   0.0109   0.0293  -0.0304   0.0102   0.0139   0.0044  -0.0106 
  0.0109   1.0000   0.0119  -0.0427  -0.0041  -0.0632  -0.0605  -0.0605 
  0.0293   0.0119   1.0000   0.0276   0.0204   0.0119   0.0083   0.0077 
 -0.0304  -0.0427   0.0276   1.0000   0.0269   0.0239   0.0206   0.0100 
  0.0102  -0.0041   0.0204   0.0269   1.0000   0.0015  -0.0140  -0.0381 
  0.0139  -0.0632   0.0119   0.0239   0.0015   1.0000  -0.0124   0.0481 
  0.0044  -0.0605   0.0083   0.0206  -0.0140  -0.0124   1.0000   0.0370 
 -0.0106  -0.0605   0.0077   0.0100  -0.0381   0.0481   0.0370   1.0000 
---------------------------------------

Execution Time: 0.699942 seconds
Exit code: 0
Extracted time: 0.699942

=== serial (N=1000, M=1000, iter=2) ===
Executing Serial Version
Matrix Size: N=1000, M=1000
--- Input Matrix (Snippet) ---
  0.1784   0.3997   0.1666   0.2121   0.0619   0.0541   0.2757   0.0478 
  0.8579   0.2793   0.3497   0.6058   0.0737   0.1928   0.5753   0.2738 
  0.2355   0.3513   0.2187   0.2880   0.0186   0.3609   0.1549   0.3504 
  0.6835   0.2185   0.1961   0.0248   0.6727   0.5442   0.9639   0.2818 
  0.7361   0.6262   0.2348   0.0727   0.7465   0.0340   0.4242   0.2949 
  0.9063   0.4440   0.7253   0.1379   0.7956   0.9051   0.0964   0.8206 
  0.1672   0.1685   0.5519   0.6728   0.6104   0.7387   0.7906   0.5769 
  0.3751   0.2483   0.8508   0.0803   0.3567   0.4930   0.2261   0.4608 
---------------------------------------

--- Output Correlation Matrix (Snippet) ---
  1.0000   0.0109   0.0293  -0.0304   0.0102   0.0139   0.0044  -0.0106 
  0.0109   1.0000   0.0119  -0.0427  -0.0041  -0.0632  -0.0605  -0.0605 
  0.0293   0.0119   1.0000   0.0276   0.0204   0.0119   0.0083   0.0077 
 -0.0304  -0.0427   0.0276   1.0000   0.0269   0.0239   0.0206   0.0100 
  0.0102  -0.0041   0.0204   0.0269   1.0000   0.0015  -0.0140  -0.0381 
  0.0139  -0.0632   0.0119   0.0239   0.0015   1.0000  -0.0124   0.0481 
  0.0044  -0.0605   0.0083   0.0206  -0.0140  -0.0124   1.0000   0.0370 
 -0.0106  -0.0605   0.0077   0.0100  -0.0381   0.0481   0.0370   1.0000 
---------------------------------------

Execution Time: 0.626901 seconds
Exit code: 0
Extracted time: 0.626901

=== serial (N=1000, M=1000, iter=3) ===
Executing Serial Version
Matrix Size: N=1000, M=1000
--- Input Matrix (Snippet) ---
  0.1784   0.3997   0.1666   0.2121   0.0619   0.0541   0.2757   0.0478 
  0.8579   0.2793   0.3497   0.6058   0.0737   0.1928   0.5753   0.2738 
  0.2355   0.3513   0.2187   0.2880   0.0186   0.3609   0.1549   0.3504 
  0.6835   0.2185   0.1961   0.0248   0.6727   0.5442   0.9639   0.2818 
  0.7361   0.6262   0.2348   0.0727   0.7465   0.0340   0.4242   0.2949 
  0.9063   0.4440   0.7253   0.1379   0.7956   0.9051   0.0964   0.8206 
  0.1672   0.1685   0.5519   0.6728   0.6104   0.7387   0.7906   0.5769 
  0.3751   0.2483   0.8508   0.0803   0.3567   0.4930   0.2261   0.4608 
---------------------------------------

--- Output Correlation Matrix (Snippet) ---
  1.0000   0.0109   0.0293  -0.0304   0.0102   0.0139   0.0044  -0.0106 
  0.0109   1.0000   0.0119  -0.0427  -0.0041  -0.0632  -0.0605  -0.0605 
  0.0293   0.0119   1.0000   0.0276   0.0204   0.0119   0.0083   0.0077 
 -0.0304  -0.0427   0.0276   1.0000   0.0269   0.0239   0.0206   0.0100 
  0.0102  -0.0041   0.0204   0.0269   1.0000   0.0015  -0.0140  -0.0381 
  0.0139  -0.0632   0.0119   0.0239   0.0015   1.0000  -0.0124   0.0481 
  0.0044  -0.0605   0.0083   0.0206  -0.0140  -0.0124   1.0000   0.0370 
 -0.0106  -0.0605   0.0077   0.0100  -0.0381   0.0481   0.0370   1.0000 
---------------------------------------

Execution Time: 0.620251 seconds
Exit code: 0
Extracted time: 0.620251

=== serial (N=1000, M=1500, iter=1) ===
Executing Serial Version
Matrix Size: N=1000, M=1500
--- Input Matrix (Snippet) ---
  0.1784   0.3997   0.1666   0.2121   0.0619   0.0541   0.2757   0.0478 
  0.5231   0.4570   0.4980   0.9980   0.9538   0.4599   0.6245   0.8193 
  0.6835   0.2185   0.1961   0.0248   0.6727   0.5442   0.9639   0.2818 
  0.6730   0.3860   0.7919   0.3859   0.4882   0.1123   0.5655   0.3819 
  0.1672   0.1685   0.5519   0.6728   0.6104   0.7387   0.7906   0.5769 
  0.2896   0.8828   0.9025   0.7990   0.6499   0.1416   0.2104   0.8247 
  0.4815   0.6118   0.5401   0.8225   0.6975   0.4157   0.2738   0.2554 
  0.5062   0.5588   0.9413   0.5000   0.5328   0.1062   0.3400   0.7122 
---------------------------------------

--- Output Correlation Matrix (Snippet) ---
  1.0000   0.0111  -0.0267  -0.0267  -0.0210   0.0113   0.0004   0.0095 
  0.0111   1.0000  -0.0268   0.0110   0.0518  -0.0168   0.0241   0.0123 
 -0.0267  -0.0268   1.0000   0.0289   0.0020  -0.0170  -0.0226  -0.0030 
 -0.0267   0.0110   0.0289   1.0000   0.0178  -0.0459   0.0215  -0.0381 
 -0.0210   0.0518   0.0020   0.0178   1.0000   0.0124  -0.0130  -0.0079 
  0.0113  -0.0168  -0.0170  -0.0459   0.0124   1.0000   0.0043   0.0352 
  0.0004   0.0241  -0.0226   0.0215  -0.0130   0.0043   1.0000  -0.0296 
  0.0095   0.0123  -0.0030  -0.0381  -0.0079   0.0352  -0.0296   1.0000 
---------------------------------------

Execution Time: 0.954487 seconds
Exit code: 0
Extracted time: 0.954487

=== serial (N=1000, M=1500, iter=2) ===
Executing Serial Version
Matrix Size: N=1000, M=1500
--- Input Matrix (Snippet) ---
  0.1784   0.3997   0.1666   0.2121   0.0619   0.0541   0.2757   0.0478 
  0.5231   0.4570   0.4980   0.9980   0.9538   0.4599   0.6245   0.8193 
  0.6835   0.2185   0.1961   0.0248   0.6727   0.5442   0.9639   0.2818 
  0.6730   0.3860   0.7919   0.3859   0.4882   0.1123   0.5655   0.3819 
  0.1672   0.1685   0.5519   0.6728   0.6104   0.7387   0.7906   0.5769 
  0.2896   0.8828   0.9025   0.7990   0.6499   0.1416   0.2104   0.8247 
  0.4815   0.6118   0.5401   0.8225   0.6975   0.4157   0.2738   0.2554 
  0.5062   0.5588   0.9413   0.5000   0.5328   0.1062   0.3400   0.7122 
---------------------------------------

--- Output Correlation Matrix (Snippet) ---
  1.0000   0.0111  -0.0267  -0.0267  -0.0210   0.0113   0.0004   0.0095 
  0.0111   1.0000  -0.0268   0.0110   0.0518  -0.0168   0.0241   0.0123 
 -0.0267  -0.0268   1.0000   0.0289   0.0020  -0.0170  -0.0226  -0.0030 
 -0.0267   0.0110   0.0289   1.0000   0.0178  -0.0459   0.0215  -0.0381 
 -0.0210   0.0518   0.0020   0.0178   1.0000   0.0124  -0.0130  -0.0079 
  0.0113  -0.0168  -0.0170  -0.0459   0.0124   1.0000   0.0043   0.0352 
  0.0004   0.0241  -0.0226   0.0215  -0.0130   0.0043   1.0000  -0.0296 
  0.0095   0.0123  -0.0030  -0.0381  -0.0079   0.0352  -0.0296   1.0000 
---------------------------------------

Execution Time: 0.977724 seconds
Exit code: 0
Extracted time: 0.977724

=== serial (N=1000, M=1500, iter=3) ===
Executing Serial Version
Matrix Size: N=1000, M=1500
--- Input Matrix (Snippet) ---
  0.1784   0.3997   0.1666   0.2121   0.0619   0.0541   0.2757   0.0478 
  0.5231   0.4570   0.4980   0.9980   0.9538   0.4599   0.6245   0.8193 
  0.6835   0.2185   0.1961   0.0248   0.6727   0.5442   0.9639   0.2818 
  0.6730   0.3860   0.7919   0.3859   0.4882   0.1123   0.5655   0.3819 
  0.1672   0.1685   0.5519   0.6728   0.6104   0.7387   0.7906   0.5769 
  0.2896   0.8828   0.9025   0.7990   0.6499   0.1416   0.2104   0.8247 
  0.4815   0.6118   0.5401   0.8225   0.6975   0.4157   0.2738   0.2554 
  0.5062   0.5588   0.9413   0.5000   0.5328   0.1062   0.3400   0.7122 
---------------------------------------

--- Output Correlation Matrix (Snippet) ---
  1.0000   0.0111  -0.0267  -0.0267  -0.0210   0.0113   0.0004   0.0095 
  0.0111   1.0000  -0.0268   0.0110   0.0518  -0.0168   0.0241   0.0123 
 -0.0267  -0.0268   1.0000   0.0289   0.0020  -0.0170  -0.0226  -0.0030 
 -0.0267   0.0110   0.0289   1.0000   0.0178  -0.0459   0.0215  -0.0381 
 -0.0210   0.0518   0.0020   0.0178   1.0000   0.0124  -0.0130  -0.0079 
  0.0113  -0.0168  -0.0170  -0.0459   0.0124   1.0000   0.0043   0.0352 
  0.0004   0.0241  -0.0226   0.0215  -0.0130   0.0043   1.0000  -0.0296 
  0.0095   0.0123  -0.0030  -0.0381  -0.0079   0.0352  -0.0296   1.0000 
---------------------------------------

Execution Time: 0.991051 seconds
Exit code: 0
Extracted time: 0.991051

=== serial (N=1000, M=2000, iter=1) ===
Executing Serial Version
Matrix Size: N=1000, M=2000
--- Input Matrix (Snippet) ---
  0.1784   0.3997   0.1666   0.2121   0.0619   0.0541   0.2757   0.0478 
  0.2355   0.3513   0.2187   0.2880   0.0186   0.3609   0.1549   0.3504 
  0.7361   0.6262   0.2348   0.0727   0.7465   0.0340   0.4242   0.2949 
  0.1672   0.1685   0.5519   0.6728   0.6104   0.7387   0.7906   0.5769 
  0.9290   0.7971   0.1292   0.8444   0.4470   0.9848   0.7467   0.6753 
  0.6577   0.0369   0.3331   0.8758   0.2217   0.6708   0.6280   0.0000 
  0.9311   0.2895   0.4608   0.4579   0.4643   0.0754   0.2606   0.6549 
  0.2649   0.2373   0.6548   0.4642   0.2228   0.6153   0.1826   0.9288 
---------------------------------------

--- Output Correlation Matrix (Snippet) ---
  1.0000  -0.0069  -0.0270  -0.0283   0.0410  -0.0121  -0.0445  -0.0154 
 -0.0069   1.0000   0.0227   0.0096  -0.0277  -0.0158   0.0245   0.0515 
 -0.0270   0.0227   1.0000   0.0181  -0.0084  -0.0181   0.0164   0.0039 
 -0.0283   0.0096   0.0181   1.0000  -0.0407   0.0316   0.0226   0.0055 
  0.0410  -0.0277  -0.0084  -0.0407   1.0000  -0.0453   0.0127  -0.0128 
 -0.0121  -0.0158  -0.0181   0.0316  -0.0453   1.0000  -0.0070  -0.0285 
 -0.0445   0.0245   0.0164   0.0226   0.0127  -0.0070   1.0000   0.0225 
 -0.0154   0.0515   0.0039   0.0055  -0.0128  -0.0285   0.0225   1.0000 
---------------------------------------

Execution Time: 1.306364 seconds
Exit code: 0
Extracted time: 1.306364

=== serial (N=1000, M=2000, iter=2) ===
Executing Serial Version
Matrix Size: N=1000, M=2000
--- Input Matrix (Snippet) ---
  0.1784   0.3997   0.1666   0.2121   0.0619   0.0541   0.2757   0.0478 
  0.2355   0.3513   0.2187   0.2880   0.0186   0.3609   0.1549   0.3504 
  0.7361   0.6262   0.2348   0.0727   0.7465   0.0340   0.4242   0.2949 
  0.1672   0.1685   0.5519   0.6728   0.6104   0.7387   0.7906   0.5769 
  0.9290   0.7971   0.1292   0.8444   0.4470   0.9848   0.7467   0.6753 
  0.6577   0.0369   0.3331   0.8758   0.2217   0.6708   0.6280   0.0000 
  0.9311   0.2895   0.4608   0.4579   0.4643   0.0754   0.2606   0.6549 
  0.2649   0.2373   0.6548   0.4642   0.2228   0.6153   0.1826   0.9288 
---------------------------------------

--- Output Correlation Matrix (Snippet) ---
  1.0000  -0.0069  -0.0270  -0.0283   0.0410  -0.0121  -0.0445  -0.0154 
 -0.0069   1.0000   0.0227   0.0096  -0.0277  -0.0158   0.0245   0.0515 
 -0.0270   0.0227   1.0000   0.0181  -0.0084  -0.0181   0.0164   0.0039 
 -0.0283   0.0096   0.0181   1.0000  -0.0407   0.0316   0.0226   0.0055 
  0.0410  -0.0277  -0.0084  -0.0407   1.0000  -0.0453   0.0127  -0.0128 
 -0.0121  -0.0158  -0.0181   0.0316  -0.0453   1.0000  -0.0070  -0.0285 
 -0.0445   0.0245   0.0164   0.0226   0.0127  -0.0070   1.0000   0.0225 
 -0.0154   0.0515   0.0039   0.0055  -0.0128  -0.0285   0.0225   1.0000 
---------------------------------------

Execution Time: 1.305472 seconds
Exit code: 0
Extracted time: 1.305472

=== serial (N=1000, M=2000, iter=3) ===
Executing Serial Version
Matrix Size: N=1000, M=2000
--- Input Matrix (Snippet) ---
  0.1784   0.3997   0.1666   0.2121   0.0619   0.0541   0.2757   0.0478 
  0.2355   0.3513   0.2187   0.2880   0.0186   0.3609   0.1549   0.3504 
  0.7361   0.6262   0.2348   0.0727   0.7465   0.0340   0.4242   0.2949 
  0.1672   0.1685   0.5519   0.6728   0.6104   0.7387   0.7906   0.5769 
  0.9290   0.7971   0.1292   0.8444   0.4470   0.9848   0.7467   0.6753 
  0.6577   0.0369   0.3331   0.8758   0.2217   0.6708   0.6280   0.0000 
  0.9311   0.2895   0.4608   0.4579   0.4643   0.0754   0.2606   0.6549 
  0.2649   0.2373   0.6548   0.4642   0.2228   0.6153   0.1826   0.9288 
---------------------------------------

--- Output Correlation Matrix (Snippet) ---
  1.0000  -0.0069  -0.0270  -0.0283   0.0410  -0.0121  -0.0445  -0.0154 
 -0.0069   1.0000   0.0227   0.0096  -0.0277  -0.0158   0.0245   0.0515 
 -0.0270   0.0227   1.0000   0.0181  -0.0084  -0.0181   0.0164   0.0039 
 -0.0283   0.0096   0.0181   1.0000  -0.0407   0.0316   0.0226   0.0055 
  0.0410  -0.0277  -0.0084  -0.0407   1.0000  -0.0453   0.0127  -0.0128 
 -0.0121  -0.0158  -0.0181   0.0316  -0.0453   1.0000  -0.0070  -0.0285 
 -0.0445   0.0245   0.0164   0.0226   0.0127  -0.0070   1.0000   0.0225 
 -0.0154   0.0515   0.0039   0.0055  -0.0128  -0.0285   0.0225   1.0000 
---------------------------------------

Execution Time: 1.266547 seconds
Exit code: 0
Extracted time: 1.266547

=== serial (N=1000, M=2500, iter=1) ===
Executing Serial Version
Matrix Size: N=1000, M=2500
--- Input Matrix (Snippet) ---
  0.1784   0.3997   0.1666   0.2121   0.0619   0.0541   0.2757   0.0478 
  0.2459   0.4850   0.0104   0.8695   0.6495   0.6553   0.0003   0.2781 
  0.9063   0.4440   0.7253   0.1379   0.7956   0.9051   0.0964   0.8206 
  0.2896   0.8828   0.9025   0.7990   0.6499   0.1416   0.2104   0.8247 
  0.6577   0.0369   0.3331   0.8758   0.2217   0.6708   0.6280   0.0000 
  0.0891   0.9237   0.8383   0.8221   0.7560   0.6990   0.3387   0.4892 
  0.7794   0.8132   0.7432   0.9474   0.3793   0.9794   0.6384   0.6187 
  0.0842   0.1832   0.3542   0.9223   0.4774   0.3511   0.6550   0.4676 
---------------------------------------

--- Output Correlation Matrix (Snippet) ---
  1.0000   0.0305  -0.0212   0.0233  -0.0160  -0.0192   0.0017  -0.0016 
  0.0305   1.0000   0.0092   0.0212   0.0022   0.0280  -0.0362  -0.0159 
 -0.0212   0.0092   1.0000  -0.0060   0.0119   0.0228  -0.0218  -0.0016 
  0.0233   0.0212  -0.0060   1.0000  -0.0190  -0.0385  -0.0178   0.0073 
 -0.0160   0.0022   0.0119  -0.0190   1.0000   0.0217   0.0011  -0.0372 
 -0.0192   0.0280   0.0228  -0.0385   0.0217   1.0000  -0.0358  -0.0005 
  0.0017  -0.0362  -0.0218  -0.0178   0.0011  -0.0358   1.0000   0.0276 
 -0.0016  -0.0159  -0.0016   0.0073  -0.0372  -0.0005   0.0276   1.0000 
---------------------------------------

Execution Time: 1.651397 seconds
Exit code: 0
Extracted time: 1.651397

=== serial (N=1000, M=2500, iter=2) ===
Executing Serial Version
Matrix Size: N=1000, M=2500
--- Input Matrix (Snippet) ---
  0.1784   0.3997   0.1666   0.2121   0.0619   0.0541   0.2757   0.0478 
  0.2459   0.4850   0.0104   0.8695   0.6495   0.6553   0.0003   0.2781 
  0.9063   0.4440   0.7253   0.1379   0.7956   0.9051   0.0964   0.8206 
  0.2896   0.8828   0.9025   0.7990   0.6499   0.1416   0.2104   0.8247 
  0.6577   0.0369   0.3331   0.8758   0.2217   0.6708   0.6280   0.0000 
  0.0891   0.9237   0.8383   0.8221   0.7560   0.6990   0.3387   0.4892 
  0.7794   0.8132   0.7432   0.9474   0.3793   0.9794   0.6384   0.6187 
  0.0842   0.1832   0.3542   0.9223   0.4774   0.3511   0.6550   0.4676 
---------------------------------------

--- Output Correlation Matrix (Snippet) ---
  1.0000   0.0305  -0.0212   0.0233  -0.0160  -0.0192   0.0017  -0.0016 
  0.0305   1.0000   0.0092   0.0212   0.0022   0.0280  -0.0362  -0.0159 
 -0.0212   0.0092   1.0000  -0.0060   0.0119   0.0228  -0.0218  -0.0016 
  0.0233   0.0212  -0.0060   1.0000  -0.0190  -0.0385  -0.0178   0.0073 
 -0.0160   0.0022   0.0119  -0.0190   1.0000   0.0217   0.0011  -0.0372 
 -0.0192   0.0280   0.0228  -0.0385   0.0217   1.0000  -0.0358  -0.0005 
  0.0017  -0.0362  -0.0218  -0.0178   0.0011  -0.0358   1.0000   0.0276 
 -0.0016  -0.0159  -0.0016   0.0073  -0.0372  -0.0005   0.0276   1.0000 
---------------------------------------

Execution Time: 1.714548 seconds
Exit code: 0
Extracted time: 1.714548

=== serial (N=1000, M=2500, iter=3) ===
Executing Serial Version
Matrix Size: N=1000, M=2500
--- Input Matrix (Snippet) ---
  0.1784   0.3997   0.1666   0.2121   0.0619   0.0541   0.2757   0.0478 
  0.2459   0.4850   0.0104   0.8695   0.6495   0.6553   0.0003   0.2781 
  0.9063   0.4440   0.7253   0.1379   0.7956   0.9051   0.0964   0.8206 
  0.2896   0.8828   0.9025   0.7990   0.6499   0.1416   0.2104   0.8247 
  0.6577   0.0369   0.3331   0.8758   0.2217   0.6708   0.6280   0.0000 
  0.0891   0.9237   0.8383   0.8221   0.7560   0.6990   0.3387   0.4892 
  0.7794   0.8132   0.7432   0.9474   0.3793   0.9794   0.6384   0.6187 
  0.0842   0.1832   0.3542   0.9223   0.4774   0.3511   0.6550   0.4676 
---------------------------------------

--- Output Correlation Matrix (Snippet) ---
  1.0000   0.0305  -0.0212   0.0233  -0.0160  -0.0192   0.0017  -0.0016 
  0.0305   1.0000   0.0092   0.0212   0.0022   0.0280  -0.0362  -0.0159 
 -0.0212   0.0092   1.0000  -0.0060   0.0119   0.0228  -0.0218  -0.0016 
  0.0233   0.0212  -0.0060   1.0000  -0.0190  -0.0385  -0.0178   0.0073 
 -0.0160   0.0022   0.0119  -0.0190   1.0000   0.0217   0.0011  -0.0372 
 -0.0192   0.0280   0.0228  -0.0385   0.0217   1.0000  -0.0358  -0.0005 
  0.0017  -0.0362  -0.0218  -0.0178   0.0011  -0.0358   1.0000   0.0276 
 -0.0016  -0.0159  -0.0016   0.0073  -0.0372  -0.0005   0.0276   1.0000 
---------------------------------------

Execution Time: 1.911304 seconds
Exit code: 0
Extracted time: 1.911304

=== serial (N=1000, M=3000, iter=1) ===
Executing Serial Version
Matrix Size: N=1000, M=3000
--- Input Matrix (Snippet) ---
  0.1784   0.3997   0.1666   0.2121   0.0619   0.0541   0.2757   0.0478 
  0.6835   0.2185   0.1961   0.0248   0.6727   0.5442   0.9639   0.2818 
  0.1672   0.1685   0.5519   0.6728   0.6104   0.7387   0.7906   0.5769 
  0.4815   0.6118   0.5401   0.8225   0.6975   0.4157   0.2738   0.2554 
  0.9311   0.2895   0.4608   0.4579   0.4643   0.0754   0.2606   0.6549 
  0.7794   0.8132   0.7432   0.9474   0.3793   0.9794   0.6384   0.6187 
  0.1583   0.6916   0.6599   0.6962   0.3418   0.4218   0.2080   0.0566 
  0.5013   0.8661   0.8181   0.8221   0.2707   0.8748   0.9764   0.6529 
---------------------------------------

--- Output Correlation Matrix (Snippet) ---
  1.0000  -0.0079  -0.0189   0.0064  -0.0058   0.0126   0.0067  -0.0029 
 -0.0079   1.0000  -0.0219  -0.0305  -0.0129   0.0147  -0.0086   0.0305 
 -0.0189  -0.0219   1.0000   0.0110   0.0151   0.0069  -0.0076   0.0224 
  0.0064  -0.0305   0.0110   1.0000  -0.0143   0.0036   0.0036  -0.0167 
 -0.0058  -0.0129   0.0151  -0.0143   1.0000   0.0173  -0.0375  -0.0020 
  0.0126   0.0147   0.0069   0.0036   0.0173   1.0000  -0.0245   0.0187 
  0.0067  -0.0086  -0.0076   0.0036  -0.0375  -0.0245   1.0000  -0.0087 
 -0.0029   0.0305   0.0224  -0.0167  -0.0020   0.0187  -0.0087   1.0000 
---------------------------------------

Execution Time: 2.068958 seconds
Exit code: 0
Extracted time: 2.068958

=== serial (N=1000, M=3000, iter=2) ===
Executing Serial Version
Matrix Size: N=1000, M=3000
--- Input Matrix (Snippet) ---
  0.1784   0.3997   0.1666   0.2121   0.0619   0.0541   0.2757   0.0478 
  0.6835   0.2185   0.1961   0.0248   0.6727   0.5442   0.9639   0.2818 
  0.1672   0.1685   0.5519   0.6728   0.6104   0.7387   0.7906   0.5769 
  0.4815   0.6118   0.5401   0.8225   0.6975   0.4157   0.2738   0.2554 
  0.9311   0.2895   0.4608   0.4579   0.4643   0.0754   0.2606   0.6549 
  0.7794   0.8132   0.7432   0.9474   0.3793   0.9794   0.6384   0.6187 
  0.1583   0.6916   0.6599   0.6962   0.3418   0.4218   0.2080   0.0566 
  0.5013   0.8661   0.8181   0.8221   0.2707   0.8748   0.9764   0.6529 
---------------------------------------

--- Output Correlation Matrix (Snippet) ---
  1.0000  -0.0079  -0.0189   0.0064  -0.0058   0.0126   0.0067  -0.0029 
 -0.0079   1.0000  -0.0219  -0.0305  -0.0129   0.0147  -0.0086   0.0305 
 -0.0189  -0.0219   1.0000   0.0110   0.0151   0.0069  -0.0076   0.0224 
  0.0064  -0.0305   0.0110   1.0000  -0.0143   0.0036   0.0036  -0.0167 
 -0.0058  -0.0129   0.0151  -0.0143   1.0000   0.0173  -0.0375  -0.0020 
  0.0126   0.0147   0.0069   0.0036   0.0173   1.0000  -0.0245   0.0187 
  0.0067  -0.0086  -0.0076   0.0036  -0.0375  -0.0245   1.0000  -0.0087 
 -0.0029   0.0305   0.0224  -0.0167  -0.0020   0.0187  -0.0087   1.0000 
---------------------------------------

Execution Time: 1.980605 seconds
Exit code: 0
Extracted time: 1.980605

=== serial (N=1000, M=3000, iter=3) ===
Executing Serial Version
Matrix Size: N=1000, M=3000
--- Input Matrix (Snippet) ---
  0.1784   0.3997   0.1666   0.2121   0.0619   0.0541   0.2757   0.0478 
  0.6835   0.2185   0.1961   0.0248   0.6727   0.5442   0.9639   0.2818 
  0.1672   0.1685   0.5519   0.6728   0.6104   0.7387   0.7906   0.5769 
  0.4815   0.6118   0.5401   0.8225   0.6975   0.4157   0.2738   0.2554 
  0.9311   0.2895   0.4608   0.4579   0.4643   0.0754   0.2606   0.6549 
  0.7794   0.8132   0.7432   0.9474   0.3793   0.9794   0.6384   0.6187 
  0.1583   0.6916   0.6599   0.6962   0.3418   0.4218   0.2080   0.0566 
  0.5013   0.8661   0.8181   0.8221   0.2707   0.8748   0.9764   0.6529 
---------------------------------------

--- Output Correlation Matrix (Snippet) ---
  1.0000  -0.0079  -0.0189   0.0064  -0.0058   0.0126   0.0067  -0.0029 
 -0.0079   1.0000  -0.0219  -0.0305  -0.0129   0.0147  -0.0086   0.0305 
 -0.0189  -0.0219   1.0000   0.0110   0.0151   0.0069  -0.0076   0.0224 
  0.0064  -0.0305   0.0110   1.0000  -0.0143   0.0036   0.0036  -0.0167 
 -0.0058  -0.0129   0.0151  -0.0143   1.0000   0.0173  -0.0375  -0.0020 
  0.0126   0.0147   0.0069   0.0036   0.0173   1.0000  -0.0245   0.0187 
  0.0067  -0.0086  -0.0076   0.0036  -0.0375  -0.0245   1.0000  -0.0087 
 -0.0029   0.0305   0.0224  -0.0167  -0.0020   0.0187  -0.0087   1.0000 
---------------------------------------

Execution Time: 2.046982 seconds
Exit code: 0
Extracted time: 2.046982

=== serial (N=1500, M=500, iter=1) ===
Executing Serial Version
Matrix Size: N=1500, M=500
--- Input Matrix (Snippet) ---
  0.1784   0.3997   0.1666   0.2121   0.0619   0.0541   0.2757   0.0478 
  0.7832   0.1713   0.3731   0.1762   0.4492   0.9714   0.9770   0.4063 
  0.8579   0.2793   0.3497   0.6058   0.0737   0.1928   0.5753   0.2738 
  0.5231   0.4570   0.4980   0.9980   0.9538   0.4599   0.6245   0.8193 
  0.2355   0.3513   0.2187   0.2880   0.0186   0.3609   0.1549   0.3504 
  0.2459   0.4850   0.0104   0.8695   0.6495   0.6553   0.0003   0.2781 
  0.6835   0.2185   0.1961   0.0248   0.6727   0.5442   0.9639   0.2818 
  0.7949   0.9540   0.3739   0.6583   0.6555   0.8941   0.8713   0.9372 
---------------------------------------

--- Output Correlation Matrix (Snippet) ---
  1.0000   0.0256   0.0236  -0.0521   0.0384   0.0583   0.0019  -0.0393 
  0.0256   1.0000  -0.0126  -0.0000   0.0707   0.0208   0.0440  -0.0621 
  0.0236  -0.0126   1.0000  -0.0210  -0.0033   0.0142  -0.0386   0.0410 
 -0.0521  -0.0000  -0.0210   1.0000   0.0182   0.0262  -0.0804  -0.0467 
  0.0384   0.0707  -0.0033   0.0182   1.0000   0.0061  -0.0249  -0.0272 
  0.0583   0.0208   0.0142   0.0262   0.0061   1.0000  -0.1227   0.0816 
  0.0019   0.0440  -0.0386  -0.0804  -0.0249  -0.1227   1.0000   0.0038 
 -0.0393  -0.0621   0.0410  -0.0467  -0.0272   0.0816   0.0038   1.0000 
---------------------------------------

Execution Time: 0.794666 seconds
Exit code: 0
Extracted time: 0.794666

=== serial (N=1500, M=500, iter=2) ===
Executing Serial Version
Matrix Size: N=1500, M=500
--- Input Matrix (Snippet) ---
  0.1784   0.3997   0.1666   0.2121   0.0619   0.0541   0.2757   0.0478 
  0.7832   0.1713   0.3731   0.1762   0.4492   0.9714   0.9770   0.4063 
  0.8579   0.2793   0.3497   0.6058   0.0737   0.1928   0.5753   0.2738 
  0.5231   0.4570   0.4980   0.9980   0.9538   0.4599   0.6245   0.8193 
  0.2355   0.3513   0.2187   0.2880   0.0186   0.3609   0.1549   0.3504 
  0.2459   0.4850   0.0104   0.8695   0.6495   0.6553   0.0003   0.2781 
  0.6835   0.2185   0.1961   0.0248   0.6727   0.5442   0.9639   0.2818 
  0.7949   0.9540   0.3739   0.6583   0.6555   0.8941   0.8713   0.9372 
---------------------------------------

--- Output Correlation Matrix (Snippet) ---
  1.0000   0.0256   0.0236  -0.0521   0.0384   0.0583   0.0019  -0.0393 
  0.0256   1.0000  -0.0126  -0.0000   0.0707   0.0208   0.0440  -0.0621 
  0.0236  -0.0126   1.0000  -0.0210  -0.0033   0.0142  -0.0386   0.0410 
 -0.0521  -0.0000  -0.0210   1.0000   0.0182   0.0262  -0.0804  -0.0467 
  0.0384   0.0707  -0.0033   0.0182   1.0000   0.0061  -0.0249  -0.0272 
  0.0583   0.0208   0.0142   0.0262   0.0061   1.0000  -0.1227   0.0816 
  0.0019   0.0440  -0.0386  -0.0804  -0.0249  -0.1227   1.0000   0.0038 
 -0.0393  -0.0621   0.0410  -0.0467  -0.0272   0.0816   0.0038   1.0000 
---------------------------------------

Execution Time: 0.968437 seconds
Exit code: 0
Extracted time: 0.968437

=== serial (N=1500, M=500, iter=3) ===
Executing Serial Version
Matrix Size: N=1500, M=500
--- Input Matrix (Snippet) ---
  0.1784   0.3997   0.1666   0.2121   0.0619   0.0541   0.2757   0.0478 
  0.7832   0.1713   0.3731   0.1762   0.4492   0.9714   0.9770   0.4063 
  0.8579   0.2793   0.3497   0.6058   0.0737   0.1928   0.5753   0.2738 
  0.5231   0.4570   0.4980   0.9980   0.9538   0.4599   0.6245   0.8193 
  0.2355   0.3513   0.2187   0.2880   0.0186   0.3609   0.1549   0.3504 
  0.2459   0.4850   0.0104   0.8695   0.6495   0.6553   0.0003   0.2781 
  0.6835   0.2185   0.1961   0.0248   0.6727   0.5442   0.9639   0.2818 
  0.7949   0.9540   0.3739   0.6583   0.6555   0.8941   0.8713   0.9372 
---------------------------------------

--- Output Correlation Matrix (Snippet) ---
  1.0000   0.0256   0.0236  -0.0521   0.0384   0.0583   0.0019  -0.0393 
  0.0256   1.0000  -0.0126  -0.0000   0.0707   0.0208   0.0440  -0.0621 
  0.0236  -0.0126   1.0000  -0.0210  -0.0033   0.0142  -0.0386   0.0410 
 -0.0521  -0.0000  -0.0210   1.0000   0.0182   0.0262  -0.0804  -0.0467 
  0.0384   0.0707  -0.0033   0.0182   1.0000   0.0061  -0.0249  -0.0272 
  0.0583   0.0208   0.0142   0.0262   0.0061   1.0000  -0.1227   0.0816 
  0.0019   0.0440  -0.0386  -0.0804  -0.0249  -0.1227   1.0000   0.0038 
 -0.0393  -0.0621   0.0410  -0.0467  -0.0272   0.0816   0.0038   1.0000 
---------------------------------------

Execution Time: 0.799581 seconds
Exit code: 0
Extracted time: 0.799581

=== serial (N=1500, M=1000, iter=1) ===
Executing Serial Version
Matrix Size: N=1500, M=1000
--- Input Matrix (Snippet) ---
  0.1784   0.3997   0.1666   0.2121   0.0619   0.0541   0.2757   0.0478 
  0.8579   0.2793   0.3497   0.6058   0.0737   0.1928   0.5753   0.2738 
  0.2355   0.3513   0.2187   0.2880   0.0186   0.3609   0.1549   0.3504 
  0.6835   0.2185   0.1961   0.0248   0.6727   0.5442   0.9639   0.2818 
  0.7361   0.6262   0.2348   0.0727   0.7465   0.0340   0.4242   0.2949 
  0.9063   0.4440   0.7253   0.1379   0.7956   0.9051   0.0964   0.8206 
  0.1672   0.1685   0.5519   0.6728   0.6104   0.7387   0.7906   0.5769 
  0.3751   0.2483   0.8508   0.0803   0.3567   0.4930   0.2261   0.4608 
---------------------------------------

--- Output Correlation Matrix (Snippet) ---
  1.0000   0.0109   0.0293  -0.0304   0.0102   0.0139   0.0044  -0.0106 
  0.0109   1.0000   0.0119  -0.0427  -0.0041  -0.0632  -0.0605  -0.0605 
  0.0293   0.0119   1.0000   0.0276   0.0204   0.0119   0.0083   0.0077 
 -0.0304  -0.0427   0.0276   1.0000   0.0269   0.0239   0.0206   0.0100 
  0.0102  -0.0041   0.0204   0.0269   1.0000   0.0015  -0.0140  -0.0381 
  0.0139  -0.0632   0.0119   0.0239   0.0015   1.0000  -0.0124   0.0481 
  0.0044  -0.0605   0.0083   0.0206  -0.0140  -0.0124   1.0000   0.0370 
 -0.0106  -0.0605   0.0077   0.0100  -0.0381   0.0481   0.0370   1.0000 
---------------------------------------

Execution Time: 1.548044 seconds
Exit code: 0
Extracted time: 1.548044

=== serial (N=1500, M=1000, iter=2) ===
Executing Serial Version
Matrix Size: N=1500, M=1000
--- Input Matrix (Snippet) ---
  0.1784   0.3997   0.1666   0.2121   0.0619   0.0541   0.2757   0.0478 
  0.8579   0.2793   0.3497   0.6058   0.0737   0.1928   0.5753   0.2738 
  0.2355   0.3513   0.2187   0.2880   0.0186   0.3609   0.1549   0.3504 
  0.6835   0.2185   0.1961   0.0248   0.6727   0.5442   0.9639   0.2818 
  0.7361   0.6262   0.2348   0.0727   0.7465   0.0340   0.4242   0.2949 
  0.9063   0.4440   0.7253   0.1379   0.7956   0.9051   0.0964   0.8206 
  0.1672   0.1685   0.5519   0.6728   0.6104   0.7387   0.7906   0.5769 
  0.3751   0.2483   0.8508   0.0803   0.3567   0.4930   0.2261   0.4608 
---------------------------------------

--- Output Correlation Matrix (Snippet) ---
  1.0000   0.0109   0.0293  -0.0304   0.0102   0.0139   0.0044  -0.0106 
  0.0109   1.0000   0.0119  -0.0427  -0.0041  -0.0632  -0.0605  -0.0605 
  0.0293   0.0119   1.0000   0.0276   0.0204   0.0119   0.0083   0.0077 
 -0.0304  -0.0427   0.0276   1.0000   0.0269   0.0239   0.0206   0.0100 
  0.0102  -0.0041   0.0204   0.0269   1.0000   0.0015  -0.0140  -0.0381 
  0.0139  -0.0632   0.0119   0.0239   0.0015   1.0000  -0.0124   0.0481 
  0.0044  -0.0605   0.0083   0.0206  -0.0140  -0.0124   1.0000   0.0370 
 -0.0106  -0.0605   0.0077   0.0100  -0.0381   0.0481   0.0370   1.0000 
---------------------------------------

Execution Time: 1.584038 seconds
Exit code: 0
Extracted time: 1.584038

=== serial (N=1500, M=1000, iter=3) ===
Executing Serial Version
Matrix Size: N=1500, M=1000
--- Input Matrix (Snippet) ---
  0.1784   0.3997   0.1666   0.2121   0.0619   0.0541   0.2757   0.0478 
  0.8579   0.2793   0.3497   0.6058   0.0737   0.1928   0.5753   0.2738 
  0.2355   0.3513   0.2187   0.2880   0.0186   0.3609   0.1549   0.3504 
  0.6835   0.2185   0.1961   0.0248   0.6727   0.5442   0.9639   0.2818 
  0.7361   0.6262   0.2348   0.0727   0.7465   0.0340   0.4242   0.2949 
  0.9063   0.4440   0.7253   0.1379   0.7956   0.9051   0.0964   0.8206 
  0.1672   0.1685   0.5519   0.6728   0.6104   0.7387   0.7906   0.5769 
  0.3751   0.2483   0.8508   0.0803   0.3567   0.4930   0.2261   0.4608 
---------------------------------------

--- Output Correlation Matrix (Snippet) ---
  1.0000   0.0109   0.0293  -0.0304   0.0102   0.0139   0.0044  -0.0106 
  0.0109   1.0000   0.0119  -0.0427  -0.0041  -0.0632  -0.0605  -0.0605 
  0.0293   0.0119   1.0000   0.0276   0.0204   0.0119   0.0083   0.0077 
 -0.0304  -0.0427   0.0276   1.0000   0.0269   0.0239   0.0206   0.0100 
  0.0102  -0.0041   0.0204   0.0269   1.0000   0.0015  -0.0140  -0.0381 
  0.0139  -0.0632   0.0119   0.0239   0.0015   1.0000  -0.0124   0.0481 
  0.0044  -0.0605   0.0083   0.0206  -0.0140  -0.0124   1.0000   0.0370 
 -0.0106  -0.0605   0.0077   0.0100  -0.0381   0.0481   0.0370   1.0000 
---------------------------------------

Execution Time: 1.538225 seconds
Exit code: 0
Extracted time: 1.538225

=== serial (N=1500, M=1500, iter=1) ===
Executing Serial Version
Matrix Size: N=1500, M=1500
--- Input Matrix (Snippet) ---
  0.1784   0.3997   0.1666   0.2121   0.0619   0.0541   0.2757   0.0478 
  0.5231   0.4570   0.4980   0.9980   0.9538   0.4599   0.6245   0.8193 
  0.6835   0.2185   0.1961   0.0248   0.6727   0.5442   0.9639   0.2818 
  0.6730   0.3860   0.7919   0.3859   0.4882   0.1123   0.5655   0.3819 
  0.1672   0.1685   0.5519   0.6728   0.6104   0.7387   0.7906   0.5769 
  0.2896   0.8828   0.9025   0.7990   0.6499   0.1416   0.2104   0.8247 
  0.4815   0.6118   0.5401   0.8225   0.6975   0.4157   0.2738   0.2554 
  0.5062   0.5588   0.9413   0.5000   0.5328   0.1062   0.3400   0.7122 
---------------------------------------

--- Output Correlation Matrix (Snippet) ---
  1.0000   0.0111  -0.0267  -0.0267  -0.0210   0.0113   0.0004   0.0095 
  0.0111   1.0000  -0.0268   0.0110   0.0518  -0.0168   0.0241   0.0123 
 -0.0267  -0.0268   1.0000   0.0289   0.0020  -0.0170  -0.0226  -0.0030 
 -0.0267   0.0110   0.0289   1.0000   0.0178  -0.0459   0.0215  -0.0381 
 -0.0210   0.0518   0.0020   0.0178   1.0000   0.0124  -0.0130  -0.0079 
  0.0113  -0.0168  -0.0170  -0.0459   0.0124   1.0000   0.0043   0.0352 
  0.0004   0.0241  -0.0226   0.0215  -0.0130   0.0043   1.0000  -0.0296 
  0.0095   0.0123  -0.0030  -0.0381  -0.0079   0.0352  -0.0296   1.0000 
---------------------------------------

Execution Time: 2.185745 seconds
Exit code: 0
Extracted time: 2.185745

=== serial (N=1500, M=1500, iter=2) ===
Executing Serial Version
Matrix Size: N=1500, M=1500
--- Input Matrix (Snippet) ---
  0.1784   0.3997   0.1666   0.2121   0.0619   0.0541   0.2757   0.0478 
  0.5231   0.4570   0.4980   0.9980   0.9538   0.4599   0.6245   0.8193 
  0.6835   0.2185   0.1961   0.0248   0.6727   0.5442   0.9639   0.2818 
  0.6730   0.3860   0.7919   0.3859   0.4882   0.1123   0.5655   0.3819 
  0.1672   0.1685   0.5519   0.6728   0.6104   0.7387   0.7906   0.5769 
  0.2896   0.8828   0.9025   0.7990   0.6499   0.1416   0.2104   0.8247 
  0.4815   0.6118   0.5401   0.8225   0.6975   0.4157   0.2738   0.2554 
  0.5062   0.5588   0.9413   0.5000   0.5328   0.1062   0.3400   0.7122 
---------------------------------------

--- Output Correlation Matrix (Snippet) ---
  1.0000   0.0111  -0.0267  -0.0267  -0.0210   0.0113   0.0004   0.0095 
  0.0111   1.0000  -0.0268   0.0110   0.0518  -0.0168   0.0241   0.0123 
 -0.0267  -0.0268   1.0000   0.0289   0.0020  -0.0170  -0.0226  -0.0030 
 -0.0267   0.0110   0.0289   1.0000   0.0178  -0.0459   0.0215  -0.0381 
 -0.0210   0.0518   0.0020   0.0178   1.0000   0.0124  -0.0130  -0.0079 
  0.0113  -0.0168  -0.0170  -0.0459   0.0124   1.0000   0.0043   0.0352 
  0.0004   0.0241  -0.0226   0.0215  -0.0130   0.0043   1.0000  -0.0296 
  0.0095   0.0123  -0.0030  -0.0381  -0.0079   0.0352  -0.0296   1.0000 
---------------------------------------

Execution Time: 2.372001 seconds
Exit code: 0
Extracted time: 2.372001

=== serial (N=1500, M=1500, iter=3) ===
Executing Serial Version
Matrix Size: N=1500, M=1500
--- Input Matrix (Snippet) ---
  0.1784   0.3997   0.1666   0.2121   0.0619   0.0541   0.2757   0.0478 
  0.5231   0.4570   0.4980   0.9980   0.9538   0.4599   0.6245   0.8193 
  0.6835   0.2185   0.1961   0.0248   0.6727   0.5442   0.9639   0.2818 
  0.6730   0.3860   0.7919   0.3859   0.4882   0.1123   0.5655   0.3819 
  0.1672   0.1685   0.5519   0.6728   0.6104   0.7387   0.7906   0.5769 
  0.2896   0.8828   0.9025   0.7990   0.6499   0.1416   0.2104   0.8247 
  0.4815   0.6118   0.5401   0.8225   0.6975   0.4157   0.2738   0.2554 
  0.5062   0.5588   0.9413   0.5000   0.5328   0.1062   0.3400   0.7122 
---------------------------------------

--- Output Correlation Matrix (Snippet) ---
  1.0000   0.0111  -0.0267  -0.0267  -0.0210   0.0113   0.0004   0.0095 
  0.0111   1.0000  -0.0268   0.0110   0.0518  -0.0168   0.0241   0.0123 
 -0.0267  -0.0268   1.0000   0.0289   0.0020  -0.0170  -0.0226  -0.0030 
 -0.0267   0.0110   0.0289   1.0000   0.0178  -0.0459   0.0215  -0.0381 
 -0.0210   0.0518   0.0020   0.0178   1.0000   0.0124  -0.0130  -0.0079 
  0.0113  -0.0168  -0.0170  -0.0459   0.0124   1.0000   0.0043   0.0352 
  0.0004   0.0241  -0.0226   0.0215  -0.0130   0.0043   1.0000  -0.0296 
  0.0095   0.0123  -0.0030  -0.0381  -0.0079   0.0352  -0.0296   1.0000 
---------------------------------------

Execution Time: 2.267038 seconds
Exit code: 0
Extracted time: 2.267038

=== serial (N=1500, M=2000, iter=1) ===
Executing Serial Version
Matrix Size: N=1500, M=2000
--- Input Matrix (Snippet) ---
  0.1784   0.3997   0.1666   0.2121   0.0619   0.0541   0.2757   0.0478 
  0.2355   0.3513   0.2187   0.2880   0.0186   0.3609   0.1549   0.3504 
  0.7361   0.6262   0.2348   0.0727   0.7465   0.0340   0.4242   0.2949 
  0.1672   0.1685   0.5519   0.6728   0.6104   0.7387   0.7906   0.5769 
  0.9290   0.7971   0.1292   0.8444   0.4470   0.9848   0.7467   0.6753 
  0.6577   0.0369   0.3331   0.8758   0.2217   0.6708   0.6280   0.0000 
  0.9311   0.2895   0.4608   0.4579   0.4643   0.0754   0.2606   0.6549 
  0.2649   0.2373   0.6548   0.4642   0.2228   0.6153   0.1826   0.9288 
---------------------------------------

--- Output Correlation Matrix (Snippet) ---
  1.0000  -0.0069  -0.0270  -0.0283   0.0410  -0.0121  -0.0445  -0.0154 
 -0.0069   1.0000   0.0227   0.0096  -0.0277  -0.0158   0.0245   0.0515 
 -0.0270   0.0227   1.0000   0.0181  -0.0084  -0.0181   0.0164   0.0039 
 -0.0283   0.0096   0.0181   1.0000  -0.0407   0.0316   0.0226   0.0055 
  0.0410  -0.0277  -0.0084  -0.0407   1.0000  -0.0453   0.0127  -0.0128 
 -0.0121  -0.0158  -0.0181   0.0316  -0.0453   1.0000  -0.0070  -0.0285 
 -0.0445   0.0245   0.0164   0.0226   0.0127  -0.0070   1.0000   0.0225 
 -0.0154   0.0515   0.0039   0.0055  -0.0128  -0.0285   0.0225   1.0000 
---------------------------------------

Execution Time: 2.942993 seconds
Exit code: 0
Extracted time: 2.942993

=== serial (N=1500, M=2000, iter=2) ===
Executing Serial Version
Matrix Size: N=1500, M=2000
--- Input Matrix (Snippet) ---
  0.1784   0.3997   0.1666   0.2121   0.0619   0.0541   0.2757   0.0478 
  0.2355   0.3513   0.2187   0.2880   0.0186   0.3609   0.1549   0.3504 
  0.7361   0.6262   0.2348   0.0727   0.7465   0.0340   0.4242   0.2949 
  0.1672   0.1685   0.5519   0.6728   0.6104   0.7387   0.7906   0.5769 
  0.9290   0.7971   0.1292   0.8444   0.4470   0.9848   0.7467   0.6753 
  0.6577   0.0369   0.3331   0.8758   0.2217   0.6708   0.6280   0.0000 
  0.9311   0.2895   0.4608   0.4579   0.4643   0.0754   0.2606   0.6549 
  0.2649   0.2373   0.6548   0.4642   0.2228   0.6153   0.1826   0.9288 
---------------------------------------

--- Output Correlation Matrix (Snippet) ---
  1.0000  -0.0069  -0.0270  -0.0283   0.0410  -0.0121  -0.0445  -0.0154 
 -0.0069   1.0000   0.0227   0.0096  -0.0277  -0.0158   0.0245   0.0515 
 -0.0270   0.0227   1.0000   0.0181  -0.0084  -0.0181   0.0164   0.0039 
 -0.0283   0.0096   0.0181   1.0000  -0.0407   0.0316   0.0226   0.0055 
  0.0410  -0.0277  -0.0084  -0.0407   1.0000  -0.0453   0.0127  -0.0128 
 -0.0121  -0.0158  -0.0181   0.0316  -0.0453   1.0000  -0.0070  -0.0285 
 -0.0445   0.0245   0.0164   0.0226   0.0127  -0.0070   1.0000   0.0225 
 -0.0154   0.0515   0.0039   0.0055  -0.0128  -0.0285   0.0225   1.0000 
---------------------------------------

Execution Time: 3.377835 seconds
Exit code: 0
Extracted time: 3.377835

=== serial (N=1500, M=2000, iter=3) ===
Executing Serial Version
Matrix Size: N=1500, M=2000
--- Input Matrix (Snippet) ---
  0.1784   0.3997   0.1666   0.2121   0.0619   0.0541   0.2757   0.0478 
  0.2355   0.3513   0.2187   0.2880   0.0186   0.3609   0.1549   0.3504 
  0.7361   0.6262   0.2348   0.0727   0.7465   0.0340   0.4242   0.2949 
  0.1672   0.1685   0.5519   0.6728   0.6104   0.7387   0.7906   0.5769 
  0.9290   0.7971   0.1292   0.8444   0.4470   0.9848   0.7467   0.6753 
  0.6577   0.0369   0.3331   0.8758   0.2217   0.6708   0.6280   0.0000 
  0.9311   0.2895   0.4608   0.4579   0.4643   0.0754   0.2606   0.6549 
  0.2649   0.2373   0.6548   0.4642   0.2228   0.6153   0.1826   0.9288 
---------------------------------------

--- Output Correlation Matrix (Snippet) ---
  1.0000  -0.0069  -0.0270  -0.0283   0.0410  -0.0121  -0.0445  -0.0154 
 -0.0069   1.0000   0.0227   0.0096  -0.0277  -0.0158   0.0245   0.0515 
 -0.0270   0.0227   1.0000   0.0181  -0.0084  -0.0181   0.0164   0.0039 
 -0.0283   0.0096   0.0181   1.0000  -0.0407   0.0316   0.0226   0.0055 
  0.0410  -0.0277  -0.0084  -0.0407   1.0000  -0.0453   0.0127  -0.0128 
 -0.0121  -0.0158  -0.0181   0.0316  -0.0453   1.0000  -0.0070  -0.0285 
 -0.0445   0.0245   0.0164   0.0226   0.0127  -0.0070   1.0000   0.0225 
 -0.0154   0.0515   0.0039   0.0055  -0.0128  -0.0285   0.0225   1.0000 
---------------------------------------

Execution Time: 3.170231 seconds
Exit code: 0
Extracted time: 3.170231

=== serial (N=1500, M=2500, iter=1) ===
Executing Serial Version
Matrix Size: N=1500, M=2500
--- Input Matrix (Snippet) ---
  0.1784   0.3997   0.1666   0.2121   0.0619   0.0541   0.2757   0.0478 
  0.2459   0.4850   0.0104   0.8695   0.6495   0.6553   0.0003   0.2781 
  0.9063   0.4440   0.7253   0.1379   0.7956   0.9051   0.0964   0.8206 
  0.2896   0.8828   0.9025   0.7990   0.6499   0.1416   0.2104   0.8247 
  0.6577   0.0369   0.3331   0.8758   0.2217   0.6708   0.6280   0.0000 
  0.0891   0.9237   0.8383   0.8221   0.7560   0.6990   0.3387   0.4892 
  0.7794   0.8132   0.7432   0.9474   0.3793   0.9794   0.6384   0.6187 
  0.0842   0.1832   0.3542   0.9223   0.4774   0.3511   0.6550   0.4676 
---------------------------------------

--- Output Correlation Matrix (Snippet) ---
  1.0000   0.0305  -0.0212   0.0233  -0.0160  -0.0192   0.0017  -0.0016 
  0.0305   1.0000   0.0092   0.0212   0.0022   0.0280  -0.0362  -0.0159 
 -0.0212   0.0092   1.0000  -0.0060   0.0119   0.0228  -0.0218  -0.0016 
  0.0233   0.0212  -0.0060   1.0000  -0.0190  -0.0385  -0.0178   0.0073 
 -0.0160   0.0022   0.0119  -0.0190   1.0000   0.0217   0.0011  -0.0372 
 -0.0192   0.0280   0.0228  -0.0385   0.0217   1.0000  -0.0358  -0.0005 
  0.0017  -0.0362  -0.0218  -0.0178   0.0011  -0.0358   1.0000   0.0276 
 -0.0016  -0.0159  -0.0016   0.0073  -0.0372  -0.0005   0.0276   1.0000 
---------------------------------------

Execution Time: 3.612778 seconds
Exit code: 0
Extracted time: 3.612778

=== serial (N=1500, M=2500, iter=2) ===
Executing Serial Version
Matrix Size: N=1500, M=2500
--- Input Matrix (Snippet) ---
  0.1784   0.3997   0.1666   0.2121   0.0619   0.0541   0.2757   0.0478 
  0.2459   0.4850   0.0104   0.8695   0.6495   0.6553   0.0003   0.2781 
  0.9063   0.4440   0.7253   0.1379   0.7956   0.9051   0.0964   0.8206 
  0.2896   0.8828   0.9025   0.7990   0.6499   0.1416   0.2104   0.8247 
  0.6577   0.0369   0.3331   0.8758   0.2217   0.6708   0.6280   0.0000 
  0.0891   0.9237   0.8383   0.8221   0.7560   0.6990   0.3387   0.4892 
  0.7794   0.8132   0.7432   0.9474   0.3793   0.9794   0.6384   0.6187 
  0.0842   0.1832   0.3542   0.9223   0.4774   0.3511   0.6550   0.4676 
---------------------------------------

--- Output Correlation Matrix (Snippet) ---
  1.0000   0.0305  -0.0212   0.0233  -0.0160  -0.0192   0.0017  -0.0016 
  0.0305   1.0000   0.0092   0.0212   0.0022   0.0280  -0.0362  -0.0159 
 -0.0212   0.0092   1.0000  -0.0060   0.0119   0.0228  -0.0218  -0.0016 
  0.0233   0.0212  -0.0060   1.0000  -0.0190  -0.0385  -0.0178   0.0073 
 -0.0160   0.0022   0.0119  -0.0190   1.0000   0.0217   0.0011  -0.0372 
 -0.0192   0.0280   0.0228  -0.0385   0.0217   1.0000  -0.0358  -0.0005 
  0.0017  -0.0362  -0.0218  -0.0178   0.0011  -0.0358   1.0000   0.0276 
 -0.0016  -0.0159  -0.0016   0.0073  -0.0372  -0.0005   0.0276   1.0000 
---------------------------------------

Execution Time: 3.614924 seconds
Exit code: 0
Extracted time: 3.614924

=== serial (N=1500, M=2500, iter=3) ===
Executing Serial Version
Matrix Size: N=1500, M=2500
--- Input Matrix (Snippet) ---
  0.1784   0.3997   0.1666   0.2121   0.0619   0.0541   0.2757   0.0478 
  0.2459   0.4850   0.0104   0.8695   0.6495   0.6553   0.0003   0.2781 
  0.9063   0.4440   0.7253   0.1379   0.7956   0.9051   0.0964   0.8206 
  0.2896   0.8828   0.9025   0.7990   0.6499   0.1416   0.2104   0.8247 
  0.6577   0.0369   0.3331   0.8758   0.2217   0.6708   0.6280   0.0000 
  0.0891   0.9237   0.8383   0.8221   0.7560   0.6990   0.3387   0.4892 
  0.7794   0.8132   0.7432   0.9474   0.3793   0.9794   0.6384   0.6187 
  0.0842   0.1832   0.3542   0.9223   0.4774   0.3511   0.6550   0.4676 
---------------------------------------

--- Output Correlation Matrix (Snippet) ---
  1.0000   0.0305  -0.0212   0.0233  -0.0160  -0.0192   0.0017  -0.0016 
  0.0305   1.0000   0.0092   0.0212   0.0022   0.0280  -0.0362  -0.0159 
 -0.0212   0.0092   1.0000  -0.0060   0.0119   0.0228  -0.0218  -0.0016 
  0.0233   0.0212  -0.0060   1.0000  -0.0190  -0.0385  -0.0178   0.0073 
 -0.0160   0.0022   0.0119  -0.0190   1.0000   0.0217   0.0011  -0.0372 
 -0.0192   0.0280   0.0228  -0.0385   0.0217   1.0000  -0.0358  -0.0005 
  0.0017  -0.0362  -0.0218  -0.0178   0.0011  -0.0358   1.0000   0.0276 
 -0.0016  -0.0159  -0.0016   0.0073  -0.0372  -0.0005   0.0276   1.0000 
---------------------------------------

Execution Time: 3.566183 seconds
Exit code: 0
Extracted time: 3.566183

=== serial (N=1500, M=3000, iter=1) ===
Executing Serial Version
Matrix Size: N=1500, M=3000
--- Input Matrix (Snippet) ---
  0.1784   0.3997   0.1666   0.2121   0.0619   0.0541   0.2757   0.0478 
  0.6835   0.2185   0.1961   0.0248   0.6727   0.5442   0.9639   0.2818 
  0.1672   0.1685   0.5519   0.6728   0.6104   0.7387   0.7906   0.5769 
  0.4815   0.6118   0.5401   0.8225   0.6975   0.4157   0.2738   0.2554 
  0.9311   0.2895   0.4608   0.4579   0.4643   0.0754   0.2606   0.6549 
  0.7794   0.8132   0.7432   0.9474   0.3793   0.9794   0.6384   0.6187 
  0.1583   0.6916   0.6599   0.6962   0.3418   0.4218   0.2080   0.0566 
  0.5013   0.8661   0.8181   0.8221   0.2707   0.8748   0.9764   0.6529 
---------------------------------------

--- Output Correlation Matrix (Snippet) ---
  1.0000  -0.0079  -0.0189   0.0064  -0.0058   0.0126   0.0067  -0.0029 
 -0.0079   1.0000  -0.0219  -0.0305  -0.0129   0.0147  -0.0086   0.0305 
 -0.0189  -0.0219   1.0000   0.0110   0.0151   0.0069  -0.0076   0.0224 
  0.0064  -0.0305   0.0110   1.0000  -0.0143   0.0036   0.0036  -0.0167 
 -0.0058  -0.0129   0.0151  -0.0143   1.0000   0.0173  -0.0375  -0.0020 
  0.0126   0.0147   0.0069   0.0036   0.0173   1.0000  -0.0245   0.0187 
  0.0067  -0.0086  -0.0076   0.0036  -0.0375  -0.0245   1.0000  -0.0087 
 -0.0029   0.0305   0.0224  -0.0167  -0.0020   0.0187  -0.0087   1.0000 
---------------------------------------

Execution Time: 4.289013 seconds
Exit code: 0
Extracted time: 4.289013

=== serial (N=1500, M=3000, iter=2) ===
Executing Serial Version
Matrix Size: N=1500, M=3000
--- Input Matrix (Snippet) ---
  0.1784   0.3997   0.1666   0.2121   0.0619   0.0541   0.2757   0.0478 
  0.6835   0.2185   0.1961   0.0248   0.6727   0.5442   0.9639   0.2818 
  0.1672   0.1685   0.5519   0.6728   0.6104   0.7387   0.7906   0.5769 
  0.4815   0.6118   0.5401   0.8225   0.6975   0.4157   0.2738   0.2554 
  0.9311   0.2895   0.4608   0.4579   0.4643   0.0754   0.2606   0.6549 
  0.7794   0.8132   0.7432   0.9474   0.3793   0.9794   0.6384   0.6187 
  0.1583   0.6916   0.6599   0.6962   0.3418   0.4218   0.2080   0.0566 
  0.5013   0.8661   0.8181   0.8221   0.2707   0.8748   0.9764   0.6529 
---------------------------------------

--- Output Correlation Matrix (Snippet) ---
  1.0000  -0.0079  -0.0189   0.0064  -0.0058   0.0126   0.0067  -0.0029 
 -0.0079   1.0000  -0.0219  -0.0305  -0.0129   0.0147  -0.0086   0.0305 
 -0.0189  -0.0219   1.0000   0.0110   0.0151   0.0069  -0.0076   0.0224 
  0.0064  -0.0305   0.0110   1.0000  -0.0143   0.0036   0.0036  -0.0167 
 -0.0058  -0.0129   0.0151  -0.0143   1.0000   0.0173  -0.0375  -0.0020 
  0.0126   0.0147   0.0069   0.0036   0.0173   1.0000  -0.0245   0.0187 
  0.0067  -0.0086  -0.0076   0.0036  -0.0375  -0.0245   1.0000  -0.0087 
 -0.0029   0.0305   0.0224  -0.0167  -0.0020   0.0187  -0.0087   1.0000 
---------------------------------------

Execution Time: 4.342150 seconds
Exit code: 0
Extracted time: 4.342150

=== serial (N=1500, M=3000, iter=3) ===
Executing Serial Version
Matrix Size: N=1500, M=3000
--- Input Matrix (Snippet) ---
  0.1784   0.3997   0.1666   0.2121   0.0619   0.0541   0.2757   0.0478 
  0.6835   0.2185   0.1961   0.0248   0.6727   0.5442   0.9639   0.2818 
  0.1672   0.1685   0.5519   0.6728   0.6104   0.7387   0.7906   0.5769 
  0.4815   0.6118   0.5401   0.8225   0.6975   0.4157   0.2738   0.2554 
  0.9311   0.2895   0.4608   0.4579   0.4643   0.0754   0.2606   0.6549 
  0.7794   0.8132   0.7432   0.9474   0.3793   0.9794   0.6384   0.6187 
  0.1583   0.6916   0.6599   0.6962   0.3418   0.4218   0.2080   0.0566 
  0.5013   0.8661   0.8181   0.8221   0.2707   0.8748   0.9764   0.6529 
---------------------------------------

--- Output Correlation Matrix (Snippet) ---
  1.0000  -0.0079  -0.0189   0.0064  -0.0058   0.0126   0.0067  -0.0029 
 -0.0079   1.0000  -0.0219  -0.0305  -0.0129   0.0147  -0.0086   0.0305 
 -0.0189  -0.0219   1.0000   0.0110   0.0151   0.0069  -0.0076   0.0224 
  0.0064  -0.0305   0.0110   1.0000  -0.0143   0.0036   0.0036  -0.0167 
 -0.0058  -0.0129   0.0151  -0.0143   1.0000   0.0173  -0.0375  -0.0020 
  0.0126   0.0147   0.0069   0.0036   0.0173   1.0000  -0.0245   0.0187 
  0.0067  -0.0086  -0.0076   0.0036  -0.0375  -0.0245   1.0000  -0.0087 
 -0.0029   0.0305   0.0224  -0.0167  -0.0020   0.0187  -0.0087   1.0000 
---------------------------------------

Execution Time: 4.314199 seconds
Exit code: 0
Extracted time: 4.314199

=== serial (N=2000, M=500, iter=1) ===
Executing Serial Version
Matrix Size: N=2000, M=500
--- Input Matrix (Snippet) ---
  0.1784   0.3997   0.1666   0.2121   0.0619   0.0541   0.2757   0.0478 
  0.7832   0.1713   0.3731   0.1762   0.4492   0.9714   0.9770   0.4063 
  0.8579   0.2793   0.3497   0.6058   0.0737   0.1928   0.5753   0.2738 
  0.5231   0.4570   0.4980   0.9980   0.9538   0.4599   0.6245   0.8193 
  0.2355   0.3513   0.2187   0.2880   0.0186   0.3609   0.1549   0.3504 
  0.2459   0.4850   0.0104   0.8695   0.6495   0.6553   0.0003   0.2781 
  0.6835   0.2185   0.1961   0.0248   0.6727   0.5442   0.9639   0.2818 
  0.7949   0.9540   0.3739   0.6583   0.6555   0.8941   0.8713   0.9372 
---------------------------------------

--- Output Correlation Matrix (Snippet) ---
  1.0000   0.0256   0.0236  -0.0521   0.0384   0.0583   0.0019  -0.0393 
  0.0256   1.0000  -0.0126  -0.0000   0.0707   0.0208   0.0440  -0.0621 
  0.0236  -0.0126   1.0000  -0.0210  -0.0033   0.0142  -0.0386   0.0410 
 -0.0521  -0.0000  -0.0210   1.0000   0.0182   0.0262  -0.0804  -0.0467 
  0.0384   0.0707  -0.0033   0.0182   1.0000   0.0061  -0.0249  -0.0272 
  0.0583   0.0208   0.0142   0.0262   0.0061   1.0000  -0.1227   0.0816 
  0.0019   0.0440  -0.0386  -0.0804  -0.0249  -0.1227   1.0000   0.0038 
 -0.0393  -0.0621   0.0410  -0.0467  -0.0272   0.0816   0.0038   1.0000 
---------------------------------------

Execution Time: 1.348764 seconds
Exit code: 0
Extracted time: 1.348764

=== serial (N=2000, M=500, iter=2) ===
Executing Serial Version
Matrix Size: N=2000, M=500
--- Input Matrix (Snippet) ---
  0.1784   0.3997   0.1666   0.2121   0.0619   0.0541   0.2757   0.0478 
  0.7832   0.1713   0.3731   0.1762   0.4492   0.9714   0.9770   0.4063 
  0.8579   0.2793   0.3497   0.6058   0.0737   0.1928   0.5753   0.2738 
  0.5231   0.4570   0.4980   0.9980   0.9538   0.4599   0.6245   0.8193 
  0.2355   0.3513   0.2187   0.2880   0.0186   0.3609   0.1549   0.3504 
  0.2459   0.4850   0.0104   0.8695   0.6495   0.6553   0.0003   0.2781 
  0.6835   0.2185   0.1961   0.0248   0.6727   0.5442   0.9639   0.2818 
  0.7949   0.9540   0.3739   0.6583   0.6555   0.8941   0.8713   0.9372 
---------------------------------------

--- Output Correlation Matrix (Snippet) ---
  1.0000   0.0256   0.0236  -0.0521   0.0384   0.0583   0.0019  -0.0393 
  0.0256   1.0000  -0.0126  -0.0000   0.0707   0.0208   0.0440  -0.0621 
  0.0236  -0.0126   1.0000  -0.0210  -0.0033   0.0142  -0.0386   0.0410 
 -0.0521  -0.0000  -0.0210   1.0000   0.0182   0.0262  -0.0804  -0.0467 
  0.0384   0.0707  -0.0033   0.0182   1.0000   0.0061  -0.0249  -0.0272 
  0.0583   0.0208   0.0142   0.0262   0.0061   1.0000  -0.1227   0.0816 
  0.0019   0.0440  -0.0386  -0.0804  -0.0249  -0.1227   1.0000   0.0038 
 -0.0393  -0.0621   0.0410  -0.0467  -0.0272   0.0816   0.0038   1.0000 
---------------------------------------

Execution Time: 1.210387 seconds
Exit code: 0
Extracted time: 1.210387

=== serial (N=2000, M=500, iter=3) ===
Executing Serial Version
Matrix Size: N=2000, M=500
--- Input Matrix (Snippet) ---
  0.1784   0.3997   0.1666   0.2121   0.0619   0.0541   0.2757   0.0478 
  0.7832   0.1713   0.3731   0.1762   0.4492   0.9714   0.9770   0.4063 
  0.8579   0.2793   0.3497   0.6058   0.0737   0.1928   0.5753   0.2738 
  0.5231   0.4570   0.4980   0.9980   0.9538   0.4599   0.6245   0.8193 
  0.2355   0.3513   0.2187   0.2880   0.0186   0.3609   0.1549   0.3504 
  0.2459   0.4850   0.0104   0.8695   0.6495   0.6553   0.0003   0.2781 
  0.6835   0.2185   0.1961   0.0248   0.6727   0.5442   0.9639   0.2818 
  0.7949   0.9540   0.3739   0.6583   0.6555   0.8941   0.8713   0.9372 
---------------------------------------

--- Output Correlation Matrix (Snippet) ---
  1.0000   0.0256   0.0236  -0.0521   0.0384   0.0583   0.0019  -0.0393 
  0.0256   1.0000  -0.0126  -0.0000   0.0707   0.0208   0.0440  -0.0621 
  0.0236  -0.0126   1.0000  -0.0210  -0.0033   0.0142  -0.0386   0.0410 
 -0.0521  -0.0000  -0.0210   1.0000   0.0182   0.0262  -0.0804  -0.0467 
  0.0384   0.0707  -0.0033   0.0182   1.0000   0.0061  -0.0249  -0.0272 
  0.0583   0.0208   0.0142   0.0262   0.0061   1.0000  -0.1227   0.0816 
  0.0019   0.0440  -0.0386  -0.0804  -0.0249  -0.1227   1.0000   0.0038 
 -0.0393  -0.0621   0.0410  -0.0467  -0.0272   0.0816   0.0038   1.0000 
---------------------------------------

Execution Time: 1.297903 seconds
Exit code: 0
Extracted time: 1.297903

=== serial (N=2000, M=1000, iter=1) ===
Executing Serial Version
Matrix Size: N=2000, M=1000
--- Input Matrix (Snippet) ---
  0.1784   0.3997   0.1666   0.2121   0.0619   0.0541   0.2757   0.0478 
  0.8579   0.2793   0.3497   0.6058   0.0737   0.1928   0.5753   0.2738 
  0.2355   0.3513   0.2187   0.2880   0.0186   0.3609   0.1549   0.3504 
  0.6835   0.2185   0.1961   0.0248   0.6727   0.5442   0.9639   0.2818 
  0.7361   0.6262   0.2348   0.0727   0.7465   0.0340   0.4242   0.2949 
  0.9063   0.4440   0.7253   0.1379   0.7956   0.9051   0.0964   0.8206 
  0.1672   0.1685   0.5519   0.6728   0.6104   0.7387   0.7906   0.5769 
  0.3751   0.2483   0.8508   0.0803   0.3567   0.4930   0.2261   0.4608 
---------------------------------------

--- Output Correlation Matrix (Snippet) ---
  1.0000   0.0109   0.0293  -0.0304   0.0102   0.0139   0.0044  -0.0106 
  0.0109   1.0000   0.0119  -0.0427  -0.0041  -0.0632  -0.0605  -0.0605 
  0.0293   0.0119   1.0000   0.0276   0.0204   0.0119   0.0083   0.0077 
 -0.0304  -0.0427   0.0276   1.0000   0.0269   0.0239   0.0206   0.0100 
  0.0102  -0.0041   0.0204   0.0269   1.0000   0.0015  -0.0140  -0.0381 
  0.0139  -0.0632   0.0119   0.0239   0.0015   1.0000  -0.0124   0.0481 
  0.0044  -0.0605   0.0083   0.0206  -0.0140  -0.0124   1.0000   0.0370 
 -0.0106  -0.0605   0.0077   0.0100  -0.0381   0.0481   0.0370   1.0000 
---------------------------------------

Execution Time: 3.002875 seconds
Exit code: 0
Extracted time: 3.002875

=== serial (N=2000, M=1000, iter=2) ===
Executing Serial Version
Matrix Size: N=2000, M=1000
--- Input Matrix (Snippet) ---
  0.1784   0.3997   0.1666   0.2121   0.0619   0.0541   0.2757   0.0478 
  0.8579   0.2793   0.3497   0.6058   0.0737   0.1928   0.5753   0.2738 
  0.2355   0.3513   0.2187   0.2880   0.0186   0.3609   0.1549   0.3504 
  0.6835   0.2185   0.1961   0.0248   0.6727   0.5442   0.9639   0.2818 
  0.7361   0.6262   0.2348   0.0727   0.7465   0.0340   0.4242   0.2949 
  0.9063   0.4440   0.7253   0.1379   0.7956   0.9051   0.0964   0.8206 
  0.1672   0.1685   0.5519   0.6728   0.6104   0.7387   0.7906   0.5769 
  0.3751   0.2483   0.8508   0.0803   0.3567   0.4930   0.2261   0.4608 
---------------------------------------

--- Output Correlation Matrix (Snippet) ---
  1.0000   0.0109   0.0293  -0.0304   0.0102   0.0139   0.0044  -0.0106 
  0.0109   1.0000   0.0119  -0.0427  -0.0041  -0.0632  -0.0605  -0.0605 
  0.0293   0.0119   1.0000   0.0276   0.0204   0.0119   0.0083   0.0077 
 -0.0304  -0.0427   0.0276   1.0000   0.0269   0.0239   0.0206   0.0100 
  0.0102  -0.0041   0.0204   0.0269   1.0000   0.0015  -0.0140  -0.0381 
  0.0139  -0.0632   0.0119   0.0239   0.0015   1.0000  -0.0124   0.0481 
  0.0044  -0.0605   0.0083   0.0206  -0.0140  -0.0124   1.0000   0.0370 
 -0.0106  -0.0605   0.0077   0.0100  -0.0381   0.0481   0.0370   1.0000 
---------------------------------------

Execution Time: 2.792306 seconds
Exit code: 0
Extracted time: 2.792306

=== serial (N=2000, M=1000, iter=3) ===
Executing Serial Version
Matrix Size: N=2000, M=1000
--- Input Matrix (Snippet) ---
  0.1784   0.3997   0.1666   0.2121   0.0619   0.0541   0.2757   0.0478 
  0.8579   0.2793   0.3497   0.6058   0.0737   0.1928   0.5753   0.2738 
  0.2355   0.3513   0.2187   0.2880   0.0186   0.3609   0.1549   0.3504 
  0.6835   0.2185   0.1961   0.0248   0.6727   0.5442   0.9639   0.2818 
  0.7361   0.6262   0.2348   0.0727   0.7465   0.0340   0.4242   0.2949 
  0.9063   0.4440   0.7253   0.1379   0.7956   0.9051   0.0964   0.8206 
  0.1672   0.1685   0.5519   0.6728   0.6104   0.7387   0.7906   0.5769 
  0.3751   0.2483   0.8508   0.0803   0.3567   0.4930   0.2261   0.4608 
---------------------------------------

--- Output Correlation Matrix (Snippet) ---
  1.0000   0.0109   0.0293  -0.0304   0.0102   0.0139   0.0044  -0.0106 
  0.0109   1.0000   0.0119  -0.0427  -0.0041  -0.0632  -0.0605  -0.0605 
  0.0293   0.0119   1.0000   0.0276   0.0204   0.0119   0.0083   0.0077 
 -0.0304  -0.0427   0.0276   1.0000   0.0269   0.0239   0.0206   0.0100 
  0.0102  -0.0041   0.0204   0.0269   1.0000   0.0015  -0.0140  -0.0381 
  0.0139  -0.0632   0.0119   0.0239   0.0015   1.0000  -0.0124   0.0481 
  0.0044  -0.0605   0.0083   0.0206  -0.0140  -0.0124   1.0000   0.0370 
 -0.0106  -0.0605   0.0077   0.0100  -0.0381   0.0481   0.0370   1.0000 
---------------------------------------

Execution Time: 2.772515 seconds
Exit code: 0
Extracted time: 2.772515

=== serial (N=2000, M=1500, iter=1) ===
Executing Serial Version
Matrix Size: N=2000, M=1500
--- Input Matrix (Snippet) ---
  0.1784   0.3997   0.1666   0.2121   0.0619   0.0541   0.2757   0.0478 
  0.5231   0.4570   0.4980   0.9980   0.9538   0.4599   0.6245   0.8193 
  0.6835   0.2185   0.1961   0.0248   0.6727   0.5442   0.9639   0.2818 
  0.6730   0.3860   0.7919   0.3859   0.4882   0.1123   0.5655   0.3819 
  0.1672   0.1685   0.5519   0.6728   0.6104   0.7387   0.7906   0.5769 
  0.2896   0.8828   0.9025   0.7990   0.6499   0.1416   0.2104   0.8247 
  0.4815   0.6118   0.5401   0.8225   0.6975   0.4157   0.2738   0.2554 
  0.5062   0.5588   0.9413   0.5000   0.5328   0.1062   0.3400   0.7122 
---------------------------------------

--- Output Correlation Matrix (Snippet) ---
  1.0000   0.0111  -0.0267  -0.0267  -0.0210   0.0113   0.0004   0.0095 
  0.0111   1.0000  -0.0268   0.0110   0.0518  -0.0168   0.0241   0.0123 
 -0.0267  -0.0268   1.0000   0.0289   0.0020  -0.0170  -0.0226  -0.0030 
 -0.0267   0.0110   0.0289   1.0000   0.0178  -0.0459   0.0215  -0.0381 
 -0.0210   0.0518   0.0020   0.0178   1.0000   0.0124  -0.0130  -0.0079 
  0.0113  -0.0168  -0.0170  -0.0459   0.0124   1.0000   0.0043   0.0352 
  0.0004   0.0241  -0.0226   0.0215  -0.0130   0.0043   1.0000  -0.0296 
  0.0095   0.0123  -0.0030  -0.0381  -0.0079   0.0352  -0.0296   1.0000 
---------------------------------------

Execution Time: 3.973776 seconds
Exit code: 0
Extracted time: 3.973776

=== serial (N=2000, M=1500, iter=2) ===
Executing Serial Version
Matrix Size: N=2000, M=1500
--- Input Matrix (Snippet) ---
  0.1784   0.3997   0.1666   0.2121   0.0619   0.0541   0.2757   0.0478 
  0.5231   0.4570   0.4980   0.9980   0.9538   0.4599   0.6245   0.8193 
  0.6835   0.2185   0.1961   0.0248   0.6727   0.5442   0.9639   0.2818 
  0.6730   0.3860   0.7919   0.3859   0.4882   0.1123   0.5655   0.3819 
  0.1672   0.1685   0.5519   0.6728   0.6104   0.7387   0.7906   0.5769 
  0.2896   0.8828   0.9025   0.7990   0.6499   0.1416   0.2104   0.8247 
  0.4815   0.6118   0.5401   0.8225   0.6975   0.4157   0.2738   0.2554 
  0.5062   0.5588   0.9413   0.5000   0.5328   0.1062   0.3400   0.7122 
---------------------------------------

--- Output Correlation Matrix (Snippet) ---
  1.0000   0.0111  -0.0267  -0.0267  -0.0210   0.0113   0.0004   0.0095 
  0.0111   1.0000  -0.0268   0.0110   0.0518  -0.0168   0.0241   0.0123 
 -0.0267  -0.0268   1.0000   0.0289   0.0020  -0.0170  -0.0226  -0.0030 
 -0.0267   0.0110   0.0289   1.0000   0.0178  -0.0459   0.0215  -0.0381 
 -0.0210   0.0518   0.0020   0.0178   1.0000   0.0124  -0.0130  -0.0079 
  0.0113  -0.0168  -0.0170  -0.0459   0.0124   1.0000   0.0043   0.0352 
  0.0004   0.0241  -0.0226   0.0215  -0.0130   0.0043   1.0000  -0.0296 
  0.0095   0.0123  -0.0030  -0.0381  -0.0079   0.0352  -0.0296   1.0000 
---------------------------------------

Execution Time: 4.250655 seconds
Exit code: 0
Extracted time: 4.250655

=== serial (N=2000, M=1500, iter=3) ===
Executing Serial Version
Matrix Size: N=2000, M=1500
--- Input Matrix (Snippet) ---
  0.1784   0.3997   0.1666   0.2121   0.0619   0.0541   0.2757   0.0478 
  0.5231   0.4570   0.4980   0.9980   0.9538   0.4599   0.6245   0.8193 
  0.6835   0.2185   0.1961   0.0248   0.6727   0.5442   0.9639   0.2818 
  0.6730   0.3860   0.7919   0.3859   0.4882   0.1123   0.5655   0.3819 
  0.1672   0.1685   0.5519   0.6728   0.6104   0.7387   0.7906   0.5769 
  0.2896   0.8828   0.9025   0.7990   0.6499   0.1416   0.2104   0.8247 
  0.4815   0.6118   0.5401   0.8225   0.6975   0.4157   0.2738   0.2554 
  0.5062   0.5588   0.9413   0.5000   0.5328   0.1062   0.3400   0.7122 
---------------------------------------

--- Output Correlation Matrix (Snippet) ---
  1.0000   0.0111  -0.0267  -0.0267  -0.0210   0.0113   0.0004   0.0095 
  0.0111   1.0000  -0.0268   0.0110   0.0518  -0.0168   0.0241   0.0123 
 -0.0267  -0.0268   1.0000   0.0289   0.0020  -0.0170  -0.0226  -0.0030 
 -0.0267   0.0110   0.0289   1.0000   0.0178  -0.0459   0.0215  -0.0381 
 -0.0210   0.0518   0.0020   0.0178   1.0000   0.0124  -0.0130  -0.0079 
  0.0113  -0.0168  -0.0170  -0.0459   0.0124   1.0000   0.0043   0.0352 
  0.0004   0.0241  -0.0226   0.0215  -0.0130   0.0043   1.0000  -0.0296 
  0.0095   0.0123  -0.0030  -0.0381  -0.0079   0.0352  -0.0296   1.0000 
---------------------------------------

Execution Time: 4.100256 seconds
Exit code: 0
Extracted time: 4.100256

=== serial (N=2000, M=2000, iter=1) ===
Executing Serial Version
Matrix Size: N=2000, M=2000
--- Input Matrix (Snippet) ---
  0.1784   0.3997   0.1666   0.2121   0.0619   0.0541   0.2757   0.0478 
  0.2355   0.3513   0.2187   0.2880   0.0186   0.3609   0.1549   0.3504 
  0.7361   0.6262   0.2348   0.0727   0.7465   0.0340   0.4242   0.2949 
  0.1672   0.1685   0.5519   0.6728   0.6104   0.7387   0.7906   0.5769 
  0.9290   0.7971   0.1292   0.8444   0.4470   0.9848   0.7467   0.6753 
  0.6577   0.0369   0.3331   0.8758   0.2217   0.6708   0.6280   0.0000 
  0.9311   0.2895   0.4608   0.4579   0.4643   0.0754   0.2606   0.6549 
  0.2649   0.2373   0.6548   0.4642   0.2228   0.6153   0.1826   0.9288 
---------------------------------------

--- Output Correlation Matrix (Snippet) ---
  1.0000  -0.0069  -0.0270  -0.0283   0.0410  -0.0121  -0.0445  -0.0154 
 -0.0069   1.0000   0.0227   0.0096  -0.0277  -0.0158   0.0245   0.0515 
 -0.0270   0.0227   1.0000   0.0181  -0.0084  -0.0181   0.0164   0.0039 
 -0.0283   0.0096   0.0181   1.0000  -0.0407   0.0316   0.0226   0.0055 
  0.0410  -0.0277  -0.0084  -0.0407   1.0000  -0.0453   0.0127  -0.0128 
 -0.0121  -0.0158  -0.0181   0.0316  -0.0453   1.0000  -0.0070  -0.0285 
 -0.0445   0.0245   0.0164   0.0226   0.0127  -0.0070   1.0000   0.0225 
 -0.0154   0.0515   0.0039   0.0055  -0.0128  -0.0285   0.0225   1.0000 
---------------------------------------

Execution Time: 5.361932 seconds
Exit code: 0
Extracted time: 5.361932

=== serial (N=2000, M=2000, iter=2) ===
Executing Serial Version
Matrix Size: N=2000, M=2000
--- Input Matrix (Snippet) ---
  0.1784   0.3997   0.1666   0.2121   0.0619   0.0541   0.2757   0.0478 
  0.2355   0.3513   0.2187   0.2880   0.0186   0.3609   0.1549   0.3504 
  0.7361   0.6262   0.2348   0.0727   0.7465   0.0340   0.4242   0.2949 
  0.1672   0.1685   0.5519   0.6728   0.6104   0.7387   0.7906   0.5769 
  0.9290   0.7971   0.1292   0.8444   0.4470   0.9848   0.7467   0.6753 
  0.6577   0.0369   0.3331   0.8758   0.2217   0.6708   0.6280   0.0000 
  0.9311   0.2895   0.4608   0.4579   0.4643   0.0754   0.2606   0.6549 
  0.2649   0.2373   0.6548   0.4642   0.2228   0.6153   0.1826   0.9288 
---------------------------------------

--- Output Correlation Matrix (Snippet) ---
  1.0000  -0.0069  -0.0270  -0.0283   0.0410  -0.0121  -0.0445  -0.0154 
 -0.0069   1.0000   0.0227   0.0096  -0.0277  -0.0158   0.0245   0.0515 
 -0.0270   0.0227   1.0000   0.0181  -0.0084  -0.0181   0.0164   0.0039 
 -0.0283   0.0096   0.0181   1.0000  -0.0407   0.0316   0.0226   0.0055 
  0.0410  -0.0277  -0.0084  -0.0407   1.0000  -0.0453   0.0127  -0.0128 
 -0.0121  -0.0158  -0.0181   0.0316  -0.0453   1.0000  -0.0070  -0.0285 
 -0.0445   0.0245   0.0164   0.0226   0.0127  -0.0070   1.0000   0.0225 
 -0.0154   0.0515   0.0039   0.0055  -0.0128  -0.0285   0.0225   1.0000 
---------------------------------------

Execution Time: 5.662689 seconds
Exit code: 0
Extracted time: 5.662689

=== serial (N=2000, M=2000, iter=3) ===
Executing Serial Version
Matrix Size: N=2000, M=2000
--- Input Matrix (Snippet) ---
  0.1784   0.3997   0.1666   0.2121   0.0619   0.0541   0.2757   0.0478 
  0.2355   0.3513   0.2187   0.2880   0.0186   0.3609   0.1549   0.3504 
  0.7361   0.6262   0.2348   0.0727   0.7465   0.0340   0.4242   0.2949 
  0.1672   0.1685   0.5519   0.6728   0.6104   0.7387   0.7906   0.5769 
  0.9290   0.7971   0.1292   0.8444   0.4470   0.9848   0.7467   0.6753 
  0.6577   0.0369   0.3331   0.8758   0.2217   0.6708   0.6280   0.0000 
  0.9311   0.2895   0.4608   0.4579   0.4643   0.0754   0.2606   0.6549 
  0.2649   0.2373   0.6548   0.4642   0.2228   0.6153   0.1826   0.9288 
---------------------------------------

--- Output Correlation Matrix (Snippet) ---
  1.0000  -0.0069  -0.0270  -0.0283   0.0410  -0.0121  -0.0445  -0.0154 
 -0.0069   1.0000   0.0227   0.0096  -0.0277  -0.0158   0.0245   0.0515 
 -0.0270   0.0227   1.0000   0.0181  -0.0084  -0.0181   0.0164   0.0039 
 -0.0283   0.0096   0.0181   1.0000  -0.0407   0.0316   0.0226   0.0055 
  0.0410  -0.0277  -0.0084  -0.0407   1.0000  -0.0453   0.0127  -0.0128 
 -0.0121  -0.0158  -0.0181   0.0316  -0.0453   1.0000  -0.0070  -0.0285 
 -0.0445   0.0245   0.0164   0.0226   0.0127  -0.0070   1.0000   0.0225 
 -0.0154   0.0515   0.0039   0.0055  -0.0128  -0.0285   0.0225   1.0000 
---------------------------------------

Execution Time: 5.610556 seconds
Exit code: 0
Extracted time: 5.610556

=== serial (N=2000, M=2500, iter=1) ===
Executing Serial Version
Matrix Size: N=2000, M=2500
--- Input Matrix (Snippet) ---
  0.1784   0.3997   0.1666   0.2121   0.0619   0.0541   0.2757   0.0478 
  0.2459   0.4850   0.0104   0.8695   0.6495   0.6553   0.0003   0.2781 
  0.9063   0.4440   0.7253   0.1379   0.7956   0.9051   0.0964   0.8206 
  0.2896   0.8828   0.9025   0.7990   0.6499   0.1416   0.2104   0.8247 
  0.6577   0.0369   0.3331   0.8758   0.2217   0.6708   0.6280   0.0000 
  0.0891   0.9237   0.8383   0.8221   0.7560   0.6990   0.3387   0.4892 
  0.7794   0.8132   0.7432   0.9474   0.3793   0.9794   0.6384   0.6187 
  0.0842   0.1832   0.3542   0.9223   0.4774   0.3511   0.6550   0.4676 
---------------------------------------

--- Output Correlation Matrix (Snippet) ---
  1.0000   0.0305  -0.0212   0.0233  -0.0160  -0.0192   0.0017  -0.0016 
  0.0305   1.0000   0.0092   0.0212   0.0022   0.0280  -0.0362  -0.0159 
 -0.0212   0.0092   1.0000  -0.0060   0.0119   0.0228  -0.0218  -0.0016 
  0.0233   0.0212  -0.0060   1.0000  -0.0190  -0.0385  -0.0178   0.0073 
 -0.0160   0.0022   0.0119  -0.0190   1.0000   0.0217   0.0011  -0.0372 
 -0.0192   0.0280   0.0228  -0.0385   0.0217   1.0000  -0.0358  -0.0005 
  0.0017  -0.0362  -0.0218  -0.0178   0.0011  -0.0358   1.0000   0.0276 
 -0.0016  -0.0159  -0.0016   0.0073  -0.0372  -0.0005   0.0276   1.0000 
---------------------------------------

Execution Time: 6.861707 seconds
Exit code: 0
Extracted time: 6.861707

=== serial (N=2000, M=2500, iter=2) ===
Executing Serial Version
Matrix Size: N=2000, M=2500
--- Input Matrix (Snippet) ---
  0.1784   0.3997   0.1666   0.2121   0.0619   0.0541   0.2757   0.0478 
  0.2459   0.4850   0.0104   0.8695   0.6495   0.6553   0.0003   0.2781 
  0.9063   0.4440   0.7253   0.1379   0.7956   0.9051   0.0964   0.8206 
  0.2896   0.8828   0.9025   0.7990   0.6499   0.1416   0.2104   0.8247 
  0.6577   0.0369   0.3331   0.8758   0.2217   0.6708   0.6280   0.0000 
  0.0891   0.9237   0.8383   0.8221   0.7560   0.6990   0.3387   0.4892 
  0.7794   0.8132   0.7432   0.9474   0.3793   0.9794   0.6384   0.6187 
  0.0842   0.1832   0.3542   0.9223   0.4774   0.3511   0.6550   0.4676 
---------------------------------------

--- Output Correlation Matrix (Snippet) ---
  1.0000   0.0305  -0.0212   0.0233  -0.0160  -0.0192   0.0017  -0.0016 
  0.0305   1.0000   0.0092   0.0212   0.0022   0.0280  -0.0362  -0.0159 
 -0.0212   0.0092   1.0000  -0.0060   0.0119   0.0228  -0.0218  -0.0016 
  0.0233   0.0212  -0.0060   1.0000  -0.0190  -0.0385  -0.0178   0.0073 
 -0.0160   0.0022   0.0119  -0.0190   1.0000   0.0217   0.0011  -0.0372 
 -0.0192   0.0280   0.0228  -0.0385   0.0217   1.0000  -0.0358  -0.0005 
  0.0017  -0.0362  -0.0218  -0.0178   0.0011  -0.0358   1.0000   0.0276 
 -0.0016  -0.0159  -0.0016   0.0073  -0.0372  -0.0005   0.0276   1.0000 
---------------------------------------

Execution Time: 6.576190 seconds
Exit code: 0
Extracted time: 6.576190

=== serial (N=2000, M=2500, iter=3) ===
Executing Serial Version
Matrix Size: N=2000, M=2500
--- Input Matrix (Snippet) ---
  0.1784   0.3997   0.1666   0.2121   0.0619   0.0541   0.2757   0.0478 
  0.2459   0.4850   0.0104   0.8695   0.6495   0.6553   0.0003   0.2781 
  0.9063   0.4440   0.7253   0.1379   0.7956   0.9051   0.0964   0.8206 
  0.2896   0.8828   0.9025   0.7990   0.6499   0.1416   0.2104   0.8247 
  0.6577   0.0369   0.3331   0.8758   0.2217   0.6708   0.6280   0.0000 
  0.0891   0.9237   0.8383   0.8221   0.7560   0.6990   0.3387   0.4892 
  0.7794   0.8132   0.7432   0.9474   0.3793   0.9794   0.6384   0.6187 
  0.0842   0.1832   0.3542   0.9223   0.4774   0.3511   0.6550   0.4676 
---------------------------------------

--- Output Correlation Matrix (Snippet) ---
  1.0000   0.0305  -0.0212   0.0233  -0.0160  -0.0192   0.0017  -0.0016 
  0.0305   1.0000   0.0092   0.0212   0.0022   0.0280  -0.0362  -0.0159 
 -0.0212   0.0092   1.0000  -0.0060   0.0119   0.0228  -0.0218  -0.0016 
  0.0233   0.0212  -0.0060   1.0000  -0.0190  -0.0385  -0.0178   0.0073 
 -0.0160   0.0022   0.0119  -0.0190   1.0000   0.0217   0.0011  -0.0372 
 -0.0192   0.0280   0.0228  -0.0385   0.0217   1.0000  -0.0358  -0.0005 
  0.0017  -0.0362  -0.0218  -0.0178   0.0011  -0.0358   1.0000   0.0276 
 -0.0016  -0.0159  -0.0016   0.0073  -0.0372  -0.0005   0.0276   1.0000 
---------------------------------------

Execution Time: 7.224040 seconds
Exit code: 0
Extracted time: 7.224040

=== serial (N=2000, M=3000, iter=1) ===
Executing Serial Version
Matrix Size: N=2000, M=3000
--- Input Matrix (Snippet) ---
  0.1784   0.3997   0.1666   0.2121   0.0619   0.0541   0.2757   0.0478 
  0.6835   0.2185   0.1961   0.0248   0.6727   0.5442   0.9639   0.2818 
  0.1672   0.1685   0.5519   0.6728   0.6104   0.7387   0.7906   0.5769 
  0.4815   0.6118   0.5401   0.8225   0.6975   0.4157   0.2738   0.2554 
  0.9311   0.2895   0.4608   0.4579   0.4643   0.0754   0.2606   0.6549 
  0.7794   0.8132   0.7432   0.9474   0.3793   0.9794   0.6384   0.6187 
  0.1583   0.6916   0.6599   0.6962   0.3418   0.4218   0.2080   0.0566 
  0.5013   0.8661   0.8181   0.8221   0.2707   0.8748   0.9764   0.6529 
---------------------------------------

--- Output Correlation Matrix (Snippet) ---
  1.0000  -0.0079  -0.0189   0.0064  -0.0058   0.0126   0.0067  -0.0029 
 -0.0079   1.0000  -0.0219  -0.0305  -0.0129   0.0147  -0.0086   0.0305 
 -0.0189  -0.0219   1.0000   0.0110   0.0151   0.0069  -0.0076   0.0224 
  0.0064  -0.0305   0.0110   1.0000  -0.0143   0.0036   0.0036  -0.0167 
 -0.0058  -0.0129   0.0151  -0.0143   1.0000   0.0173  -0.0375  -0.0020 
  0.0126   0.0147   0.0069   0.0036   0.0173   1.0000  -0.0245   0.0187 
  0.0067  -0.0086  -0.0076   0.0036  -0.0375  -0.0245   1.0000  -0.0087 
 -0.0029   0.0305   0.0224  -0.0167  -0.0020   0.0187  -0.0087   1.0000 
---------------------------------------

Execution Time: 8.272103 seconds
Exit code: 0
Extracted time: 8.272103

=== serial (N=2000, M=3000, iter=2) ===
Executing Serial Version
Matrix Size: N=2000, M=3000
--- Input Matrix (Snippet) ---
  0.1784   0.3997   0.1666   0.2121   0.0619   0.0541   0.2757   0.0478 
  0.6835   0.2185   0.1961   0.0248   0.6727   0.5442   0.9639   0.2818 
  0.1672   0.1685   0.5519   0.6728   0.6104   0.7387   0.7906   0.5769 
  0.4815   0.6118   0.5401   0.8225   0.6975   0.4157   0.2738   0.2554 
  0.9311   0.2895   0.4608   0.4579   0.4643   0.0754   0.2606   0.6549 
  0.7794   0.8132   0.7432   0.9474   0.3793   0.9794   0.6384   0.6187 
  0.1583   0.6916   0.6599   0.6962   0.3418   0.4218   0.2080   0.0566 
  0.5013   0.8661   0.8181   0.8221   0.2707   0.8748   0.9764   0.6529 
---------------------------------------

--- Output Correlation Matrix (Snippet) ---
  1.0000  -0.0079  -0.0189   0.0064  -0.0058   0.0126   0.0067  -0.0029 
 -0.0079   1.0000  -0.0219  -0.0305  -0.0129   0.0147  -0.0086   0.0305 
 -0.0189  -0.0219   1.0000   0.0110   0.0151   0.0069  -0.0076   0.0224 
  0.0064  -0.0305   0.0110   1.0000  -0.0143   0.0036   0.0036  -0.0167 
 -0.0058  -0.0129   0.0151  -0.0143   1.0000   0.0173  -0.0375  -0.0020 
  0.0126   0.0147   0.0069   0.0036   0.0173   1.0000  -0.0245   0.0187 
  0.0067  -0.0086  -0.0076   0.0036  -0.0375  -0.0245   1.0000  -0.0087 
 -0.0029   0.0305   0.0224  -0.0167  -0.0020   0.0187  -0.0087   1.0000 
---------------------------------------

Execution Time: 8.365017 seconds
Exit code: 0
Extracted time: 8.365017

=== serial (N=2000, M=3000, iter=3) ===
Executing Serial Version
Matrix Size: N=2000, M=3000
--- Input Matrix (Snippet) ---
  0.1784   0.3997   0.1666   0.2121   0.0619   0.0541   0.2757   0.0478 
  0.6835   0.2185   0.1961   0.0248   0.6727   0.5442   0.9639   0.2818 
  0.1672   0.1685   0.5519   0.6728   0.6104   0.7387   0.7906   0.5769 
  0.4815   0.6118   0.5401   0.8225   0.6975   0.4157   0.2738   0.2554 
  0.9311   0.2895   0.4608   0.4579   0.4643   0.0754   0.2606   0.6549 
  0.7794   0.8132   0.7432   0.9474   0.3793   0.9794   0.6384   0.6187 
  0.1583   0.6916   0.6599   0.6962   0.3418   0.4218   0.2080   0.0566 
  0.5013   0.8661   0.8181   0.8221   0.2707   0.8748   0.9764   0.6529 
---------------------------------------

--- Output Correlation Matrix (Snippet) ---
  1.0000  -0.0079  -0.0189   0.0064  -0.0058   0.0126   0.0067  -0.0029 
 -0.0079   1.0000  -0.0219  -0.0305  -0.0129   0.0147  -0.0086   0.0305 
 -0.0189  -0.0219   1.0000   0.0110   0.0151   0.0069  -0.0076   0.0224 
  0.0064  -0.0305   0.0110   1.0000  -0.0143   0.0036   0.0036  -0.0167 
 -0.0058  -0.0129   0.0151  -0.0143   1.0000   0.0173  -0.0375  -0.0020 
  0.0126   0.0147   0.0069   0.0036   0.0173   1.0000  -0.0245   0.0187 
  0.0067  -0.0086  -0.0076   0.0036  -0.0375  -0.0245   1.0000  -0.0087 
 -0.0029   0.0305   0.0224  -0.0167  -0.0020   0.0187  -0.0087   1.0000 
---------------------------------------

Execution Time: 7.937407 seconds
Exit code: 0
Extracted time: 7.937407

=== openmp (N=100, M=500, iter=1) ===
Executing OpenMP Version
Matrix Size: N=100, M=500
Num threads: 8
--- Input Matrix (Snippet) ---
  0.1784   0.3997   0.1666   0.2121   0.0619   0.0541   0.2757   0.0478 
  0.7832   0.1713   0.3731   0.1762   0.4492   0.9714   0.9770   0.4063 
  0.8579   0.2793   0.3497   0.6058   0.0737   0.1928   0.5753   0.2738 
  0.5231   0.4570   0.4980   0.9980   0.9538   0.4599   0.6245   0.8193 
  0.2355   0.3513   0.2187   0.2880   0.0186   0.3609   0.1549   0.3504 
  0.2459   0.4850   0.0104   0.8695   0.6495   0.6553   0.0003   0.2781 
  0.6835   0.2185   0.1961   0.0248   0.6727   0.5442   0.9639   0.2818 
  0.7949   0.9540   0.3739   0.6583   0.6555   0.8941   0.8713   0.9372 
---------------------------------------

--- Output Correlation Matrix (Snippet) ---
  1.0000   0.0256   0.0236  -0.0521   0.0384   0.0583   0.0019  -0.0393 
  0.0256   1.0000  -0.0126  -0.0000   0.0707   0.0208   0.0440  -0.0621 
  0.0236  -0.0126   1.0000  -0.0210  -0.0033   0.0142  -0.0386   0.0410 
 -0.0521  -0.0000  -0.0210   1.0000   0.0182   0.0262  -0.0804  -0.0467 
  0.0384   0.0707  -0.0033   0.0182   1.0000   0.0061  -0.0249  -0.0272 
  0.0583   0.0208   0.0142   0.0262   0.0061   1.0000  -0.1227   0.0816 
  0.0019   0.0440  -0.0386  -0.0804  -0.0249  -0.1227   1.0000   0.0038 
 -0.0393  -0.0621   0.0410  -0.0467  -0.0272   0.0816   0.0038   1.0000 
---------------------------------------

Execution Time: 0.011523 seconds
Exit code: 0
Extracted time: 0.011523

=== openmp (N=100, M=500, iter=2) ===
Executing OpenMP Version
Matrix Size: N=100, M=500
Num threads: 8
--- Input Matrix (Snippet) ---
  0.1784   0.3997   0.1666   0.2121   0.0619   0.0541   0.2757   0.0478 
  0.7832   0.1713   0.3731   0.1762   0.4492   0.9714   0.9770   0.4063 
  0.8579   0.2793   0.3497   0.6058   0.0737   0.1928   0.5753   0.2738 
  0.5231   0.4570   0.4980   0.9980   0.9538   0.4599   0.6245   0.8193 
  0.2355   0.3513   0.2187   0.2880   0.0186   0.3609   0.1549   0.3504 
  0.2459   0.4850   0.0104   0.8695   0.6495   0.6553   0.0003   0.2781 
  0.6835   0.2185   0.1961   0.0248   0.6727   0.5442   0.9639   0.2818 
  0.7949   0.9540   0.3739   0.6583   0.6555   0.8941   0.8713   0.9372 
---------------------------------------

--- Output Correlation Matrix (Snippet) ---
  1.0000   0.0256   0.0236  -0.0521   0.0384   0.0583   0.0019  -0.0393 
  0.0256   1.0000  -0.0126  -0.0000   0.0707   0.0208   0.0440  -0.0621 
  0.0236  -0.0126   1.0000  -0.0210  -0.0033   0.0142  -0.0386   0.0410 
 -0.0521  -0.0000  -0.0210   1.0000   0.0182   0.0262  -0.0804  -0.0467 
  0.0384   0.0707  -0.0033   0.0182   1.0000   0.0061  -0.0249  -0.0272 
  0.0583   0.0208   0.0142   0.0262   0.0061   1.0000  -0.1227   0.0816 
  0.0019   0.0440  -0.0386  -0.0804  -0.0249  -0.1227   1.0000   0.0038 
 -0.0393  -0.0621   0.0410  -0.0467  -0.0272   0.0816   0.0038   1.0000 
---------------------------------------

Execution Time: 0.007437 seconds
Exit code: 0
Extracted time: 0.007437

=== openmp (N=100, M=500, iter=3) ===
Executing OpenMP Version
Matrix Size: N=100, M=500
Num threads: 8
--- Input Matrix (Snippet) ---
  0.1784   0.3997   0.1666   0.2121   0.0619   0.0541   0.2757   0.0478 
  0.7832   0.1713   0.3731   0.1762   0.4492   0.9714   0.9770   0.4063 
  0.8579   0.2793   0.3497   0.6058   0.0737   0.1928   0.5753   0.2738 
  0.5231   0.4570   0.4980   0.9980   0.9538   0.4599   0.6245   0.8193 
  0.2355   0.3513   0.2187   0.2880   0.0186   0.3609   0.1549   0.3504 
  0.2459   0.4850   0.0104   0.8695   0.6495   0.6553   0.0003   0.2781 
  0.6835   0.2185   0.1961   0.0248   0.6727   0.5442   0.9639   0.2818 
  0.7949   0.9540   0.3739   0.6583   0.6555   0.8941   0.8713   0.9372 
---------------------------------------

--- Output Correlation Matrix (Snippet) ---
  1.0000   0.0256   0.0236  -0.0521   0.0384   0.0583   0.0019  -0.0393 
  0.0256   1.0000  -0.0126  -0.0000   0.0707   0.0208   0.0440  -0.0621 
  0.0236  -0.0126   1.0000  -0.0210  -0.0033   0.0142  -0.0386   0.0410 
 -0.0521  -0.0000  -0.0210   1.0000   0.0182   0.0262  -0.0804  -0.0467 
  0.0384   0.0707  -0.0033   0.0182   1.0000   0.0061  -0.0249  -0.0272 
  0.0583   0.0208   0.0142   0.0262   0.0061   1.0000  -0.1227   0.0816 
  0.0019   0.0440  -0.0386  -0.0804  -0.0249  -0.1227   1.0000   0.0038 
 -0.0393  -0.0621   0.0410  -0.0467  -0.0272   0.0816   0.0038   1.0000 
---------------------------------------

Execution Time: 0.004882 seconds
Exit code: 0
Extracted time: 0.004882

=== openmp (N=100, M=1000, iter=1) ===
Executing OpenMP Version
Matrix Size: N=100, M=1000
Num threads: 8
--- Input Matrix (Snippet) ---
  0.1784   0.3997   0.1666   0.2121   0.0619   0.0541   0.2757   0.0478 
  0.8579   0.2793   0.3497   0.6058   0.0737   0.1928   0.5753   0.2738 
  0.2355   0.3513   0.2187   0.2880   0.0186   0.3609   0.1549   0.3504 
  0.6835   0.2185   0.1961   0.0248   0.6727   0.5442   0.9639   0.2818 
  0.7361   0.6262   0.2348   0.0727   0.7465   0.0340   0.4242   0.2949 
  0.9063   0.4440   0.7253   0.1379   0.7956   0.9051   0.0964   0.8206 
  0.1672   0.1685   0.5519   0.6728   0.6104   0.7387   0.7906   0.5769 
  0.3751   0.2483   0.8508   0.0803   0.3567   0.4930   0.2261   0.4608 
---------------------------------------

--- Output Correlation Matrix (Snippet) ---
  1.0000   0.0109   0.0293  -0.0304   0.0102   0.0139   0.0044  -0.0106 
  0.0109   1.0000   0.0119  -0.0427  -0.0041  -0.0632  -0.0605  -0.0605 
  0.0293   0.0119   1.0000   0.0276   0.0204   0.0119   0.0083   0.0077 
 -0.0304  -0.0427   0.0276   1.0000   0.0269   0.0239   0.0206   0.0100 
  0.0102  -0.0041   0.0204   0.0269   1.0000   0.0015  -0.0140  -0.0381 
  0.0139  -0.0632   0.0119   0.0239   0.0015   1.0000  -0.0124   0.0481 
  0.0044  -0.0605   0.0083   0.0206  -0.0140  -0.0124   1.0000   0.0370 
 -0.0106  -0.0605   0.0077   0.0100  -0.0381   0.0481   0.0370   1.0000 
---------------------------------------

Execution Time: 0.013205 seconds
Exit code: 0
Extracted time: 0.013205

=== openmp (N=100, M=1000, iter=2) ===
Executing OpenMP Version
Matrix Size: N=100, M=1000
Num threads: 8
--- Input Matrix (Snippet) ---
  0.1784   0.3997   0.1666   0.2121   0.0619   0.0541   0.2757   0.0478 
  0.8579   0.2793   0.3497   0.6058   0.0737   0.1928   0.5753   0.2738 
  0.2355   0.3513   0.2187   0.2880   0.0186   0.3609   0.1549   0.3504 
  0.6835   0.2185   0.1961   0.0248   0.6727   0.5442   0.9639   0.2818 
  0.7361   0.6262   0.2348   0.0727   0.7465   0.0340   0.4242   0.2949 
  0.9063   0.4440   0.7253   0.1379   0.7956   0.9051   0.0964   0.8206 
  0.1672   0.1685   0.5519   0.6728   0.6104   0.7387   0.7906   0.5769 
  0.3751   0.2483   0.8508   0.0803   0.3567   0.4930   0.2261   0.4608 
---------------------------------------

--- Output Correlation Matrix (Snippet) ---
  1.0000   0.0109   0.0293  -0.0304   0.0102   0.0139   0.0044  -0.0106 
  0.0109   1.0000   0.0119  -0.0427  -0.0041  -0.0632  -0.0605  -0.0605 
  0.0293   0.0119   1.0000   0.0276   0.0204   0.0119   0.0083   0.0077 
 -0.0304  -0.0427   0.0276   1.0000   0.0269   0.0239   0.0206   0.0100 
  0.0102  -0.0041   0.0204   0.0269   1.0000   0.0015  -0.0140  -0.0381 
  0.0139  -0.0632   0.0119   0.0239   0.0015   1.0000  -0.0124   0.0481 
  0.0044  -0.0605   0.0083   0.0206  -0.0140  -0.0124   1.0000   0.0370 
 -0.0106  -0.0605   0.0077   0.0100  -0.0381   0.0481   0.0370   1.0000 
---------------------------------------

Execution Time: 0.006437 seconds
Exit code: 0
Extracted time: 0.006437

=== openmp (N=100, M=1000, iter=3) ===
Executing OpenMP Version
Matrix Size: N=100, M=1000
Num threads: 8
--- Input Matrix (Snippet) ---
  0.1784   0.3997   0.1666   0.2121   0.0619   0.0541   0.2757   0.0478 
  0.8579   0.2793   0.3497   0.6058   0.0737   0.1928   0.5753   0.2738 
  0.2355   0.3513   0.2187   0.2880   0.0186   0.3609   0.1549   0.3504 
  0.6835   0.2185   0.1961   0.0248   0.6727   0.5442   0.9639   0.2818 
  0.7361   0.6262   0.2348   0.0727   0.7465   0.0340   0.4242   0.2949 
  0.9063   0.4440   0.7253   0.1379   0.7956   0.9051   0.0964   0.8206 
  0.1672   0.1685   0.5519   0.6728   0.6104   0.7387   0.7906   0.5769 
  0.3751   0.2483   0.8508   0.0803   0.3567   0.4930   0.2261   0.4608 
---------------------------------------

--- Output Correlation Matrix (Snippet) ---
  1.0000   0.0109   0.0293  -0.0304   0.0102   0.0139   0.0044  -0.0106 
  0.0109   1.0000   0.0119  -0.0427  -0.0041  -0.0632  -0.0605  -0.0605 
  0.0293   0.0119   1.0000   0.0276   0.0204   0.0119   0.0083   0.0077 
 -0.0304  -0.0427   0.0276   1.0000   0.0269   0.0239   0.0206   0.0100 
  0.0102  -0.0041   0.0204   0.0269   1.0000   0.0015  -0.0140  -0.0381 
  0.0139  -0.0632   0.0119   0.0239   0.0015   1.0000  -0.0124   0.0481 
  0.0044  -0.0605   0.0083   0.0206  -0.0140  -0.0124   1.0000   0.0370 
 -0.0106  -0.0605   0.0077   0.0100  -0.0381   0.0481   0.0370   1.0000 
---------------------------------------

Execution Time: 0.001695 seconds
Exit code: 0
Extracted time: 0.001695

=== openmp (N=100, M=1500, iter=1) ===
Executing OpenMP Version
Matrix Size: N=100, M=1500
Num threads: 8
--- Input Matrix (Snippet) ---
  0.1784   0.3997   0.1666   0.2121   0.0619   0.0541   0.2757   0.0478 
  0.5231   0.4570   0.4980   0.9980   0.9538   0.4599   0.6245   0.8193 
  0.6835   0.2185   0.1961   0.0248   0.6727   0.5442   0.9639   0.2818 
  0.6730   0.3860   0.7919   0.3859   0.4882   0.1123   0.5655   0.3819 
  0.1672   0.1685   0.5519   0.6728   0.6104   0.7387   0.7906   0.5769 
  0.2896   0.8828   0.9025   0.7990   0.6499   0.1416   0.2104   0.8247 
  0.4815   0.6118   0.5401   0.8225   0.6975   0.4157   0.2738   0.2554 
  0.5062   0.5588   0.9413   0.5000   0.5328   0.1062   0.3400   0.7122 
---------------------------------------

--- Output Correlation Matrix (Snippet) ---
  1.0000   0.0111  -0.0267  -0.0267  -0.0210   0.0113   0.0004   0.0095 
  0.0111   1.0000  -0.0268   0.0110   0.0518  -0.0168   0.0241   0.0123 
 -0.0267  -0.0268   1.0000   0.0289   0.0020  -0.0170  -0.0226  -0.0030 
 -0.0267   0.0110   0.0289   1.0000   0.0178  -0.0459   0.0215  -0.0381 
 -0.0210   0.0518   0.0020   0.0178   1.0000   0.0124  -0.0130  -0.0079 
  0.0113  -0.0168  -0.0170  -0.0459   0.0124   1.0000   0.0043   0.0352 
  0.0004   0.0241  -0.0226   0.0215  -0.0130   0.0043   1.0000  -0.0296 
  0.0095   0.0123  -0.0030  -0.0381  -0.0079   0.0352  -0.0296   1.0000 
---------------------------------------

Execution Time: 0.002364 seconds
Exit code: 0
Extracted time: 0.002364

=== openmp (N=100, M=1500, iter=2) ===
Executing OpenMP Version
Matrix Size: N=100, M=1500
Num threads: 8
--- Input Matrix (Snippet) ---
  0.1784   0.3997   0.1666   0.2121   0.0619   0.0541   0.2757   0.0478 
  0.5231   0.4570   0.4980   0.9980   0.9538   0.4599   0.6245   0.8193 
  0.6835   0.2185   0.1961   0.0248   0.6727   0.5442   0.9639   0.2818 
  0.6730   0.3860   0.7919   0.3859   0.4882   0.1123   0.5655   0.3819 
  0.1672   0.1685   0.5519   0.6728   0.6104   0.7387   0.7906   0.5769 
  0.2896   0.8828   0.9025   0.7990   0.6499   0.1416   0.2104   0.8247 
  0.4815   0.6118   0.5401   0.8225   0.6975   0.4157   0.2738   0.2554 
  0.5062   0.5588   0.9413   0.5000   0.5328   0.1062   0.3400   0.7122 
---------------------------------------

--- Output Correlation Matrix (Snippet) ---
  1.0000   0.0111  -0.0267  -0.0267  -0.0210   0.0113   0.0004   0.0095 
  0.0111   1.0000  -0.0268   0.0110   0.0518  -0.0168   0.0241   0.0123 
 -0.0267  -0.0268   1.0000   0.0289   0.0020  -0.0170  -0.0226  -0.0030 
 -0.0267   0.0110   0.0289   1.0000   0.0178  -0.0459   0.0215  -0.0381 
 -0.0210   0.0518   0.0020   0.0178   1.0000   0.0124  -0.0130  -0.0079 
  0.0113  -0.0168  -0.0170  -0.0459   0.0124   1.0000   0.0043   0.0352 
  0.0004   0.0241  -0.0226   0.0215  -0.0130   0.0043   1.0000  -0.0296 
  0.0095   0.0123  -0.0030  -0.0381  -0.0079   0.0352  -0.0296   1.0000 
---------------------------------------

Execution Time: 0.013893 seconds
Exit code: 0
Extracted time: 0.013893

=== openmp (N=100, M=1500, iter=3) ===
Executing OpenMP Version
Matrix Size: N=100, M=1500
Num threads: 8
--- Input Matrix (Snippet) ---
  0.1784   0.3997   0.1666   0.2121   0.0619   0.0541   0.2757   0.0478 
  0.5231   0.4570   0.4980   0.9980   0.9538   0.4599   0.6245   0.8193 
  0.6835   0.2185   0.1961   0.0248   0.6727   0.5442   0.9639   0.2818 
  0.6730   0.3860   0.7919   0.3859   0.4882   0.1123   0.5655   0.3819 
  0.1672   0.1685   0.5519   0.6728   0.6104   0.7387   0.7906   0.5769 
  0.2896   0.8828   0.9025   0.7990   0.6499   0.1416   0.2104   0.8247 
  0.4815   0.6118   0.5401   0.8225   0.6975   0.4157   0.2738   0.2554 
  0.5062   0.5588   0.9413   0.5000   0.5328   0.1062   0.3400   0.7122 
---------------------------------------

--- Output Correlation Matrix (Snippet) ---
  1.0000   0.0111  -0.0267  -0.0267  -0.0210   0.0113   0.0004   0.0095 
  0.0111   1.0000  -0.0268   0.0110   0.0518  -0.0168   0.0241   0.0123 
 -0.0267  -0.0268   1.0000   0.0289   0.0020  -0.0170  -0.0226  -0.0030 
 -0.0267   0.0110   0.0289   1.0000   0.0178  -0.0459   0.0215  -0.0381 
 -0.0210   0.0518   0.0020   0.0178   1.0000   0.0124  -0.0130  -0.0079 
  0.0113  -0.0168  -0.0170  -0.0459   0.0124   1.0000   0.0043   0.0352 
  0.0004   0.0241  -0.0226   0.0215  -0.0130   0.0043   1.0000  -0.0296 
  0.0095   0.0123  -0.0030  -0.0381  -0.0079   0.0352  -0.0296   1.0000 
---------------------------------------

Execution Time: 0.013896 seconds
Exit code: 0
Extracted time: 0.013896

=== openmp (N=100, M=2000, iter=1) ===
Executing OpenMP Version
Matrix Size: N=100, M=2000
Num threads: 8
--- Input Matrix (Snippet) ---
  0.1784   0.3997   0.1666   0.2121   0.0619   0.0541   0.2757   0.0478 
  0.2355   0.3513   0.2187   0.2880   0.0186   0.3609   0.1549   0.3504 
  0.7361   0.6262   0.2348   0.0727   0.7465   0.0340   0.4242   0.2949 
  0.1672   0.1685   0.5519   0.6728   0.6104   0.7387   0.7906   0.5769 
  0.9290   0.7971   0.1292   0.8444   0.4470   0.9848   0.7467   0.6753 
  0.6577   0.0369   0.3331   0.8758   0.2217   0.6708   0.6280   0.0000 
  0.9311   0.2895   0.4608   0.4579   0.4643   0.0754   0.2606   0.6549 
  0.2649   0.2373   0.6548   0.4642   0.2228   0.6153   0.1826   0.9288 
---------------------------------------

--- Output Correlation Matrix (Snippet) ---
  1.0000  -0.0069  -0.0270  -0.0283   0.0410  -0.0121  -0.0445  -0.0154 
 -0.0069   1.0000   0.0227   0.0096  -0.0277  -0.0158   0.0245   0.0515 
 -0.0270   0.0227   1.0000   0.0181  -0.0084  -0.0181   0.0164   0.0039 
 -0.0283   0.0096   0.0181   1.0000  -0.0407   0.0316   0.0226   0.0055 
  0.0410  -0.0277  -0.0084  -0.0407   1.0000  -0.0453   0.0127  -0.0128 
 -0.0121  -0.0158  -0.0181   0.0316  -0.0453   1.0000  -0.0070  -0.0285 
 -0.0445   0.0245   0.0164   0.0226   0.0127  -0.0070   1.0000   0.0225 
 -0.0154   0.0515   0.0039   0.0055  -0.0128  -0.0285   0.0225   1.0000 
---------------------------------------

Execution Time: 0.007464 seconds
Exit code: 0
Extracted time: 0.007464

=== openmp (N=100, M=2000, iter=2) ===
Executing OpenMP Version
Matrix Size: N=100, M=2000
Num threads: 8
--- Input Matrix (Snippet) ---
  0.1784   0.3997   0.1666   0.2121   0.0619   0.0541   0.2757   0.0478 
  0.2355   0.3513   0.2187   0.2880   0.0186   0.3609   0.1549   0.3504 
  0.7361   0.6262   0.2348   0.0727   0.7465   0.0340   0.4242   0.2949 
  0.1672   0.1685   0.5519   0.6728   0.6104   0.7387   0.7906   0.5769 
  0.9290   0.7971   0.1292   0.8444   0.4470   0.9848   0.7467   0.6753 
  0.6577   0.0369   0.3331   0.8758   0.2217   0.6708   0.6280   0.0000 
  0.9311   0.2895   0.4608   0.4579   0.4643   0.0754   0.2606   0.6549 
  0.2649   0.2373   0.6548   0.4642   0.2228   0.6153   0.1826   0.9288 
---------------------------------------

--- Output Correlation Matrix (Snippet) ---
  1.0000  -0.0069  -0.0270  -0.0283   0.0410  -0.0121  -0.0445  -0.0154 
 -0.0069   1.0000   0.0227   0.0096  -0.0277  -0.0158   0.0245   0.0515 
 -0.0270   0.0227   1.0000   0.0181  -0.0084  -0.0181   0.0164   0.0039 
 -0.0283   0.0096   0.0181   1.0000  -0.0407   0.0316   0.0226   0.0055 
  0.0410  -0.0277  -0.0084  -0.0407   1.0000  -0.0453   0.0127  -0.0128 
 -0.0121  -0.0158  -0.0181   0.0316  -0.0453   1.0000  -0.0070  -0.0285 
 -0.0445   0.0245   0.0164   0.0226   0.0127  -0.0070   1.0000   0.0225 
 -0.0154   0.0515   0.0039   0.0055  -0.0128  -0.0285   0.0225   1.0000 
---------------------------------------

Execution Time: 0.006965 seconds
Exit code: 0
Extracted time: 0.006965

=== openmp (N=100, M=2000, iter=3) ===
Executing OpenMP Version
Matrix Size: N=100, M=2000
Num threads: 8
--- Input Matrix (Snippet) ---
  0.1784   0.3997   0.1666   0.2121   0.0619   0.0541   0.2757   0.0478 
  0.2355   0.3513   0.2187   0.2880   0.0186   0.3609   0.1549   0.3504 
  0.7361   0.6262   0.2348   0.0727   0.7465   0.0340   0.4242   0.2949 
  0.1672   0.1685   0.5519   0.6728   0.6104   0.7387   0.7906   0.5769 
  0.9290   0.7971   0.1292   0.8444   0.4470   0.9848   0.7467   0.6753 
  0.6577   0.0369   0.3331   0.8758   0.2217   0.6708   0.6280   0.0000 
  0.9311   0.2895   0.4608   0.4579   0.4643   0.0754   0.2606   0.6549 
  0.2649   0.2373   0.6548   0.4642   0.2228   0.6153   0.1826   0.9288 
---------------------------------------

--- Output Correlation Matrix (Snippet) ---
  1.0000  -0.0069  -0.0270  -0.0283   0.0410  -0.0121  -0.0445  -0.0154 
 -0.0069   1.0000   0.0227   0.0096  -0.0277  -0.0158   0.0245   0.0515 
 -0.0270   0.0227   1.0000   0.0181  -0.0084  -0.0181   0.0164   0.0039 
 -0.0283   0.0096   0.0181   1.0000  -0.0407   0.0316   0.0226   0.0055 
  0.0410  -0.0277  -0.0084  -0.0407   1.0000  -0.0453   0.0127  -0.0128 
 -0.0121  -0.0158  -0.0181   0.0316  -0.0453   1.0000  -0.0070  -0.0285 
 -0.0445   0.0245   0.0164   0.0226   0.0127  -0.0070   1.0000   0.0225 
 -0.0154   0.0515   0.0039   0.0055  -0.0128  -0.0285   0.0225   1.0000 
---------------------------------------

Execution Time: 0.006648 seconds
Exit code: 0
Extracted time: 0.006648

=== openmp (N=100, M=2500, iter=1) ===
Executing OpenMP Version
Matrix Size: N=100, M=2500
Num threads: 8
--- Input Matrix (Snippet) ---
  0.1784   0.3997   0.1666   0.2121   0.0619   0.0541   0.2757   0.0478 
  0.2459   0.4850   0.0104   0.8695   0.6495   0.6553   0.0003   0.2781 
  0.9063   0.4440   0.7253   0.1379   0.7956   0.9051   0.0964   0.8206 
  0.2896   0.8828   0.9025   0.7990   0.6499   0.1416   0.2104   0.8247 
  0.6577   0.0369   0.3331   0.8758   0.2217   0.6708   0.6280   0.0000 
  0.0891   0.9237   0.8383   0.8221   0.7560   0.6990   0.3387   0.4892 
  0.7794   0.8132   0.7432   0.9474   0.3793   0.9794   0.6384   0.6187 
  0.0842   0.1832   0.3542   0.9223   0.4774   0.3511   0.6550   0.4676 
---------------------------------------

--- Output Correlation Matrix (Snippet) ---
  1.0000   0.0305  -0.0212   0.0233  -0.0160  -0.0192   0.0017  -0.0016 
  0.0305   1.0000   0.0092   0.0212   0.0022   0.0280  -0.0362  -0.0159 
 -0.0212   0.0092   1.0000  -0.0060   0.0119   0.0228  -0.0218  -0.0016 
  0.0233   0.0212  -0.0060   1.0000  -0.0190  -0.0385  -0.0178   0.0073 
 -0.0160   0.0022   0.0119  -0.0190   1.0000   0.0217   0.0011  -0.0372 
 -0.0192   0.0280   0.0228  -0.0385   0.0217   1.0000  -0.0358  -0.0005 
  0.0017  -0.0362  -0.0218  -0.0178   0.0011  -0.0358   1.0000   0.0276 
 -0.0016  -0.0159  -0.0016   0.0073  -0.0372  -0.0005   0.0276   1.0000 
---------------------------------------

Execution Time: 0.008247 seconds
Exit code: 0
Extracted time: 0.008247

=== openmp (N=100, M=2500, iter=2) ===
Executing OpenMP Version
Matrix Size: N=100, M=2500
Num threads: 8
--- Input Matrix (Snippet) ---
  0.1784   0.3997   0.1666   0.2121   0.0619   0.0541   0.2757   0.0478 
  0.2459   0.4850   0.0104   0.8695   0.6495   0.6553   0.0003   0.2781 
  0.9063   0.4440   0.7253   0.1379   0.7956   0.9051   0.0964   0.8206 
  0.2896   0.8828   0.9025   0.7990   0.6499   0.1416   0.2104   0.8247 
  0.6577   0.0369   0.3331   0.8758   0.2217   0.6708   0.6280   0.0000 
  0.0891   0.9237   0.8383   0.8221   0.7560   0.6990   0.3387   0.4892 
  0.7794   0.8132   0.7432   0.9474   0.3793   0.9794   0.6384   0.6187 
  0.0842   0.1832   0.3542   0.9223   0.4774   0.3511   0.6550   0.4676 
---------------------------------------

--- Output Correlation Matrix (Snippet) ---
  1.0000   0.0305  -0.0212   0.0233  -0.0160  -0.0192   0.0017  -0.0016 
  0.0305   1.0000   0.0092   0.0212   0.0022   0.0280  -0.0362  -0.0159 
 -0.0212   0.0092   1.0000  -0.0060   0.0119   0.0228  -0.0218  -0.0016 
  0.0233   0.0212  -0.0060   1.0000  -0.0190  -0.0385  -0.0178   0.0073 
 -0.0160   0.0022   0.0119  -0.0190   1.0000   0.0217   0.0011  -0.0372 
 -0.0192   0.0280   0.0228  -0.0385   0.0217   1.0000  -0.0358  -0.0005 
  0.0017  -0.0362  -0.0218  -0.0178   0.0011  -0.0358   1.0000   0.0276 
 -0.0016  -0.0159  -0.0016   0.0073  -0.0372  -0.0005   0.0276   1.0000 
---------------------------------------

Execution Time: 0.006391 seconds
Exit code: 0
Extracted time: 0.006391

=== openmp (N=100, M=2500, iter=3) ===
Executing OpenMP Version
Matrix Size: N=100, M=2500
Num threads: 8
--- Input Matrix (Snippet) ---
  0.1784   0.3997   0.1666   0.2121   0.0619   0.0541   0.2757   0.0478 
  0.2459   0.4850   0.0104   0.8695   0.6495   0.6553   0.0003   0.2781 
  0.9063   0.4440   0.7253   0.1379   0.7956   0.9051   0.0964   0.8206 
  0.2896   0.8828   0.9025   0.7990   0.6499   0.1416   0.2104   0.8247 
  0.6577   0.0369   0.3331   0.8758   0.2217   0.6708   0.6280   0.0000 
  0.0891   0.9237   0.8383   0.8221   0.7560   0.6990   0.3387   0.4892 
  0.7794   0.8132   0.7432   0.9474   0.3793   0.9794   0.6384   0.6187 
  0.0842   0.1832   0.3542   0.9223   0.4774   0.3511   0.6550   0.4676 
---------------------------------------

--- Output Correlation Matrix (Snippet) ---
  1.0000   0.0305  -0.0212   0.0233  -0.0160  -0.0192   0.0017  -0.0016 
  0.0305   1.0000   0.0092   0.0212   0.0022   0.0280  -0.0362  -0.0159 
 -0.0212   0.0092   1.0000  -0.0060   0.0119   0.0228  -0.0218  -0.0016 
  0.0233   0.0212  -0.0060   1.0000  -0.0190  -0.0385  -0.0178   0.0073 
 -0.0160   0.0022   0.0119  -0.0190   1.0000   0.0217   0.0011  -0.0372 
 -0.0192   0.0280   0.0228  -0.0385   0.0217   1.0000  -0.0358  -0.0005 
  0.0017  -0.0362  -0.0218  -0.0178   0.0011  -0.0358   1.0000   0.0276 
 -0.0016  -0.0159  -0.0016   0.0073  -0.0372  -0.0005   0.0276   1.0000 
---------------------------------------

Execution Time: 0.003543 seconds
Exit code: 0
Extracted time: 0.003543

=== openmp (N=100, M=3000, iter=1) ===
Executing OpenMP Version
Matrix Size: N=100, M=3000
Num threads: 8
--- Input Matrix (Snippet) ---
  0.1784   0.3997   0.1666   0.2121   0.0619   0.0541   0.2757   0.0478 
  0.6835   0.2185   0.1961   0.0248   0.6727   0.5442   0.9639   0.2818 
  0.1672   0.1685   0.5519   0.6728   0.6104   0.7387   0.7906   0.5769 
  0.4815   0.6118   0.5401   0.8225   0.6975   0.4157   0.2738   0.2554 
  0.9311   0.2895   0.4608   0.4579   0.4643   0.0754   0.2606   0.6549 
  0.7794   0.8132   0.7432   0.9474   0.3793   0.9794   0.6384   0.6187 
  0.1583   0.6916   0.6599   0.6962   0.3418   0.4218   0.2080   0.0566 
  0.5013   0.8661   0.8181   0.8221   0.2707   0.8748   0.9764   0.6529 
---------------------------------------

--- Output Correlation Matrix (Snippet) ---
  1.0000  -0.0079  -0.0189   0.0064  -0.0058   0.0126   0.0067  -0.0029 
 -0.0079   1.0000  -0.0219  -0.0305  -0.0129   0.0147  -0.0086   0.0305 
 -0.0189  -0.0219   1.0000   0.0110   0.0151   0.0069  -0.0076   0.0224 
  0.0064  -0.0305   0.0110   1.0000  -0.0143   0.0036   0.0036  -0.0167 
 -0.0058  -0.0129   0.0151  -0.0143   1.0000   0.0173  -0.0375  -0.0020 
  0.0126   0.0147   0.0069   0.0036   0.0173   1.0000  -0.0245   0.0187 
  0.0067  -0.0086  -0.0076   0.0036  -0.0375  -0.0245   1.0000  -0.0087 
 -0.0029   0.0305   0.0224  -0.0167  -0.0020   0.0187  -0.0087   1.0000 
---------------------------------------

Execution Time: 0.004070 seconds
Exit code: 0
Extracted time: 0.004070

=== openmp (N=100, M=3000, iter=2) ===
Executing OpenMP Version
Matrix Size: N=100, M=3000
Num threads: 8
--- Input Matrix (Snippet) ---
  0.1784   0.3997   0.1666   0.2121   0.0619   0.0541   0.2757   0.0478 
  0.6835   0.2185   0.1961   0.0248   0.6727   0.5442   0.9639   0.2818 
  0.1672   0.1685   0.5519   0.6728   0.6104   0.7387   0.7906   0.5769 
  0.4815   0.6118   0.5401   0.8225   0.6975   0.4157   0.2738   0.2554 
  0.9311   0.2895   0.4608   0.4579   0.4643   0.0754   0.2606   0.6549 
  0.7794   0.8132   0.7432   0.9474   0.3793   0.9794   0.6384   0.6187 
  0.1583   0.6916   0.6599   0.6962   0.3418   0.4218   0.2080   0.0566 
  0.5013   0.8661   0.8181   0.8221   0.2707   0.8748   0.9764   0.6529 
---------------------------------------

--- Output Correlation Matrix (Snippet) ---
  1.0000  -0.0079  -0.0189   0.0064  -0.0058   0.0126   0.0067  -0.0029 
 -0.0079   1.0000  -0.0219  -0.0305  -0.0129   0.0147  -0.0086   0.0305 
 -0.0189  -0.0219   1.0000   0.0110   0.0151   0.0069  -0.0076   0.0224 
  0.0064  -0.0305   0.0110   1.0000  -0.0143   0.0036   0.0036  -0.0167 
 -0.0058  -0.0129   0.0151  -0.0143   1.0000   0.0173  -0.0375  -0.0020 
  0.0126   0.0147   0.0069   0.0036   0.0173   1.0000  -0.0245   0.0187 
  0.0067  -0.0086  -0.0076   0.0036  -0.0375  -0.0245   1.0000  -0.0087 
 -0.0029   0.0305   0.0224  -0.0167  -0.0020   0.0187  -0.0087   1.0000 
---------------------------------------

Execution Time: 0.010007 seconds
Exit code: 0
Extracted time: 0.010007

=== openmp (N=100, M=3000, iter=3) ===
Executing OpenMP Version
Matrix Size: N=100, M=3000
Num threads: 8
--- Input Matrix (Snippet) ---
  0.1784   0.3997   0.1666   0.2121   0.0619   0.0541   0.2757   0.0478 
  0.6835   0.2185   0.1961   0.0248   0.6727   0.5442   0.9639   0.2818 
  0.1672   0.1685   0.5519   0.6728   0.6104   0.7387   0.7906   0.5769 
  0.4815   0.6118   0.5401   0.8225   0.6975   0.4157   0.2738   0.2554 
  0.9311   0.2895   0.4608   0.4579   0.4643   0.0754   0.2606   0.6549 
  0.7794   0.8132   0.7432   0.9474   0.3793   0.9794   0.6384   0.6187 
  0.1583   0.6916   0.6599   0.6962   0.3418   0.4218   0.2080   0.0566 
  0.5013   0.8661   0.8181   0.8221   0.2707   0.8748   0.9764   0.6529 
---------------------------------------

--- Output Correlation Matrix (Snippet) ---
  1.0000  -0.0079  -0.0189   0.0064  -0.0058   0.0126   0.0067  -0.0029 
 -0.0079   1.0000  -0.0219  -0.0305  -0.0129   0.0147  -0.0086   0.0305 
 -0.0189  -0.0219   1.0000   0.0110   0.0151   0.0069  -0.0076   0.0224 
  0.0064  -0.0305   0.0110   1.0000  -0.0143   0.0036   0.0036  -0.0167 
 -0.0058  -0.0129   0.0151  -0.0143   1.0000   0.0173  -0.0375  -0.0020 
  0.0126   0.0147   0.0069   0.0036   0.0173   1.0000  -0.0245   0.0187 
  0.0067  -0.0086  -0.0076   0.0036  -0.0375  -0.0245   1.0000  -0.0087 
 -0.0029   0.0305   0.0224  -0.0167  -0.0020   0.0187  -0.0087   1.0000 
---------------------------------------

Execution Time: 0.009593 seconds
Exit code: 0
Extracted time: 0.009593

=== openmp (N=200, M=500, iter=1) ===
Executing OpenMP Version
Matrix Size: N=200, M=500
Num threads: 8
--- Input Matrix (Snippet) ---
  0.1784   0.3997   0.1666   0.2121   0.0619   0.0541   0.2757   0.0478 
  0.7832   0.1713   0.3731   0.1762   0.4492   0.9714   0.9770   0.4063 
  0.8579   0.2793   0.3497   0.6058   0.0737   0.1928   0.5753   0.2738 
  0.5231   0.4570   0.4980   0.9980   0.9538   0.4599   0.6245   0.8193 
  0.2355   0.3513   0.2187   0.2880   0.0186   0.3609   0.1549   0.3504 
  0.2459   0.4850   0.0104   0.8695   0.6495   0.6553   0.0003   0.2781 
  0.6835   0.2185   0.1961   0.0248   0.6727   0.5442   0.9639   0.2818 
  0.7949   0.9540   0.3739   0.6583   0.6555   0.8941   0.8713   0.9372 
---------------------------------------

--- Output Correlation Matrix (Snippet) ---
  1.0000   0.0256   0.0236  -0.0521   0.0384   0.0583   0.0019  -0.0393 
  0.0256   1.0000  -0.0126  -0.0000   0.0707   0.0208   0.0440  -0.0621 
  0.0236  -0.0126   1.0000  -0.0210  -0.0033   0.0142  -0.0386   0.0410 
 -0.0521  -0.0000  -0.0210   1.0000   0.0182   0.0262  -0.0804  -0.0467 
  0.0384   0.0707  -0.0033   0.0182   1.0000   0.0061  -0.0249  -0.0272 
  0.0583   0.0208   0.0142   0.0262   0.0061   1.0000  -0.1227   0.0816 
  0.0019   0.0440  -0.0386  -0.0804  -0.0249  -0.1227   1.0000   0.0038 
 -0.0393  -0.0621   0.0410  -0.0467  -0.0272   0.0816   0.0038   1.0000 
---------------------------------------

Execution Time: 0.007112 seconds
Exit code: 0
Extracted time: 0.007112

=== openmp (N=200, M=500, iter=2) ===
Executing OpenMP Version
Matrix Size: N=200, M=500
Num threads: 8
--- Input Matrix (Snippet) ---
  0.1784   0.3997   0.1666   0.2121   0.0619   0.0541   0.2757   0.0478 
  0.7832   0.1713   0.3731   0.1762   0.4492   0.9714   0.9770   0.4063 
  0.8579   0.2793   0.3497   0.6058   0.0737   0.1928   0.5753   0.2738 
  0.5231   0.4570   0.4980   0.9980   0.9538   0.4599   0.6245   0.8193 
  0.2355   0.3513   0.2187   0.2880   0.0186   0.3609   0.1549   0.3504 
  0.2459   0.4850   0.0104   0.8695   0.6495   0.6553   0.0003   0.2781 
  0.6835   0.2185   0.1961   0.0248   0.6727   0.5442   0.9639   0.2818 
  0.7949   0.9540   0.3739   0.6583   0.6555   0.8941   0.8713   0.9372 
---------------------------------------

--- Output Correlation Matrix (Snippet) ---
  1.0000   0.0256   0.0236  -0.0521   0.0384   0.0583   0.0019  -0.0393 
  0.0256   1.0000  -0.0126  -0.0000   0.0707   0.0208   0.0440  -0.0621 
  0.0236  -0.0126   1.0000  -0.0210  -0.0033   0.0142  -0.0386   0.0410 
 -0.0521  -0.0000  -0.0210   1.0000   0.0182   0.0262  -0.0804  -0.0467 
  0.0384   0.0707  -0.0033   0.0182   1.0000   0.0061  -0.0249  -0.0272 
  0.0583   0.0208   0.0142   0.0262   0.0061   1.0000  -0.1227   0.0816 
  0.0019   0.0440  -0.0386  -0.0804  -0.0249  -0.1227   1.0000   0.0038 
 -0.0393  -0.0621   0.0410  -0.0467  -0.0272   0.0816   0.0038   1.0000 
---------------------------------------

Execution Time: 0.007498 seconds
Exit code: 0
Extracted time: 0.007498

=== openmp (N=200, M=500, iter=3) ===
Executing OpenMP Version
Matrix Size: N=200, M=500
Num threads: 8
--- Input Matrix (Snippet) ---
  0.1784   0.3997   0.1666   0.2121   0.0619   0.0541   0.2757   0.0478 
  0.7832   0.1713   0.3731   0.1762   0.4492   0.9714   0.9770   0.4063 
  0.8579   0.2793   0.3497   0.6058   0.0737   0.1928   0.5753   0.2738 
  0.5231   0.4570   0.4980   0.9980   0.9538   0.4599   0.6245   0.8193 
  0.2355   0.3513   0.2187   0.2880   0.0186   0.3609   0.1549   0.3504 
  0.2459   0.4850   0.0104   0.8695   0.6495   0.6553   0.0003   0.2781 
  0.6835   0.2185   0.1961   0.0248   0.6727   0.5442   0.9639   0.2818 
  0.7949   0.9540   0.3739   0.6583   0.6555   0.8941   0.8713   0.9372 
---------------------------------------

--- Output Correlation Matrix (Snippet) ---
  1.0000   0.0256   0.0236  -0.0521   0.0384   0.0583   0.0019  -0.0393 
  0.0256   1.0000  -0.0126  -0.0000   0.0707   0.0208   0.0440  -0.0621 
  0.0236  -0.0126   1.0000  -0.0210  -0.0033   0.0142  -0.0386   0.0410 
 -0.0521  -0.0000  -0.0210   1.0000   0.0182   0.0262  -0.0804  -0.0467 
  0.0384   0.0707  -0.0033   0.0182   1.0000   0.0061  -0.0249  -0.0272 
  0.0583   0.0208   0.0142   0.0262   0.0061   1.0000  -0.1227   0.0816 
  0.0019   0.0440  -0.0386  -0.0804  -0.0249  -0.1227   1.0000   0.0038 
 -0.0393  -0.0621   0.0410  -0.0467  -0.0272   0.0816   0.0038   1.0000 
---------------------------------------

Execution Time: 0.007847 seconds
Exit code: 0
Extracted time: 0.007847

=== openmp (N=200, M=1000, iter=1) ===
Executing OpenMP Version
Matrix Size: N=200, M=1000
Num threads: 8
--- Input Matrix (Snippet) ---
  0.1784   0.3997   0.1666   0.2121   0.0619   0.0541   0.2757   0.0478 
  0.8579   0.2793   0.3497   0.6058   0.0737   0.1928   0.5753   0.2738 
  0.2355   0.3513   0.2187   0.2880   0.0186   0.3609   0.1549   0.3504 
  0.6835   0.2185   0.1961   0.0248   0.6727   0.5442   0.9639   0.2818 
  0.7361   0.6262   0.2348   0.0727   0.7465   0.0340   0.4242   0.2949 
  0.9063   0.4440   0.7253   0.1379   0.7956   0.9051   0.0964   0.8206 
  0.1672   0.1685   0.5519   0.6728   0.6104   0.7387   0.7906   0.5769 
  0.3751   0.2483   0.8508   0.0803   0.3567   0.4930   0.2261   0.4608 
---------------------------------------

--- Output Correlation Matrix (Snippet) ---
  1.0000   0.0109   0.0293  -0.0304   0.0102   0.0139   0.0044  -0.0106 
  0.0109   1.0000   0.0119  -0.0427  -0.0041  -0.0632  -0.0605  -0.0605 
  0.0293   0.0119   1.0000   0.0276   0.0204   0.0119   0.0083   0.0077 
 -0.0304  -0.0427   0.0276   1.0000   0.0269   0.0239   0.0206   0.0100 
  0.0102  -0.0041   0.0204   0.0269   1.0000   0.0015  -0.0140  -0.0381 
  0.0139  -0.0632   0.0119   0.0239   0.0015   1.0000  -0.0124   0.0481 
  0.0044  -0.0605   0.0083   0.0206  -0.0140  -0.0124   1.0000   0.0370 
 -0.0106  -0.0605   0.0077   0.0100  -0.0381   0.0481   0.0370   1.0000 
---------------------------------------

Execution Time: 0.014329 seconds
Exit code: 0
Extracted time: 0.014329

=== openmp (N=200, M=1000, iter=2) ===
Executing OpenMP Version
Matrix Size: N=200, M=1000
Num threads: 8
--- Input Matrix (Snippet) ---
  0.1784   0.3997   0.1666   0.2121   0.0619   0.0541   0.2757   0.0478 
  0.8579   0.2793   0.3497   0.6058   0.0737   0.1928   0.5753   0.2738 
  0.2355   0.3513   0.2187   0.2880   0.0186   0.3609   0.1549   0.3504 
  0.6835   0.2185   0.1961   0.0248   0.6727   0.5442   0.9639   0.2818 
  0.7361   0.6262   0.2348   0.0727   0.7465   0.0340   0.4242   0.2949 
  0.9063   0.4440   0.7253   0.1379   0.7956   0.9051   0.0964   0.8206 
  0.1672   0.1685   0.5519   0.6728   0.6104   0.7387   0.7906   0.5769 
  0.3751   0.2483   0.8508   0.0803   0.3567   0.4930   0.2261   0.4608 
---------------------------------------

--- Output Correlation Matrix (Snippet) ---
  1.0000   0.0109   0.0293  -0.0304   0.0102   0.0139   0.0044  -0.0106 
  0.0109   1.0000   0.0119  -0.0427  -0.0041  -0.0632  -0.0605  -0.0605 
  0.0293   0.0119   1.0000   0.0276   0.0204   0.0119   0.0083   0.0077 
 -0.0304  -0.0427   0.0276   1.0000   0.0269   0.0239   0.0206   0.0100 
  0.0102  -0.0041   0.0204   0.0269   1.0000   0.0015  -0.0140  -0.0381 
  0.0139  -0.0632   0.0119   0.0239   0.0015   1.0000  -0.0124   0.0481 
  0.0044  -0.0605   0.0083   0.0206  -0.0140  -0.0124   1.0000   0.0370 
 -0.0106  -0.0605   0.0077   0.0100  -0.0381   0.0481   0.0370   1.0000 
---------------------------------------

Execution Time: 0.015280 seconds
Exit code: 0
Extracted time: 0.015280

=== openmp (N=200, M=1000, iter=3) ===
Executing OpenMP Version
Matrix Size: N=200, M=1000
Num threads: 8
--- Input Matrix (Snippet) ---
  0.1784   0.3997   0.1666   0.2121   0.0619   0.0541   0.2757   0.0478 
  0.8579   0.2793   0.3497   0.6058   0.0737   0.1928   0.5753   0.2738 
  0.2355   0.3513   0.2187   0.2880   0.0186   0.3609   0.1549   0.3504 
  0.6835   0.2185   0.1961   0.0248   0.6727   0.5442   0.9639   0.2818 
  0.7361   0.6262   0.2348   0.0727   0.7465   0.0340   0.4242   0.2949 
  0.9063   0.4440   0.7253   0.1379   0.7956   0.9051   0.0964   0.8206 
  0.1672   0.1685   0.5519   0.6728   0.6104   0.7387   0.7906   0.5769 
  0.3751   0.2483   0.8508   0.0803   0.3567   0.4930   0.2261   0.4608 
---------------------------------------

--- Output Correlation Matrix (Snippet) ---
  1.0000   0.0109   0.0293  -0.0304   0.0102   0.0139   0.0044  -0.0106 
  0.0109   1.0000   0.0119  -0.0427  -0.0041  -0.0632  -0.0605  -0.0605 
  0.0293   0.0119   1.0000   0.0276   0.0204   0.0119   0.0083   0.0077 
 -0.0304  -0.0427   0.0276   1.0000   0.0269   0.0239   0.0206   0.0100 
  0.0102  -0.0041   0.0204   0.0269   1.0000   0.0015  -0.0140  -0.0381 
  0.0139  -0.0632   0.0119   0.0239   0.0015   1.0000  -0.0124   0.0481 
  0.0044  -0.0605   0.0083   0.0206  -0.0140  -0.0124   1.0000   0.0370 
 -0.0106  -0.0605   0.0077   0.0100  -0.0381   0.0481   0.0370   1.0000 
---------------------------------------

Execution Time: 0.014301 seconds
Exit code: 0
Extracted time: 0.014301

=== openmp (N=200, M=1500, iter=1) ===
Executing OpenMP Version
Matrix Size: N=200, M=1500
Num threads: 8
--- Input Matrix (Snippet) ---
  0.1784   0.3997   0.1666   0.2121   0.0619   0.0541   0.2757   0.0478 
  0.5231   0.4570   0.4980   0.9980   0.9538   0.4599   0.6245   0.8193 
  0.6835   0.2185   0.1961   0.0248   0.6727   0.5442   0.9639   0.2818 
  0.6730   0.3860   0.7919   0.3859   0.4882   0.1123   0.5655   0.3819 
  0.1672   0.1685   0.5519   0.6728   0.6104   0.7387   0.7906   0.5769 
  0.2896   0.8828   0.9025   0.7990   0.6499   0.1416   0.2104   0.8247 
  0.4815   0.6118   0.5401   0.8225   0.6975   0.4157   0.2738   0.2554 
  0.5062   0.5588   0.9413   0.5000   0.5328   0.1062   0.3400   0.7122 
---------------------------------------

--- Output Correlation Matrix (Snippet) ---
  1.0000   0.0111  -0.0267  -0.0267  -0.0210   0.0113   0.0004   0.0095 
  0.0111   1.0000  -0.0268   0.0110   0.0518  -0.0168   0.0241   0.0123 
 -0.0267  -0.0268   1.0000   0.0289   0.0020  -0.0170  -0.0226  -0.0030 
 -0.0267   0.0110   0.0289   1.0000   0.0178  -0.0459   0.0215  -0.0381 
 -0.0210   0.0518   0.0020   0.0178   1.0000   0.0124  -0.0130  -0.0079 
  0.0113  -0.0168  -0.0170  -0.0459   0.0124   1.0000   0.0043   0.0352 
  0.0004   0.0241  -0.0226   0.0215  -0.0130   0.0043   1.0000  -0.0296 
  0.0095   0.0123  -0.0030  -0.0381  -0.0079   0.0352  -0.0296   1.0000 
---------------------------------------

Execution Time: 0.007891 seconds
Exit code: 0
Extracted time: 0.007891

=== openmp (N=200, M=1500, iter=2) ===
Executing OpenMP Version
Matrix Size: N=200, M=1500
Num threads: 8
--- Input Matrix (Snippet) ---
  0.1784   0.3997   0.1666   0.2121   0.0619   0.0541   0.2757   0.0478 
  0.5231   0.4570   0.4980   0.9980   0.9538   0.4599   0.6245   0.8193 
  0.6835   0.2185   0.1961   0.0248   0.6727   0.5442   0.9639   0.2818 
  0.6730   0.3860   0.7919   0.3859   0.4882   0.1123   0.5655   0.3819 
  0.1672   0.1685   0.5519   0.6728   0.6104   0.7387   0.7906   0.5769 
  0.2896   0.8828   0.9025   0.7990   0.6499   0.1416   0.2104   0.8247 
  0.4815   0.6118   0.5401   0.8225   0.6975   0.4157   0.2738   0.2554 
  0.5062   0.5588   0.9413   0.5000   0.5328   0.1062   0.3400   0.7122 
---------------------------------------

--- Output Correlation Matrix (Snippet) ---
  1.0000   0.0111  -0.0267  -0.0267  -0.0210   0.0113   0.0004   0.0095 
  0.0111   1.0000  -0.0268   0.0110   0.0518  -0.0168   0.0241   0.0123 
 -0.0267  -0.0268   1.0000   0.0289   0.0020  -0.0170  -0.0226  -0.0030 
 -0.0267   0.0110   0.0289   1.0000   0.0178  -0.0459   0.0215  -0.0381 
 -0.0210   0.0518   0.0020   0.0178   1.0000   0.0124  -0.0130  -0.0079 
  0.0113  -0.0168  -0.0170  -0.0459   0.0124   1.0000   0.0043   0.0352 
  0.0004   0.0241  -0.0226   0.0215  -0.0130   0.0043   1.0000  -0.0296 
  0.0095   0.0123  -0.0030  -0.0381  -0.0079   0.0352  -0.0296   1.0000 
---------------------------------------

Execution Time: 0.015655 seconds
Exit code: 0
Extracted time: 0.015655

=== openmp (N=200, M=1500, iter=3) ===
Executing OpenMP Version
Matrix Size: N=200, M=1500
Num threads: 8
--- Input Matrix (Snippet) ---
  0.1784   0.3997   0.1666   0.2121   0.0619   0.0541   0.2757   0.0478 
  0.5231   0.4570   0.4980   0.9980   0.9538   0.4599   0.6245   0.8193 
  0.6835   0.2185   0.1961   0.0248   0.6727   0.5442   0.9639   0.2818 
  0.6730   0.3860   0.7919   0.3859   0.4882   0.1123   0.5655   0.3819 
  0.1672   0.1685   0.5519   0.6728   0.6104   0.7387   0.7906   0.5769 
  0.2896   0.8828   0.9025   0.7990   0.6499   0.1416   0.2104   0.8247 
  0.4815   0.6118   0.5401   0.8225   0.6975   0.4157   0.2738   0.2554 
  0.5062   0.5588   0.9413   0.5000   0.5328   0.1062   0.3400   0.7122 
---------------------------------------

--- Output Correlation Matrix (Snippet) ---
  1.0000   0.0111  -0.0267  -0.0267  -0.0210   0.0113   0.0004   0.0095 
  0.0111   1.0000  -0.0268   0.0110   0.0518  -0.0168   0.0241   0.0123 
 -0.0267  -0.0268   1.0000   0.0289   0.0020  -0.0170  -0.0226  -0.0030 
 -0.0267   0.0110   0.0289   1.0000   0.0178  -0.0459   0.0215  -0.0381 
 -0.0210   0.0518   0.0020   0.0178   1.0000   0.0124  -0.0130  -0.0079 
  0.0113  -0.0168  -0.0170  -0.0459   0.0124   1.0000   0.0043   0.0352 
  0.0004   0.0241  -0.0226   0.0215  -0.0130   0.0043   1.0000  -0.0296 
  0.0095   0.0123  -0.0030  -0.0381  -0.0079   0.0352  -0.0296   1.0000 
---------------------------------------

Execution Time: 0.007946 seconds
Exit code: 0
Extracted time: 0.007946

=== openmp (N=200, M=2000, iter=1) ===
Executing OpenMP Version
Matrix Size: N=200, M=2000
Num threads: 8
--- Input Matrix (Snippet) ---
  0.1784   0.3997   0.1666   0.2121   0.0619   0.0541   0.2757   0.0478 
  0.2355   0.3513   0.2187   0.2880   0.0186   0.3609   0.1549   0.3504 
  0.7361   0.6262   0.2348   0.0727   0.7465   0.0340   0.4242   0.2949 
  0.1672   0.1685   0.5519   0.6728   0.6104   0.7387   0.7906   0.5769 
  0.9290   0.7971   0.1292   0.8444   0.4470   0.9848   0.7467   0.6753 
  0.6577   0.0369   0.3331   0.8758   0.2217   0.6708   0.6280   0.0000 
  0.9311   0.2895   0.4608   0.4579   0.4643   0.0754   0.2606   0.6549 
  0.2649   0.2373   0.6548   0.4642   0.2228   0.6153   0.1826   0.9288 
---------------------------------------

--- Output Correlation Matrix (Snippet) ---
  1.0000  -0.0069  -0.0270  -0.0283   0.0410  -0.0121  -0.0445  -0.0154 
 -0.0069   1.0000   0.0227   0.0096  -0.0277  -0.0158   0.0245   0.0515 
 -0.0270   0.0227   1.0000   0.0181  -0.0084  -0.0181   0.0164   0.0039 
 -0.0283   0.0096   0.0181   1.0000  -0.0407   0.0316   0.0226   0.0055 
  0.0410  -0.0277  -0.0084  -0.0407   1.0000  -0.0453   0.0127  -0.0128 
 -0.0121  -0.0158  -0.0181   0.0316  -0.0453   1.0000  -0.0070  -0.0285 
 -0.0445   0.0245   0.0164   0.0226   0.0127  -0.0070   1.0000   0.0225 
 -0.0154   0.0515   0.0039   0.0055  -0.0128  -0.0285   0.0225   1.0000 
---------------------------------------

Execution Time: 0.011999 seconds
Exit code: 0
Extracted time: 0.011999

=== openmp (N=200, M=2000, iter=2) ===
Executing OpenMP Version
Matrix Size: N=200, M=2000
Num threads: 8
--- Input Matrix (Snippet) ---
  0.1784   0.3997   0.1666   0.2121   0.0619   0.0541   0.2757   0.0478 
  0.2355   0.3513   0.2187   0.2880   0.0186   0.3609   0.1549   0.3504 
  0.7361   0.6262   0.2348   0.0727   0.7465   0.0340   0.4242   0.2949 
  0.1672   0.1685   0.5519   0.6728   0.6104   0.7387   0.7906   0.5769 
  0.9290   0.7971   0.1292   0.8444   0.4470   0.9848   0.7467   0.6753 
  0.6577   0.0369   0.3331   0.8758   0.2217   0.6708   0.6280   0.0000 
  0.9311   0.2895   0.4608   0.4579   0.4643   0.0754   0.2606   0.6549 
  0.2649   0.2373   0.6548   0.4642   0.2228   0.6153   0.1826   0.9288 
---------------------------------------

--- Output Correlation Matrix (Snippet) ---
  1.0000  -0.0069  -0.0270  -0.0283   0.0410  -0.0121  -0.0445  -0.0154 
 -0.0069   1.0000   0.0227   0.0096  -0.0277  -0.0158   0.0245   0.0515 
 -0.0270   0.0227   1.0000   0.0181  -0.0084  -0.0181   0.0164   0.0039 
 -0.0283   0.0096   0.0181   1.0000  -0.0407   0.0316   0.0226   0.0055 
  0.0410  -0.0277  -0.0084  -0.0407   1.0000  -0.0453   0.0127  -0.0128 
 -0.0121  -0.0158  -0.0181   0.0316  -0.0453   1.0000  -0.0070  -0.0285 
 -0.0445   0.0245   0.0164   0.0226   0.0127  -0.0070   1.0000   0.0225 
 -0.0154   0.0515   0.0039   0.0055  -0.0128  -0.0285   0.0225   1.0000 
---------------------------------------

Execution Time: 0.016228 seconds
Exit code: 0
Extracted time: 0.016228

=== openmp (N=200, M=2000, iter=3) ===
Executing OpenMP Version
Matrix Size: N=200, M=2000
Num threads: 8
--- Input Matrix (Snippet) ---
  0.1784   0.3997   0.1666   0.2121   0.0619   0.0541   0.2757   0.0478 
  0.2355   0.3513   0.2187   0.2880   0.0186   0.3609   0.1549   0.3504 
  0.7361   0.6262   0.2348   0.0727   0.7465   0.0340   0.4242   0.2949 
  0.1672   0.1685   0.5519   0.6728   0.6104   0.7387   0.7906   0.5769 
  0.9290   0.7971   0.1292   0.8444   0.4470   0.9848   0.7467   0.6753 
  0.6577   0.0369   0.3331   0.8758   0.2217   0.6708   0.6280   0.0000 
  0.9311   0.2895   0.4608   0.4579   0.4643   0.0754   0.2606   0.6549 
  0.2649   0.2373   0.6548   0.4642   0.2228   0.6153   0.1826   0.9288 
---------------------------------------

--- Output Correlation Matrix (Snippet) ---
  1.0000  -0.0069  -0.0270  -0.0283   0.0410  -0.0121  -0.0445  -0.0154 
 -0.0069   1.0000   0.0227   0.0096  -0.0277  -0.0158   0.0245   0.0515 
 -0.0270   0.0227   1.0000   0.0181  -0.0084  -0.0181   0.0164   0.0039 
 -0.0283   0.0096   0.0181   1.0000  -0.0407   0.0316   0.0226   0.0055 
  0.0410  -0.0277  -0.0084  -0.0407   1.0000  -0.0453   0.0127  -0.0128 
 -0.0121  -0.0158  -0.0181   0.0316  -0.0453   1.0000  -0.0070  -0.0285 
 -0.0445   0.0245   0.0164   0.0226   0.0127  -0.0070   1.0000   0.0225 
 -0.0154   0.0515   0.0039   0.0055  -0.0128  -0.0285   0.0225   1.0000 
---------------------------------------

Execution Time: 0.015566 seconds
Exit code: 0
Extracted time: 0.015566

=== openmp (N=200, M=2500, iter=1) ===
Executing OpenMP Version
Matrix Size: N=200, M=2500
Num threads: 8
--- Input Matrix (Snippet) ---
  0.1784   0.3997   0.1666   0.2121   0.0619   0.0541   0.2757   0.0478 
  0.2459   0.4850   0.0104   0.8695   0.6495   0.6553   0.0003   0.2781 
  0.9063   0.4440   0.7253   0.1379   0.7956   0.9051   0.0964   0.8206 
  0.2896   0.8828   0.9025   0.7990   0.6499   0.1416   0.2104   0.8247 
  0.6577   0.0369   0.3331   0.8758   0.2217   0.6708   0.6280   0.0000 
  0.0891   0.9237   0.8383   0.8221   0.7560   0.6990   0.3387   0.4892 
  0.7794   0.8132   0.7432   0.9474   0.3793   0.9794   0.6384   0.6187 
  0.0842   0.1832   0.3542   0.9223   0.4774   0.3511   0.6550   0.4676 
---------------------------------------

--- Output Correlation Matrix (Snippet) ---
  1.0000   0.0305  -0.0212   0.0233  -0.0160  -0.0192   0.0017  -0.0016 
  0.0305   1.0000   0.0092   0.0212   0.0022   0.0280  -0.0362  -0.0159 
 -0.0212   0.0092   1.0000  -0.0060   0.0119   0.0228  -0.0218  -0.0016 
  0.0233   0.0212  -0.0060   1.0000  -0.0190  -0.0385  -0.0178   0.0073 
 -0.0160   0.0022   0.0119  -0.0190   1.0000   0.0217   0.0011  -0.0372 
 -0.0192   0.0280   0.0228  -0.0385   0.0217   1.0000  -0.0358  -0.0005 
  0.0017  -0.0362  -0.0218  -0.0178   0.0011  -0.0358   1.0000   0.0276 
 -0.0016  -0.0159  -0.0016   0.0073  -0.0372  -0.0005   0.0276   1.0000 
---------------------------------------

Execution Time: 0.014321 seconds
Exit code: 0
Extracted time: 0.014321

=== openmp (N=200, M=2500, iter=2) ===
Executing OpenMP Version
Matrix Size: N=200, M=2500
Num threads: 8
--- Input Matrix (Snippet) ---
  0.1784   0.3997   0.1666   0.2121   0.0619   0.0541   0.2757   0.0478 
  0.2459   0.4850   0.0104   0.8695   0.6495   0.6553   0.0003   0.2781 
  0.9063   0.4440   0.7253   0.1379   0.7956   0.9051   0.0964   0.8206 
  0.2896   0.8828   0.9025   0.7990   0.6499   0.1416   0.2104   0.8247 
  0.6577   0.0369   0.3331   0.8758   0.2217   0.6708   0.6280   0.0000 
  0.0891   0.9237   0.8383   0.8221   0.7560   0.6990   0.3387   0.4892 
  0.7794   0.8132   0.7432   0.9474   0.3793   0.9794   0.6384   0.6187 
  0.0842   0.1832   0.3542   0.9223   0.4774   0.3511   0.6550   0.4676 
---------------------------------------

--- Output Correlation Matrix (Snippet) ---
  1.0000   0.0305  -0.0212   0.0233  -0.0160  -0.0192   0.0017  -0.0016 
  0.0305   1.0000   0.0092   0.0212   0.0022   0.0280  -0.0362  -0.0159 
 -0.0212   0.0092   1.0000  -0.0060   0.0119   0.0228  -0.0218  -0.0016 
  0.0233   0.0212  -0.0060   1.0000  -0.0190  -0.0385  -0.0178   0.0073 
 -0.0160   0.0022   0.0119  -0.0190   1.0000   0.0217   0.0011  -0.0372 
 -0.0192   0.0280   0.0228  -0.0385   0.0217   1.0000  -0.0358  -0.0005 
  0.0017  -0.0362  -0.0218  -0.0178   0.0011  -0.0358   1.0000   0.0276 
 -0.0016  -0.0159  -0.0016   0.0073  -0.0372  -0.0005   0.0276   1.0000 
---------------------------------------

Execution Time: 0.021375 seconds
Exit code: 0
Extracted time: 0.021375

=== openmp (N=200, M=2500, iter=3) ===
Executing OpenMP Version
Matrix Size: N=200, M=2500
Num threads: 8
--- Input Matrix (Snippet) ---
  0.1784   0.3997   0.1666   0.2121   0.0619   0.0541   0.2757   0.0478 
  0.2459   0.4850   0.0104   0.8695   0.6495   0.6553   0.0003   0.2781 
  0.9063   0.4440   0.7253   0.1379   0.7956   0.9051   0.0964   0.8206 
  0.2896   0.8828   0.9025   0.7990   0.6499   0.1416   0.2104   0.8247 
  0.6577   0.0369   0.3331   0.8758   0.2217   0.6708   0.6280   0.0000 
  0.0891   0.9237   0.8383   0.8221   0.7560   0.6990   0.3387   0.4892 
  0.7794   0.8132   0.7432   0.9474   0.3793   0.9794   0.6384   0.6187 
  0.0842   0.1832   0.3542   0.9223   0.4774   0.3511   0.6550   0.4676 
---------------------------------------

--- Output Correlation Matrix (Snippet) ---
  1.0000   0.0305  -0.0212   0.0233  -0.0160  -0.0192   0.0017  -0.0016 
  0.0305   1.0000   0.0092   0.0212   0.0022   0.0280  -0.0362  -0.0159 
 -0.0212   0.0092   1.0000  -0.0060   0.0119   0.0228  -0.0218  -0.0016 
  0.0233   0.0212  -0.0060   1.0000  -0.0190  -0.0385  -0.0178   0.0073 
 -0.0160   0.0022   0.0119  -0.0190   1.0000   0.0217   0.0011  -0.0372 
 -0.0192   0.0280   0.0228  -0.0385   0.0217   1.0000  -0.0358  -0.0005 
  0.0017  -0.0362  -0.0218  -0.0178   0.0011  -0.0358   1.0000   0.0276 
 -0.0016  -0.0159  -0.0016   0.0073  -0.0372  -0.0005   0.0276   1.0000 
---------------------------------------

Execution Time: 0.034069 seconds
Exit code: 0
Extracted time: 0.034069

=== openmp (N=200, M=3000, iter=1) ===
Executing OpenMP Version
Matrix Size: N=200, M=3000
Num threads: 8
--- Input Matrix (Snippet) ---
  0.1784   0.3997   0.1666   0.2121   0.0619   0.0541   0.2757   0.0478 
  0.6835   0.2185   0.1961   0.0248   0.6727   0.5442   0.9639   0.2818 
  0.1672   0.1685   0.5519   0.6728   0.6104   0.7387   0.7906   0.5769 
  0.4815   0.6118   0.5401   0.8225   0.6975   0.4157   0.2738   0.2554 
  0.9311   0.2895   0.4608   0.4579   0.4643   0.0754   0.2606   0.6549 
  0.7794   0.8132   0.7432   0.9474   0.3793   0.9794   0.6384   0.6187 
  0.1583   0.6916   0.6599   0.6962   0.3418   0.4218   0.2080   0.0566 
  0.5013   0.8661   0.8181   0.8221   0.2707   0.8748   0.9764   0.6529 
---------------------------------------

--- Output Correlation Matrix (Snippet) ---
  1.0000  -0.0079  -0.0189   0.0064  -0.0058   0.0126   0.0067  -0.0029 
 -0.0079   1.0000  -0.0219  -0.0305  -0.0129   0.0147  -0.0086   0.0305 
 -0.0189  -0.0219   1.0000   0.0110   0.0151   0.0069  -0.0076   0.0224 
  0.0064  -0.0305   0.0110   1.0000  -0.0143   0.0036   0.0036  -0.0167 
 -0.0058  -0.0129   0.0151  -0.0143   1.0000   0.0173  -0.0375  -0.0020 
  0.0126   0.0147   0.0069   0.0036   0.0173   1.0000  -0.0245   0.0187 
  0.0067  -0.0086  -0.0076   0.0036  -0.0375  -0.0245   1.0000  -0.0087 
 -0.0029   0.0305   0.0224  -0.0167  -0.0020   0.0187  -0.0087   1.0000 
---------------------------------------

Execution Time: 0.025643 seconds
Exit code: 0
Extracted time: 0.025643

=== openmp (N=200, M=3000, iter=2) ===
Executing OpenMP Version
Matrix Size: N=200, M=3000
Num threads: 8
--- Input Matrix (Snippet) ---
  0.1784   0.3997   0.1666   0.2121   0.0619   0.0541   0.2757   0.0478 
  0.6835   0.2185   0.1961   0.0248   0.6727   0.5442   0.9639   0.2818 
  0.1672   0.1685   0.5519   0.6728   0.6104   0.7387   0.7906   0.5769 
  0.4815   0.6118   0.5401   0.8225   0.6975   0.4157   0.2738   0.2554 
  0.9311   0.2895   0.4608   0.4579   0.4643   0.0754   0.2606   0.6549 
  0.7794   0.8132   0.7432   0.9474   0.3793   0.9794   0.6384   0.6187 
  0.1583   0.6916   0.6599   0.6962   0.3418   0.4218   0.2080   0.0566 
  0.5013   0.8661   0.8181   0.8221   0.2707   0.8748   0.9764   0.6529 
---------------------------------------

--- Output Correlation Matrix (Snippet) ---
  1.0000  -0.0079  -0.0189   0.0064  -0.0058   0.0126   0.0067  -0.0029 
 -0.0079   1.0000  -0.0219  -0.0305  -0.0129   0.0147  -0.0086   0.0305 
 -0.0189  -0.0219   1.0000   0.0110   0.0151   0.0069  -0.0076   0.0224 
  0.0064  -0.0305   0.0110   1.0000  -0.0143   0.0036   0.0036  -0.0167 
 -0.0058  -0.0129   0.0151  -0.0143   1.0000   0.0173  -0.0375  -0.0020 
  0.0126   0.0147   0.0069   0.0036   0.0173   1.0000  -0.0245   0.0187 
  0.0067  -0.0086  -0.0076   0.0036  -0.0375  -0.0245   1.0000  -0.0087 
 -0.0029   0.0305   0.0224  -0.0167  -0.0020   0.0187  -0.0087   1.0000 
---------------------------------------

Execution Time: 0.029234 seconds
Exit code: 0
Extracted time: 0.029234

=== openmp (N=200, M=3000, iter=3) ===
Executing OpenMP Version
Matrix Size: N=200, M=3000
Num threads: 8
--- Input Matrix (Snippet) ---
  0.1784   0.3997   0.1666   0.2121   0.0619   0.0541   0.2757   0.0478 
  0.6835   0.2185   0.1961   0.0248   0.6727   0.5442   0.9639   0.2818 
  0.1672   0.1685   0.5519   0.6728   0.6104   0.7387   0.7906   0.5769 
  0.4815   0.6118   0.5401   0.8225   0.6975   0.4157   0.2738   0.2554 
  0.9311   0.2895   0.4608   0.4579   0.4643   0.0754   0.2606   0.6549 
  0.7794   0.8132   0.7432   0.9474   0.3793   0.9794   0.6384   0.6187 
  0.1583   0.6916   0.6599   0.6962   0.3418   0.4218   0.2080   0.0566 
  0.5013   0.8661   0.8181   0.8221   0.2707   0.8748   0.9764   0.6529 
---------------------------------------

--- Output Correlation Matrix (Snippet) ---
  1.0000  -0.0079  -0.0189   0.0064  -0.0058   0.0126   0.0067  -0.0029 
 -0.0079   1.0000  -0.0219  -0.0305  -0.0129   0.0147  -0.0086   0.0305 
 -0.0189  -0.0219   1.0000   0.0110   0.0151   0.0069  -0.0076   0.0224 
  0.0064  -0.0305   0.0110   1.0000  -0.0143   0.0036   0.0036  -0.0167 
 -0.0058  -0.0129   0.0151  -0.0143   1.0000   0.0173  -0.0375  -0.0020 
  0.0126   0.0147   0.0069   0.0036   0.0173   1.0000  -0.0245   0.0187 
  0.0067  -0.0086  -0.0076   0.0036  -0.0375  -0.0245   1.0000  -0.0087 
 -0.0029   0.0305   0.0224  -0.0167  -0.0020   0.0187  -0.0087   1.0000 
---------------------------------------

Execution Time: 0.040349 seconds
Exit code: 0
Extracted time: 0.040349

=== openmp (N=500, M=500, iter=1) ===
Executing OpenMP Version
Matrix Size: N=500, M=500
Num threads: 8
--- Input Matrix (Snippet) ---
  0.1784   0.3997   0.1666   0.2121   0.0619   0.0541   0.2757   0.0478 
  0.7832   0.1713   0.3731   0.1762   0.4492   0.9714   0.9770   0.4063 
  0.8579   0.2793   0.3497   0.6058   0.0737   0.1928   0.5753   0.2738 
  0.5231   0.4570   0.4980   0.9980   0.9538   0.4599   0.6245   0.8193 
  0.2355   0.3513   0.2187   0.2880   0.0186   0.3609   0.1549   0.3504 
  0.2459   0.4850   0.0104   0.8695   0.6495   0.6553   0.0003   0.2781 
  0.6835   0.2185   0.1961   0.0248   0.6727   0.5442   0.9639   0.2818 
  0.7949   0.9540   0.3739   0.6583   0.6555   0.8941   0.8713   0.9372 
---------------------------------------

--- Output Correlation Matrix (Snippet) ---
  1.0000   0.0256   0.0236  -0.0521   0.0384   0.0583   0.0019  -0.0393 
  0.0256   1.0000  -0.0126  -0.0000   0.0707   0.0208   0.0440  -0.0621 
  0.0236  -0.0126   1.0000  -0.0210  -0.0033   0.0142  -0.0386   0.0410 
 -0.0521  -0.0000  -0.0210   1.0000   0.0182   0.0262  -0.0804  -0.0467 
  0.0384   0.0707  -0.0033   0.0182   1.0000   0.0061  -0.0249  -0.0272 
  0.0583   0.0208   0.0142   0.0262   0.0061   1.0000  -0.1227   0.0816 
  0.0019   0.0440  -0.0386  -0.0804  -0.0249  -0.1227   1.0000   0.0038 
 -0.0393  -0.0621   0.0410  -0.0467  -0.0272   0.0816   0.0038   1.0000 
---------------------------------------

Execution Time: 0.022057 seconds
Exit code: 0
Extracted time: 0.022057

=== openmp (N=500, M=500, iter=2) ===
Executing OpenMP Version
Matrix Size: N=500, M=500
Num threads: 8
--- Input Matrix (Snippet) ---
  0.1784   0.3997   0.1666   0.2121   0.0619   0.0541   0.2757   0.0478 
  0.7832   0.1713   0.3731   0.1762   0.4492   0.9714   0.9770   0.4063 
  0.8579   0.2793   0.3497   0.6058   0.0737   0.1928   0.5753   0.2738 
  0.5231   0.4570   0.4980   0.9980   0.9538   0.4599   0.6245   0.8193 
  0.2355   0.3513   0.2187   0.2880   0.0186   0.3609   0.1549   0.3504 
  0.2459   0.4850   0.0104   0.8695   0.6495   0.6553   0.0003   0.2781 
  0.6835   0.2185   0.1961   0.0248   0.6727   0.5442   0.9639   0.2818 
  0.7949   0.9540   0.3739   0.6583   0.6555   0.8941   0.8713   0.9372 
---------------------------------------

--- Output Correlation Matrix (Snippet) ---
  1.0000   0.0256   0.0236  -0.0521   0.0384   0.0583   0.0019  -0.0393 
  0.0256   1.0000  -0.0126  -0.0000   0.0707   0.0208   0.0440  -0.0621 
  0.0236  -0.0126   1.0000  -0.0210  -0.0033   0.0142  -0.0386   0.0410 
 -0.0521  -0.0000  -0.0210   1.0000   0.0182   0.0262  -0.0804  -0.0467 
  0.0384   0.0707  -0.0033   0.0182   1.0000   0.0061  -0.0249  -0.0272 
  0.0583   0.0208   0.0142   0.0262   0.0061   1.0000  -0.1227   0.0816 
  0.0019   0.0440  -0.0386  -0.0804  -0.0249  -0.1227   1.0000   0.0038 
 -0.0393  -0.0621   0.0410  -0.0467  -0.0272   0.0816   0.0038   1.0000 
---------------------------------------

Execution Time: 0.039419 seconds
Exit code: 0
Extracted time: 0.039419

=== openmp (N=500, M=500, iter=3) ===
Executing OpenMP Version
Matrix Size: N=500, M=500
Num threads: 8
--- Input Matrix (Snippet) ---
  0.1784   0.3997   0.1666   0.2121   0.0619   0.0541   0.2757   0.0478 
  0.7832   0.1713   0.3731   0.1762   0.4492   0.9714   0.9770   0.4063 
  0.8579   0.2793   0.3497   0.6058   0.0737   0.1928   0.5753   0.2738 
  0.5231   0.4570   0.4980   0.9980   0.9538   0.4599   0.6245   0.8193 
  0.2355   0.3513   0.2187   0.2880   0.0186   0.3609   0.1549   0.3504 
  0.2459   0.4850   0.0104   0.8695   0.6495   0.6553   0.0003   0.2781 
  0.6835   0.2185   0.1961   0.0248   0.6727   0.5442   0.9639   0.2818 
  0.7949   0.9540   0.3739   0.6583   0.6555   0.8941   0.8713   0.9372 
---------------------------------------

--- Output Correlation Matrix (Snippet) ---
  1.0000   0.0256   0.0236  -0.0521   0.0384   0.0583   0.0019  -0.0393 
  0.0256   1.0000  -0.0126  -0.0000   0.0707   0.0208   0.0440  -0.0621 
  0.0236  -0.0126   1.0000  -0.0210  -0.0033   0.0142  -0.0386   0.0410 
 -0.0521  -0.0000  -0.0210   1.0000   0.0182   0.0262  -0.0804  -0.0467 
  0.0384   0.0707  -0.0033   0.0182   1.0000   0.0061  -0.0249  -0.0272 
  0.0583   0.0208   0.0142   0.0262   0.0061   1.0000  -0.1227   0.0816 
  0.0019   0.0440  -0.0386  -0.0804  -0.0249  -0.1227   1.0000   0.0038 
 -0.0393  -0.0621   0.0410  -0.0467  -0.0272   0.0816   0.0038   1.0000 
---------------------------------------

Execution Time: 0.024292 seconds
Exit code: 0
Extracted time: 0.024292

=== openmp (N=500, M=1000, iter=1) ===
Executing OpenMP Version
Matrix Size: N=500, M=1000
Num threads: 8
--- Input Matrix (Snippet) ---
  0.1784   0.3997   0.1666   0.2121   0.0619   0.0541   0.2757   0.0478 
  0.8579   0.2793   0.3497   0.6058   0.0737   0.1928   0.5753   0.2738 
  0.2355   0.3513   0.2187   0.2880   0.0186   0.3609   0.1549   0.3504 
  0.6835   0.2185   0.1961   0.0248   0.6727   0.5442   0.9639   0.2818 
  0.7361   0.6262   0.2348   0.0727   0.7465   0.0340   0.4242   0.2949 
  0.9063   0.4440   0.7253   0.1379   0.7956   0.9051   0.0964   0.8206 
  0.1672   0.1685   0.5519   0.6728   0.6104   0.7387   0.7906   0.5769 
  0.3751   0.2483   0.8508   0.0803   0.3567   0.4930   0.2261   0.4608 
---------------------------------------

--- Output Correlation Matrix (Snippet) ---
  1.0000   0.0109   0.0293  -0.0304   0.0102   0.0139   0.0044  -0.0106 
  0.0109   1.0000   0.0119  -0.0427  -0.0041  -0.0632  -0.0605  -0.0605 
  0.0293   0.0119   1.0000   0.0276   0.0204   0.0119   0.0083   0.0077 
 -0.0304  -0.0427   0.0276   1.0000   0.0269   0.0239   0.0206   0.0100 
  0.0102  -0.0041   0.0204   0.0269   1.0000   0.0015  -0.0140  -0.0381 
  0.0139  -0.0632   0.0119   0.0239   0.0015   1.0000  -0.0124   0.0481 
  0.0044  -0.0605   0.0083   0.0206  -0.0140  -0.0124   1.0000   0.0370 
 -0.0106  -0.0605   0.0077   0.0100  -0.0381   0.0481   0.0370   1.0000 
---------------------------------------

Execution Time: 0.044602 seconds
Exit code: 0
Extracted time: 0.044602

=== openmp (N=500, M=1000, iter=2) ===
Executing OpenMP Version
Matrix Size: N=500, M=1000
Num threads: 8
--- Input Matrix (Snippet) ---
  0.1784   0.3997   0.1666   0.2121   0.0619   0.0541   0.2757   0.0478 
  0.8579   0.2793   0.3497   0.6058   0.0737   0.1928   0.5753   0.2738 
  0.2355   0.3513   0.2187   0.2880   0.0186   0.3609   0.1549   0.3504 
  0.6835   0.2185   0.1961   0.0248   0.6727   0.5442   0.9639   0.2818 
  0.7361   0.6262   0.2348   0.0727   0.7465   0.0340   0.4242   0.2949 
  0.9063   0.4440   0.7253   0.1379   0.7956   0.9051   0.0964   0.8206 
  0.1672   0.1685   0.5519   0.6728   0.6104   0.7387   0.7906   0.5769 
  0.3751   0.2483   0.8508   0.0803   0.3567   0.4930   0.2261   0.4608 
---------------------------------------

--- Output Correlation Matrix (Snippet) ---
  1.0000   0.0109   0.0293  -0.0304   0.0102   0.0139   0.0044  -0.0106 
  0.0109   1.0000   0.0119  -0.0427  -0.0041  -0.0632  -0.0605  -0.0605 
  0.0293   0.0119   1.0000   0.0276   0.0204   0.0119   0.0083   0.0077 
 -0.0304  -0.0427   0.0276   1.0000   0.0269   0.0239   0.0206   0.0100 
  0.0102  -0.0041   0.0204   0.0269   1.0000   0.0015  -0.0140  -0.0381 
  0.0139  -0.0632   0.0119   0.0239   0.0015   1.0000  -0.0124   0.0481 
  0.0044  -0.0605   0.0083   0.0206  -0.0140  -0.0124   1.0000   0.0370 
 -0.0106  -0.0605   0.0077   0.0100  -0.0381   0.0481   0.0370   1.0000 
---------------------------------------

Execution Time: 0.038535 seconds
Exit code: 0
Extracted time: 0.038535

=== openmp (N=500, M=1000, iter=3) ===
Executing OpenMP Version
Matrix Size: N=500, M=1000
Num threads: 8
--- Input Matrix (Snippet) ---
  0.1784   0.3997   0.1666   0.2121   0.0619   0.0541   0.2757   0.0478 
  0.8579   0.2793   0.3497   0.6058   0.0737   0.1928   0.5753   0.2738 
  0.2355   0.3513   0.2187   0.2880   0.0186   0.3609   0.1549   0.3504 
  0.6835   0.2185   0.1961   0.0248   0.6727   0.5442   0.9639   0.2818 
  0.7361   0.6262   0.2348   0.0727   0.7465   0.0340   0.4242   0.2949 
  0.9063   0.4440   0.7253   0.1379   0.7956   0.9051   0.0964   0.8206 
  0.1672   0.1685   0.5519   0.6728   0.6104   0.7387   0.7906   0.5769 
  0.3751   0.2483   0.8508   0.0803   0.3567   0.4930   0.2261   0.4608 
---------------------------------------

--- Output Correlation Matrix (Snippet) ---
  1.0000   0.0109   0.0293  -0.0304   0.0102   0.0139   0.0044  -0.0106 
  0.0109   1.0000   0.0119  -0.0427  -0.0041  -0.0632  -0.0605  -0.0605 
  0.0293   0.0119   1.0000   0.0276   0.0204   0.0119   0.0083   0.0077 
 -0.0304  -0.0427   0.0276   1.0000   0.0269   0.0239   0.0206   0.0100 
  0.0102  -0.0041   0.0204   0.0269   1.0000   0.0015  -0.0140  -0.0381 
  0.0139  -0.0632   0.0119   0.0239   0.0015   1.0000  -0.0124   0.0481 
  0.0044  -0.0605   0.0083   0.0206  -0.0140  -0.0124   1.0000   0.0370 
 -0.0106  -0.0605   0.0077   0.0100  -0.0381   0.0481   0.0370   1.0000 
---------------------------------------

Execution Time: 0.046932 seconds
Exit code: 0
Extracted time: 0.046932

=== openmp (N=500, M=1500, iter=1) ===
Executing OpenMP Version
Matrix Size: N=500, M=1500
Num threads: 8
--- Input Matrix (Snippet) ---
  0.1784   0.3997   0.1666   0.2121   0.0619   0.0541   0.2757   0.0478 
  0.5231   0.4570   0.4980   0.9980   0.9538   0.4599   0.6245   0.8193 
  0.6835   0.2185   0.1961   0.0248   0.6727   0.5442   0.9639   0.2818 
  0.6730   0.3860   0.7919   0.3859   0.4882   0.1123   0.5655   0.3819 
  0.1672   0.1685   0.5519   0.6728   0.6104   0.7387   0.7906   0.5769 
  0.2896   0.8828   0.9025   0.7990   0.6499   0.1416   0.2104   0.8247 
  0.4815   0.6118   0.5401   0.8225   0.6975   0.4157   0.2738   0.2554 
  0.5062   0.5588   0.9413   0.5000   0.5328   0.1062   0.3400   0.7122 
---------------------------------------

--- Output Correlation Matrix (Snippet) ---
  1.0000   0.0111  -0.0267  -0.0267  -0.0210   0.0113   0.0004   0.0095 
  0.0111   1.0000  -0.0268   0.0110   0.0518  -0.0168   0.0241   0.0123 
 -0.0267  -0.0268   1.0000   0.0289   0.0020  -0.0170  -0.0226  -0.0030 
 -0.0267   0.0110   0.0289   1.0000   0.0178  -0.0459   0.0215  -0.0381 
 -0.0210   0.0518   0.0020   0.0178   1.0000   0.0124  -0.0130  -0.0079 
  0.0113  -0.0168  -0.0170  -0.0459   0.0124   1.0000   0.0043   0.0352 
  0.0004   0.0241  -0.0226   0.0215  -0.0130   0.0043   1.0000  -0.0296 
  0.0095   0.0123  -0.0030  -0.0381  -0.0079   0.0352  -0.0296   1.0000 
---------------------------------------

Execution Time: 0.055420 seconds
Exit code: 0
Extracted time: 0.055420

=== openmp (N=500, M=1500, iter=2) ===
Executing OpenMP Version
Matrix Size: N=500, M=1500
Num threads: 8
--- Input Matrix (Snippet) ---
  0.1784   0.3997   0.1666   0.2121   0.0619   0.0541   0.2757   0.0478 
  0.5231   0.4570   0.4980   0.9980   0.9538   0.4599   0.6245   0.8193 
  0.6835   0.2185   0.1961   0.0248   0.6727   0.5442   0.9639   0.2818 
  0.6730   0.3860   0.7919   0.3859   0.4882   0.1123   0.5655   0.3819 
  0.1672   0.1685   0.5519   0.6728   0.6104   0.7387   0.7906   0.5769 
  0.2896   0.8828   0.9025   0.7990   0.6499   0.1416   0.2104   0.8247 
  0.4815   0.6118   0.5401   0.8225   0.6975   0.4157   0.2738   0.2554 
  0.5062   0.5588   0.9413   0.5000   0.5328   0.1062   0.3400   0.7122 
---------------------------------------

--- Output Correlation Matrix (Snippet) ---
  1.0000   0.0111  -0.0267  -0.0267  -0.0210   0.0113   0.0004   0.0095 
  0.0111   1.0000  -0.0268   0.0110   0.0518  -0.0168   0.0241   0.0123 
 -0.0267  -0.0268   1.0000   0.0289   0.0020  -0.0170  -0.0226  -0.0030 
 -0.0267   0.0110   0.0289   1.0000   0.0178  -0.0459   0.0215  -0.0381 
 -0.0210   0.0518   0.0020   0.0178   1.0000   0.0124  -0.0130  -0.0079 
  0.0113  -0.0168  -0.0170  -0.0459   0.0124   1.0000   0.0043   0.0352 
  0.0004   0.0241  -0.0226   0.0215  -0.0130   0.0043   1.0000  -0.0296 
  0.0095   0.0123  -0.0030  -0.0381  -0.0079   0.0352  -0.0296   1.0000 
---------------------------------------

Execution Time: 0.063862 seconds
Exit code: 0
Extracted time: 0.063862

=== openmp (N=500, M=1500, iter=3) ===
Executing OpenMP Version
Matrix Size: N=500, M=1500
Num threads: 8
--- Input Matrix (Snippet) ---
  0.1784   0.3997   0.1666   0.2121   0.0619   0.0541   0.2757   0.0478 
  0.5231   0.4570   0.4980   0.9980   0.9538   0.4599   0.6245   0.8193 
  0.6835   0.2185   0.1961   0.0248   0.6727   0.5442   0.9639   0.2818 
  0.6730   0.3860   0.7919   0.3859   0.4882   0.1123   0.5655   0.3819 
  0.1672   0.1685   0.5519   0.6728   0.6104   0.7387   0.7906   0.5769 
  0.2896   0.8828   0.9025   0.7990   0.6499   0.1416   0.2104   0.8247 
  0.4815   0.6118   0.5401   0.8225   0.6975   0.4157   0.2738   0.2554 
  0.5062   0.5588   0.9413   0.5000   0.5328   0.1062   0.3400   0.7122 
---------------------------------------

--- Output Correlation Matrix (Snippet) ---
  1.0000   0.0111  -0.0267  -0.0267  -0.0210   0.0113   0.0004   0.0095 
  0.0111   1.0000  -0.0268   0.0110   0.0518  -0.0168   0.0241   0.0123 
 -0.0267  -0.0268   1.0000   0.0289   0.0020  -0.0170  -0.0226  -0.0030 
 -0.0267   0.0110   0.0289   1.0000   0.0178  -0.0459   0.0215  -0.0381 
 -0.0210   0.0518   0.0020   0.0178   1.0000   0.0124  -0.0130  -0.0079 
  0.0113  -0.0168  -0.0170  -0.0459   0.0124   1.0000   0.0043   0.0352 
  0.0004   0.0241  -0.0226   0.0215  -0.0130   0.0043   1.0000  -0.0296 
  0.0095   0.0123  -0.0030  -0.0381  -0.0079   0.0352  -0.0296   1.0000 
---------------------------------------

Execution Time: 0.050030 seconds
Exit code: 0
Extracted time: 0.050030

=== openmp (N=500, M=2000, iter=1) ===
Executing OpenMP Version
Matrix Size: N=500, M=2000
Num threads: 8
--- Input Matrix (Snippet) ---
  0.1784   0.3997   0.1666   0.2121   0.0619   0.0541   0.2757   0.0478 
  0.2355   0.3513   0.2187   0.2880   0.0186   0.3609   0.1549   0.3504 
  0.7361   0.6262   0.2348   0.0727   0.7465   0.0340   0.4242   0.2949 
  0.1672   0.1685   0.5519   0.6728   0.6104   0.7387   0.7906   0.5769 
  0.9290   0.7971   0.1292   0.8444   0.4470   0.9848   0.7467   0.6753 
  0.6577   0.0369   0.3331   0.8758   0.2217   0.6708   0.6280   0.0000 
  0.9311   0.2895   0.4608   0.4579   0.4643   0.0754   0.2606   0.6549 
  0.2649   0.2373   0.6548   0.4642   0.2228   0.6153   0.1826   0.9288 
---------------------------------------

--- Output Correlation Matrix (Snippet) ---
  1.0000  -0.0069  -0.0270  -0.0283   0.0410  -0.0121  -0.0445  -0.0154 
 -0.0069   1.0000   0.0227   0.0096  -0.0277  -0.0158   0.0245   0.0515 
 -0.0270   0.0227   1.0000   0.0181  -0.0084  -0.0181   0.0164   0.0039 
 -0.0283   0.0096   0.0181   1.0000  -0.0407   0.0316   0.0226   0.0055 
  0.0410  -0.0277  -0.0084  -0.0407   1.0000  -0.0453   0.0127  -0.0128 
 -0.0121  -0.0158  -0.0181   0.0316  -0.0453   1.0000  -0.0070  -0.0285 
 -0.0445   0.0245   0.0164   0.0226   0.0127  -0.0070   1.0000   0.0225 
 -0.0154   0.0515   0.0039   0.0055  -0.0128  -0.0285   0.0225   1.0000 
---------------------------------------

Execution Time: 0.091130 seconds
Exit code: 0
Extracted time: 0.091130

=== openmp (N=500, M=2000, iter=2) ===
Executing OpenMP Version
Matrix Size: N=500, M=2000
Num threads: 8
--- Input Matrix (Snippet) ---
  0.1784   0.3997   0.1666   0.2121   0.0619   0.0541   0.2757   0.0478 
  0.2355   0.3513   0.2187   0.2880   0.0186   0.3609   0.1549   0.3504 
  0.7361   0.6262   0.2348   0.0727   0.7465   0.0340   0.4242   0.2949 
  0.1672   0.1685   0.5519   0.6728   0.6104   0.7387   0.7906   0.5769 
  0.9290   0.7971   0.1292   0.8444   0.4470   0.9848   0.7467   0.6753 
  0.6577   0.0369   0.3331   0.8758   0.2217   0.6708   0.6280   0.0000 
  0.9311   0.2895   0.4608   0.4579   0.4643   0.0754   0.2606   0.6549 
  0.2649   0.2373   0.6548   0.4642   0.2228   0.6153   0.1826   0.9288 
---------------------------------------

--- Output Correlation Matrix (Snippet) ---
  1.0000  -0.0069  -0.0270  -0.0283   0.0410  -0.0121  -0.0445  -0.0154 
 -0.0069   1.0000   0.0227   0.0096  -0.0277  -0.0158   0.0245   0.0515 
 -0.0270   0.0227   1.0000   0.0181  -0.0084  -0.0181   0.0164   0.0039 
 -0.0283   0.0096   0.0181   1.0000  -0.0407   0.0316   0.0226   0.0055 
  0.0410  -0.0277  -0.0084  -0.0407   1.0000  -0.0453   0.0127  -0.0128 
 -0.0121  -0.0158  -0.0181   0.0316  -0.0453   1.0000  -0.0070  -0.0285 
 -0.0445   0.0245   0.0164   0.0226   0.0127  -0.0070   1.0000   0.0225 
 -0.0154   0.0515   0.0039   0.0055  -0.0128  -0.0285   0.0225   1.0000 
---------------------------------------

Execution Time: 0.065616 seconds
Exit code: 0
Extracted time: 0.065616

=== openmp (N=500, M=2000, iter=3) ===
Executing OpenMP Version
Matrix Size: N=500, M=2000
Num threads: 8
--- Input Matrix (Snippet) ---
  0.1784   0.3997   0.1666   0.2121   0.0619   0.0541   0.2757   0.0478 
  0.2355   0.3513   0.2187   0.2880   0.0186   0.3609   0.1549   0.3504 
  0.7361   0.6262   0.2348   0.0727   0.7465   0.0340   0.4242   0.2949 
  0.1672   0.1685   0.5519   0.6728   0.6104   0.7387   0.7906   0.5769 
  0.9290   0.7971   0.1292   0.8444   0.4470   0.9848   0.7467   0.6753 
  0.6577   0.0369   0.3331   0.8758   0.2217   0.6708   0.6280   0.0000 
  0.9311   0.2895   0.4608   0.4579   0.4643   0.0754   0.2606   0.6549 
  0.2649   0.2373   0.6548   0.4642   0.2228   0.6153   0.1826   0.9288 
---------------------------------------

--- Output Correlation Matrix (Snippet) ---
  1.0000  -0.0069  -0.0270  -0.0283   0.0410  -0.0121  -0.0445  -0.0154 
 -0.0069   1.0000   0.0227   0.0096  -0.0277  -0.0158   0.0245   0.0515 
 -0.0270   0.0227   1.0000   0.0181  -0.0084  -0.0181   0.0164   0.0039 
 -0.0283   0.0096   0.0181   1.0000  -0.0407   0.0316   0.0226   0.0055 
  0.0410  -0.0277  -0.0084  -0.0407   1.0000  -0.0453   0.0127  -0.0128 
 -0.0121  -0.0158  -0.0181   0.0316  -0.0453   1.0000  -0.0070  -0.0285 
 -0.0445   0.0245   0.0164   0.0226   0.0127  -0.0070   1.0000   0.0225 
 -0.0154   0.0515   0.0039   0.0055  -0.0128  -0.0285   0.0225   1.0000 
---------------------------------------

Execution Time: 0.065124 seconds
Exit code: 0
Extracted time: 0.065124

=== openmp (N=500, M=2500, iter=1) ===
Executing OpenMP Version
Matrix Size: N=500, M=2500
Num threads: 8
--- Input Matrix (Snippet) ---
  0.1784   0.3997   0.1666   0.2121   0.0619   0.0541   0.2757   0.0478 
  0.2459   0.4850   0.0104   0.8695   0.6495   0.6553   0.0003   0.2781 
  0.9063   0.4440   0.7253   0.1379   0.7956   0.9051   0.0964   0.8206 
  0.2896   0.8828   0.9025   0.7990   0.6499   0.1416   0.2104   0.8247 
  0.6577   0.0369   0.3331   0.8758   0.2217   0.6708   0.6280   0.0000 
  0.0891   0.9237   0.8383   0.8221   0.7560   0.6990   0.3387   0.4892 
  0.7794   0.8132   0.7432   0.9474   0.3793   0.9794   0.6384   0.6187 
  0.0842   0.1832   0.3542   0.9223   0.4774   0.3511   0.6550   0.4676 
---------------------------------------

--- Output Correlation Matrix (Snippet) ---
  1.0000   0.0305  -0.0212   0.0233  -0.0160  -0.0192   0.0017  -0.0016 
  0.0305   1.0000   0.0092   0.0212   0.0022   0.0280  -0.0362  -0.0159 
 -0.0212   0.0092   1.0000  -0.0060   0.0119   0.0228  -0.0218  -0.0016 
  0.0233   0.0212  -0.0060   1.0000  -0.0190  -0.0385  -0.0178   0.0073 
 -0.0160   0.0022   0.0119  -0.0190   1.0000   0.0217   0.0011  -0.0372 
 -0.0192   0.0280   0.0228  -0.0385   0.0217   1.0000  -0.0358  -0.0005 
  0.0017  -0.0362  -0.0218  -0.0178   0.0011  -0.0358   1.0000   0.0276 
 -0.0016  -0.0159  -0.0016   0.0073  -0.0372  -0.0005   0.0276   1.0000 
---------------------------------------

Execution Time: 0.079927 seconds
Exit code: 0
Extracted time: 0.079927

=== openmp (N=500, M=2500, iter=2) ===
Executing OpenMP Version
Matrix Size: N=500, M=2500
Num threads: 8
--- Input Matrix (Snippet) ---
  0.1784   0.3997   0.1666   0.2121   0.0619   0.0541   0.2757   0.0478 
  0.2459   0.4850   0.0104   0.8695   0.6495   0.6553   0.0003   0.2781 
  0.9063   0.4440   0.7253   0.1379   0.7956   0.9051   0.0964   0.8206 
  0.2896   0.8828   0.9025   0.7990   0.6499   0.1416   0.2104   0.8247 
  0.6577   0.0369   0.3331   0.8758   0.2217   0.6708   0.6280   0.0000 
  0.0891   0.9237   0.8383   0.8221   0.7560   0.6990   0.3387   0.4892 
  0.7794   0.8132   0.7432   0.9474   0.3793   0.9794   0.6384   0.6187 
  0.0842   0.1832   0.3542   0.9223   0.4774   0.3511   0.6550   0.4676 
---------------------------------------

--- Output Correlation Matrix (Snippet) ---
  1.0000   0.0305  -0.0212   0.0233  -0.0160  -0.0192   0.0017  -0.0016 
  0.0305   1.0000   0.0092   0.0212   0.0022   0.0280  -0.0362  -0.0159 
 -0.0212   0.0092   1.0000  -0.0060   0.0119   0.0228  -0.0218  -0.0016 
  0.0233   0.0212  -0.0060   1.0000  -0.0190  -0.0385  -0.0178   0.0073 
 -0.0160   0.0022   0.0119  -0.0190   1.0000   0.0217   0.0011  -0.0372 
 -0.0192   0.0280   0.0228  -0.0385   0.0217   1.0000  -0.0358  -0.0005 
  0.0017  -0.0362  -0.0218  -0.0178   0.0011  -0.0358   1.0000   0.0276 
 -0.0016  -0.0159  -0.0016   0.0073  -0.0372  -0.0005   0.0276   1.0000 
---------------------------------------

Execution Time: 0.082737 seconds
Exit code: 0
Extracted time: 0.082737

=== openmp (N=500, M=2500, iter=3) ===
Executing OpenMP Version
Matrix Size: N=500, M=2500
Num threads: 8
--- Input Matrix (Snippet) ---
  0.1784   0.3997   0.1666   0.2121   0.0619   0.0541   0.2757   0.0478 
  0.2459   0.4850   0.0104   0.8695   0.6495   0.6553   0.0003   0.2781 
  0.9063   0.4440   0.7253   0.1379   0.7956   0.9051   0.0964   0.8206 
  0.2896   0.8828   0.9025   0.7990   0.6499   0.1416   0.2104   0.8247 
  0.6577   0.0369   0.3331   0.8758   0.2217   0.6708   0.6280   0.0000 
  0.0891   0.9237   0.8383   0.8221   0.7560   0.6990   0.3387   0.4892 
  0.7794   0.8132   0.7432   0.9474   0.3793   0.9794   0.6384   0.6187 
  0.0842   0.1832   0.3542   0.9223   0.4774   0.3511   0.6550   0.4676 
---------------------------------------

--- Output Correlation Matrix (Snippet) ---
  1.0000   0.0305  -0.0212   0.0233  -0.0160  -0.0192   0.0017  -0.0016 
  0.0305   1.0000   0.0092   0.0212   0.0022   0.0280  -0.0362  -0.0159 
 -0.0212   0.0092   1.0000  -0.0060   0.0119   0.0228  -0.0218  -0.0016 
  0.0233   0.0212  -0.0060   1.0000  -0.0190  -0.0385  -0.0178   0.0073 
 -0.0160   0.0022   0.0119  -0.0190   1.0000   0.0217   0.0011  -0.0372 
 -0.0192   0.0280   0.0228  -0.0385   0.0217   1.0000  -0.0358  -0.0005 
  0.0017  -0.0362  -0.0218  -0.0178   0.0011  -0.0358   1.0000   0.0276 
 -0.0016  -0.0159  -0.0016   0.0073  -0.0372  -0.0005   0.0276   1.0000 
---------------------------------------

Execution Time: 0.089094 seconds
Exit code: 0
Extracted time: 0.089094

=== openmp (N=500, M=3000, iter=1) ===
Executing OpenMP Version
Matrix Size: N=500, M=3000
Num threads: 8
--- Input Matrix (Snippet) ---
  0.1784   0.3997   0.1666   0.2121   0.0619   0.0541   0.2757   0.0478 
  0.6835   0.2185   0.1961   0.0248   0.6727   0.5442   0.9639   0.2818 
  0.1672   0.1685   0.5519   0.6728   0.6104   0.7387   0.7906   0.5769 
  0.4815   0.6118   0.5401   0.8225   0.6975   0.4157   0.2738   0.2554 
  0.9311   0.2895   0.4608   0.4579   0.4643   0.0754   0.2606   0.6549 
  0.7794   0.8132   0.7432   0.9474   0.3793   0.9794   0.6384   0.6187 
  0.1583   0.6916   0.6599   0.6962   0.3418   0.4218   0.2080   0.0566 
  0.5013   0.8661   0.8181   0.8221   0.2707   0.8748   0.9764   0.6529 
---------------------------------------

--- Output Correlation Matrix (Snippet) ---
  1.0000  -0.0079  -0.0189   0.0064  -0.0058   0.0126   0.0067  -0.0029 
 -0.0079   1.0000  -0.0219  -0.0305  -0.0129   0.0147  -0.0086   0.0305 
 -0.0189  -0.0219   1.0000   0.0110   0.0151   0.0069  -0.0076   0.0224 
  0.0064  -0.0305   0.0110   1.0000  -0.0143   0.0036   0.0036  -0.0167 
 -0.0058  -0.0129   0.0151  -0.0143   1.0000   0.0173  -0.0375  -0.0020 
  0.0126   0.0147   0.0069   0.0036   0.0173   1.0000  -0.0245   0.0187 
  0.0067  -0.0086  -0.0076   0.0036  -0.0375  -0.0245   1.0000  -0.0087 
 -0.0029   0.0305   0.0224  -0.0167  -0.0020   0.0187  -0.0087   1.0000 
---------------------------------------

Execution Time: 0.099295 seconds
Exit code: 0
Extracted time: 0.099295

=== openmp (N=500, M=3000, iter=2) ===
Executing OpenMP Version
Matrix Size: N=500, M=3000
Num threads: 8
--- Input Matrix (Snippet) ---
  0.1784   0.3997   0.1666   0.2121   0.0619   0.0541   0.2757   0.0478 
  0.6835   0.2185   0.1961   0.0248   0.6727   0.5442   0.9639   0.2818 
  0.1672   0.1685   0.5519   0.6728   0.6104   0.7387   0.7906   0.5769 
  0.4815   0.6118   0.5401   0.8225   0.6975   0.4157   0.2738   0.2554 
  0.9311   0.2895   0.4608   0.4579   0.4643   0.0754   0.2606   0.6549 
  0.7794   0.8132   0.7432   0.9474   0.3793   0.9794   0.6384   0.6187 
  0.1583   0.6916   0.6599   0.6962   0.3418   0.4218   0.2080   0.0566 
  0.5013   0.8661   0.8181   0.8221   0.2707   0.8748   0.9764   0.6529 
---------------------------------------

--- Output Correlation Matrix (Snippet) ---
  1.0000  -0.0079  -0.0189   0.0064  -0.0058   0.0126   0.0067  -0.0029 
 -0.0079   1.0000  -0.0219  -0.0305  -0.0129   0.0147  -0.0086   0.0305 
 -0.0189  -0.0219   1.0000   0.0110   0.0151   0.0069  -0.0076   0.0224 
  0.0064  -0.0305   0.0110   1.0000  -0.0143   0.0036   0.0036  -0.0167 
 -0.0058  -0.0129   0.0151  -0.0143   1.0000   0.0173  -0.0375  -0.0020 
  0.0126   0.0147   0.0069   0.0036   0.0173   1.0000  -0.0245   0.0187 
  0.0067  -0.0086  -0.0076   0.0036  -0.0375  -0.0245   1.0000  -0.0087 
 -0.0029   0.0305   0.0224  -0.0167  -0.0020   0.0187  -0.0087   1.0000 
---------------------------------------

Execution Time: 0.101511 seconds
Exit code: 0
Extracted time: 0.101511

=== openmp (N=500, M=3000, iter=3) ===
Executing OpenMP Version
Matrix Size: N=500, M=3000
Num threads: 8
--- Input Matrix (Snippet) ---
  0.1784   0.3997   0.1666   0.2121   0.0619   0.0541   0.2757   0.0478 
  0.6835   0.2185   0.1961   0.0248   0.6727   0.5442   0.9639   0.2818 
  0.1672   0.1685   0.5519   0.6728   0.6104   0.7387   0.7906   0.5769 
  0.4815   0.6118   0.5401   0.8225   0.6975   0.4157   0.2738   0.2554 
  0.9311   0.2895   0.4608   0.4579   0.4643   0.0754   0.2606   0.6549 
  0.7794   0.8132   0.7432   0.9474   0.3793   0.9794   0.6384   0.6187 
  0.1583   0.6916   0.6599   0.6962   0.3418   0.4218   0.2080   0.0566 
  0.5013   0.8661   0.8181   0.8221   0.2707   0.8748   0.9764   0.6529 
---------------------------------------

--- Output Correlation Matrix (Snippet) ---
  1.0000  -0.0079  -0.0189   0.0064  -0.0058   0.0126   0.0067  -0.0029 
 -0.0079   1.0000  -0.0219  -0.0305  -0.0129   0.0147  -0.0086   0.0305 
 -0.0189  -0.0219   1.0000   0.0110   0.0151   0.0069  -0.0076   0.0224 
  0.0064  -0.0305   0.0110   1.0000  -0.0143   0.0036   0.0036  -0.0167 
 -0.0058  -0.0129   0.0151  -0.0143   1.0000   0.0173  -0.0375  -0.0020 
  0.0126   0.0147   0.0069   0.0036   0.0173   1.0000  -0.0245   0.0187 
  0.0067  -0.0086  -0.0076   0.0036  -0.0375  -0.0245   1.0000  -0.0087 
 -0.0029   0.0305   0.0224  -0.0167  -0.0020   0.0187  -0.0087   1.0000 
---------------------------------------

Execution Time: 0.154649 seconds
Exit code: 0
Extracted time: 0.154649

=== openmp (N=1000, M=500, iter=1) ===
Executing OpenMP Version
Matrix Size: N=1000, M=500
Num threads: 8
--- Input Matrix (Snippet) ---
  0.1784   0.3997   0.1666   0.2121   0.0619   0.0541   0.2757   0.0478 
  0.7832   0.1713   0.3731   0.1762   0.4492   0.9714   0.9770   0.4063 
  0.8579   0.2793   0.3497   0.6058   0.0737   0.1928   0.5753   0.2738 
  0.5231   0.4570   0.4980   0.9980   0.9538   0.4599   0.6245   0.8193 
  0.2355   0.3513   0.2187   0.2880   0.0186   0.3609   0.1549   0.3504 
  0.2459   0.4850   0.0104   0.8695   0.6495   0.6553   0.0003   0.2781 
  0.6835   0.2185   0.1961   0.0248   0.6727   0.5442   0.9639   0.2818 
  0.7949   0.9540   0.3739   0.6583   0.6555   0.8941   0.8713   0.9372 
---------------------------------------

--- Output Correlation Matrix (Snippet) ---
  1.0000   0.0256   0.0236  -0.0521   0.0384   0.0583   0.0019  -0.0393 
  0.0256   1.0000  -0.0126  -0.0000   0.0707   0.0208   0.0440  -0.0621 
  0.0236  -0.0126   1.0000  -0.0210  -0.0033   0.0142  -0.0386   0.0410 
 -0.0521  -0.0000  -0.0210   1.0000   0.0182   0.0262  -0.0804  -0.0467 
  0.0384   0.0707  -0.0033   0.0182   1.0000   0.0061  -0.0249  -0.0272 
  0.0583   0.0208   0.0142   0.0262   0.0061   1.0000  -0.1227   0.0816 
  0.0019   0.0440  -0.0386  -0.0804  -0.0249  -0.1227   1.0000   0.0038 
 -0.0393  -0.0621   0.0410  -0.0467  -0.0272   0.0816   0.0038   1.0000 
---------------------------------------

Execution Time: 0.068617 seconds
Exit code: 0
Extracted time: 0.068617

=== openmp (N=1000, M=500, iter=2) ===
Executing OpenMP Version
Matrix Size: N=1000, M=500
Num threads: 8
--- Input Matrix (Snippet) ---
  0.1784   0.3997   0.1666   0.2121   0.0619   0.0541   0.2757   0.0478 
  0.7832   0.1713   0.3731   0.1762   0.4492   0.9714   0.9770   0.4063 
  0.8579   0.2793   0.3497   0.6058   0.0737   0.1928   0.5753   0.2738 
  0.5231   0.4570   0.4980   0.9980   0.9538   0.4599   0.6245   0.8193 
  0.2355   0.3513   0.2187   0.2880   0.0186   0.3609   0.1549   0.3504 
  0.2459   0.4850   0.0104   0.8695   0.6495   0.6553   0.0003   0.2781 
  0.6835   0.2185   0.1961   0.0248   0.6727   0.5442   0.9639   0.2818 
  0.7949   0.9540   0.3739   0.6583   0.6555   0.8941   0.8713   0.9372 
---------------------------------------

--- Output Correlation Matrix (Snippet) ---
  1.0000   0.0256   0.0236  -0.0521   0.0384   0.0583   0.0019  -0.0393 
  0.0256   1.0000  -0.0126  -0.0000   0.0707   0.0208   0.0440  -0.0621 
  0.0236  -0.0126   1.0000  -0.0210  -0.0033   0.0142  -0.0386   0.0410 
 -0.0521  -0.0000  -0.0210   1.0000   0.0182   0.0262  -0.0804  -0.0467 
  0.0384   0.0707  -0.0033   0.0182   1.0000   0.0061  -0.0249  -0.0272 
  0.0583   0.0208   0.0142   0.0262   0.0061   1.0000  -0.1227   0.0816 
  0.0019   0.0440  -0.0386  -0.0804  -0.0249  -0.1227   1.0000   0.0038 
 -0.0393  -0.0621   0.0410  -0.0467  -0.0272   0.0816   0.0038   1.0000 
---------------------------------------

Execution Time: 0.113364 seconds
Exit code: 0
Extracted time: 0.113364

=== openmp (N=1000, M=500, iter=3) ===
Executing OpenMP Version
Matrix Size: N=1000, M=500
Num threads: 8
--- Input Matrix (Snippet) ---
  0.1784   0.3997   0.1666   0.2121   0.0619   0.0541   0.2757   0.0478 
  0.7832   0.1713   0.3731   0.1762   0.4492   0.9714   0.9770   0.4063 
  0.8579   0.2793   0.3497   0.6058   0.0737   0.1928   0.5753   0.2738 
  0.5231   0.4570   0.4980   0.9980   0.9538   0.4599   0.6245   0.8193 
  0.2355   0.3513   0.2187   0.2880   0.0186   0.3609   0.1549   0.3504 
  0.2459   0.4850   0.0104   0.8695   0.6495   0.6553   0.0003   0.2781 
  0.6835   0.2185   0.1961   0.0248   0.6727   0.5442   0.9639   0.2818 
  0.7949   0.9540   0.3739   0.6583   0.6555   0.8941   0.8713   0.9372 
---------------------------------------

--- Output Correlation Matrix (Snippet) ---
  1.0000   0.0256   0.0236  -0.0521   0.0384   0.0583   0.0019  -0.0393 
  0.0256   1.0000  -0.0126  -0.0000   0.0707   0.0208   0.0440  -0.0621 
  0.0236  -0.0126   1.0000  -0.0210  -0.0033   0.0142  -0.0386   0.0410 
 -0.0521  -0.0000  -0.0210   1.0000   0.0182   0.0262  -0.0804  -0.0467 
  0.0384   0.0707  -0.0033   0.0182   1.0000   0.0061  -0.0249  -0.0272 
  0.0583   0.0208   0.0142   0.0262   0.0061   1.0000  -0.1227   0.0816 
  0.0019   0.0440  -0.0386  -0.0804  -0.0249  -0.1227   1.0000   0.0038 
 -0.0393  -0.0621   0.0410  -0.0467  -0.0272   0.0816   0.0038   1.0000 
---------------------------------------

Execution Time: 0.100046 seconds
Exit code: 0
Extracted time: 0.100046

=== openmp (N=1000, M=1000, iter=1) ===
Executing OpenMP Version
Matrix Size: N=1000, M=1000
Num threads: 8
--- Input Matrix (Snippet) ---
  0.1784   0.3997   0.1666   0.2121   0.0619   0.0541   0.2757   0.0478 
  0.8579   0.2793   0.3497   0.6058   0.0737   0.1928   0.5753   0.2738 
  0.2355   0.3513   0.2187   0.2880   0.0186   0.3609   0.1549   0.3504 
  0.6835   0.2185   0.1961   0.0248   0.6727   0.5442   0.9639   0.2818 
  0.7361   0.6262   0.2348   0.0727   0.7465   0.0340   0.4242   0.2949 
  0.9063   0.4440   0.7253   0.1379   0.7956   0.9051   0.0964   0.8206 
  0.1672   0.1685   0.5519   0.6728   0.6104   0.7387   0.7906   0.5769 
  0.3751   0.2483   0.8508   0.0803   0.3567   0.4930   0.2261   0.4608 
---------------------------------------

--- Output Correlation Matrix (Snippet) ---
  1.0000   0.0109   0.0293  -0.0304   0.0102   0.0139   0.0044  -0.0106 
  0.0109   1.0000   0.0119  -0.0427  -0.0041  -0.0632  -0.0605  -0.0605 
  0.0293   0.0119   1.0000   0.0276   0.0204   0.0119   0.0083   0.0077 
 -0.0304  -0.0427   0.0276   1.0000   0.0269   0.0239   0.0206   0.0100 
  0.0102  -0.0041   0.0204   0.0269   1.0000   0.0015  -0.0140  -0.0381 
  0.0139  -0.0632   0.0119   0.0239   0.0015   1.0000  -0.0124   0.0481 
  0.0044  -0.0605   0.0083   0.0206  -0.0140  -0.0124   1.0000   0.0370 
 -0.0106  -0.0605   0.0077   0.0100  -0.0381   0.0481   0.0370   1.0000 
---------------------------------------

Execution Time: 0.220693 seconds
Exit code: 0
Extracted time: 0.220693

=== openmp (N=1000, M=1000, iter=2) ===
Executing OpenMP Version
Matrix Size: N=1000, M=1000
Num threads: 8
--- Input Matrix (Snippet) ---
  0.1784   0.3997   0.1666   0.2121   0.0619   0.0541   0.2757   0.0478 
  0.8579   0.2793   0.3497   0.6058   0.0737   0.1928   0.5753   0.2738 
  0.2355   0.3513   0.2187   0.2880   0.0186   0.3609   0.1549   0.3504 
  0.6835   0.2185   0.1961   0.0248   0.6727   0.5442   0.9639   0.2818 
  0.7361   0.6262   0.2348   0.0727   0.7465   0.0340   0.4242   0.2949 
  0.9063   0.4440   0.7253   0.1379   0.7956   0.9051   0.0964   0.8206 
  0.1672   0.1685   0.5519   0.6728   0.6104   0.7387   0.7906   0.5769 
  0.3751   0.2483   0.8508   0.0803   0.3567   0.4930   0.2261   0.4608 
---------------------------------------

--- Output Correlation Matrix (Snippet) ---
  1.0000   0.0109   0.0293  -0.0304   0.0102   0.0139   0.0044  -0.0106 
  0.0109   1.0000   0.0119  -0.0427  -0.0041  -0.0632  -0.0605  -0.0605 
  0.0293   0.0119   1.0000   0.0276   0.0204   0.0119   0.0083   0.0077 
 -0.0304  -0.0427   0.0276   1.0000   0.0269   0.0239   0.0206   0.0100 
  0.0102  -0.0041   0.0204   0.0269   1.0000   0.0015  -0.0140  -0.0381 
  0.0139  -0.0632   0.0119   0.0239   0.0015   1.0000  -0.0124   0.0481 
  0.0044  -0.0605   0.0083   0.0206  -0.0140  -0.0124   1.0000   0.0370 
 -0.0106  -0.0605   0.0077   0.0100  -0.0381   0.0481   0.0370   1.0000 
---------------------------------------

Execution Time: 0.134714 seconds
Exit code: 0
Extracted time: 0.134714

=== openmp (N=1000, M=1000, iter=3) ===
Executing OpenMP Version
Matrix Size: N=1000, M=1000
Num threads: 8
--- Input Matrix (Snippet) ---
  0.1784   0.3997   0.1666   0.2121   0.0619   0.0541   0.2757   0.0478 
  0.8579   0.2793   0.3497   0.6058   0.0737   0.1928   0.5753   0.2738 
  0.2355   0.3513   0.2187   0.2880   0.0186   0.3609   0.1549   0.3504 
  0.6835   0.2185   0.1961   0.0248   0.6727   0.5442   0.9639   0.2818 
  0.7361   0.6262   0.2348   0.0727   0.7465   0.0340   0.4242   0.2949 
  0.9063   0.4440   0.7253   0.1379   0.7956   0.9051   0.0964   0.8206 
  0.1672   0.1685   0.5519   0.6728   0.6104   0.7387   0.7906   0.5769 
  0.3751   0.2483   0.8508   0.0803   0.3567   0.4930   0.2261   0.4608 
---------------------------------------

--- Output Correlation Matrix (Snippet) ---
  1.0000   0.0109   0.0293  -0.0304   0.0102   0.0139   0.0044  -0.0106 
  0.0109   1.0000   0.0119  -0.0427  -0.0041  -0.0632  -0.0605  -0.0605 
  0.0293   0.0119   1.0000   0.0276   0.0204   0.0119   0.0083   0.0077 
 -0.0304  -0.0427   0.0276   1.0000   0.0269   0.0239   0.0206   0.0100 
  0.0102  -0.0041   0.0204   0.0269   1.0000   0.0015  -0.0140  -0.0381 
  0.0139  -0.0632   0.0119   0.0239   0.0015   1.0000  -0.0124   0.0481 
  0.0044  -0.0605   0.0083   0.0206  -0.0140  -0.0124   1.0000   0.0370 
 -0.0106  -0.0605   0.0077   0.0100  -0.0381   0.0481   0.0370   1.0000 
---------------------------------------

Execution Time: 0.173832 seconds
Exit code: 0
Extracted time: 0.173832

=== openmp (N=1000, M=1500, iter=1) ===
Executing OpenMP Version
Matrix Size: N=1000, M=1500
Num threads: 8
--- Input Matrix (Snippet) ---
  0.1784   0.3997   0.1666   0.2121   0.0619   0.0541   0.2757   0.0478 
  0.5231   0.4570   0.4980   0.9980   0.9538   0.4599   0.6245   0.8193 
  0.6835   0.2185   0.1961   0.0248   0.6727   0.5442   0.9639   0.2818 
  0.6730   0.3860   0.7919   0.3859   0.4882   0.1123   0.5655   0.3819 
  0.1672   0.1685   0.5519   0.6728   0.6104   0.7387   0.7906   0.5769 
  0.2896   0.8828   0.9025   0.7990   0.6499   0.1416   0.2104   0.8247 
  0.4815   0.6118   0.5401   0.8225   0.6975   0.4157   0.2738   0.2554 
  0.5062   0.5588   0.9413   0.5000   0.5328   0.1062   0.3400   0.7122 
---------------------------------------

--- Output Correlation Matrix (Snippet) ---
  1.0000   0.0111  -0.0267  -0.0267  -0.0210   0.0113   0.0004   0.0095 
  0.0111   1.0000  -0.0268   0.0110   0.0518  -0.0168   0.0241   0.0123 
 -0.0267  -0.0268   1.0000   0.0289   0.0020  -0.0170  -0.0226  -0.0030 
 -0.0267   0.0110   0.0289   1.0000   0.0178  -0.0459   0.0215  -0.0381 
 -0.0210   0.0518   0.0020   0.0178   1.0000   0.0124  -0.0130  -0.0079 
  0.0113  -0.0168  -0.0170  -0.0459   0.0124   1.0000   0.0043   0.0352 
  0.0004   0.0241  -0.0226   0.0215  -0.0130   0.0043   1.0000  -0.0296 
  0.0095   0.0123  -0.0030  -0.0381  -0.0079   0.0352  -0.0296   1.0000 
---------------------------------------

Execution Time: 0.200555 seconds
Exit code: 0
Extracted time: 0.200555

=== openmp (N=1000, M=1500, iter=2) ===
Executing OpenMP Version
Matrix Size: N=1000, M=1500
Num threads: 8
--- Input Matrix (Snippet) ---
  0.1784   0.3997   0.1666   0.2121   0.0619   0.0541   0.2757   0.0478 
  0.5231   0.4570   0.4980   0.9980   0.9538   0.4599   0.6245   0.8193 
  0.6835   0.2185   0.1961   0.0248   0.6727   0.5442   0.9639   0.2818 
  0.6730   0.3860   0.7919   0.3859   0.4882   0.1123   0.5655   0.3819 
  0.1672   0.1685   0.5519   0.6728   0.6104   0.7387   0.7906   0.5769 
  0.2896   0.8828   0.9025   0.7990   0.6499   0.1416   0.2104   0.8247 
  0.4815   0.6118   0.5401   0.8225   0.6975   0.4157   0.2738   0.2554 
  0.5062   0.5588   0.9413   0.5000   0.5328   0.1062   0.3400   0.7122 
---------------------------------------

--- Output Correlation Matrix (Snippet) ---
  1.0000   0.0111  -0.0267  -0.0267  -0.0210   0.0113   0.0004   0.0095 
  0.0111   1.0000  -0.0268   0.0110   0.0518  -0.0168   0.0241   0.0123 
 -0.0267  -0.0268   1.0000   0.0289   0.0020  -0.0170  -0.0226  -0.0030 
 -0.0267   0.0110   0.0289   1.0000   0.0178  -0.0459   0.0215  -0.0381 
 -0.0210   0.0518   0.0020   0.0178   1.0000   0.0124  -0.0130  -0.0079 
  0.0113  -0.0168  -0.0170  -0.0459   0.0124   1.0000   0.0043   0.0352 
  0.0004   0.0241  -0.0226   0.0215  -0.0130   0.0043   1.0000  -0.0296 
  0.0095   0.0123  -0.0030  -0.0381  -0.0079   0.0352  -0.0296   1.0000 
---------------------------------------

Execution Time: 0.198276 seconds
Exit code: 0
Extracted time: 0.198276

=== openmp (N=1000, M=1500, iter=3) ===
Executing OpenMP Version
Matrix Size: N=1000, M=1500
Num threads: 8
--- Input Matrix (Snippet) ---
  0.1784   0.3997   0.1666   0.2121   0.0619   0.0541   0.2757   0.0478 
  0.5231   0.4570   0.4980   0.9980   0.9538   0.4599   0.6245   0.8193 
  0.6835   0.2185   0.1961   0.0248   0.6727   0.5442   0.9639   0.2818 
  0.6730   0.3860   0.7919   0.3859   0.4882   0.1123   0.5655   0.3819 
  0.1672   0.1685   0.5519   0.6728   0.6104   0.7387   0.7906   0.5769 
  0.2896   0.8828   0.9025   0.7990   0.6499   0.1416   0.2104   0.8247 
  0.4815   0.6118   0.5401   0.8225   0.6975   0.4157   0.2738   0.2554 
  0.5062   0.5588   0.9413   0.5000   0.5328   0.1062   0.3400   0.7122 
---------------------------------------

--- Output Correlation Matrix (Snippet) ---
  1.0000   0.0111  -0.0267  -0.0267  -0.0210   0.0113   0.0004   0.0095 
  0.0111   1.0000  -0.0268   0.0110   0.0518  -0.0168   0.0241   0.0123 
 -0.0267  -0.0268   1.0000   0.0289   0.0020  -0.0170  -0.0226  -0.0030 
 -0.0267   0.0110   0.0289   1.0000   0.0178  -0.0459   0.0215  -0.0381 
 -0.0210   0.0518   0.0020   0.0178   1.0000   0.0124  -0.0130  -0.0079 
  0.0113  -0.0168  -0.0170  -0.0459   0.0124   1.0000   0.0043   0.0352 
  0.0004   0.0241  -0.0226   0.0215  -0.0130   0.0043   1.0000  -0.0296 
  0.0095   0.0123  -0.0030  -0.0381  -0.0079   0.0352  -0.0296   1.0000 
---------------------------------------

Execution Time: 0.198399 seconds
Exit code: 0
Extracted time: 0.198399

=== openmp (N=1000, M=2000, iter=1) ===
Executing OpenMP Version
Matrix Size: N=1000, M=2000
Num threads: 8
--- Input Matrix (Snippet) ---
  0.1784   0.3997   0.1666   0.2121   0.0619   0.0541   0.2757   0.0478 
  0.2355   0.3513   0.2187   0.2880   0.0186   0.3609   0.1549   0.3504 
  0.7361   0.6262   0.2348   0.0727   0.7465   0.0340   0.4242   0.2949 
  0.1672   0.1685   0.5519   0.6728   0.6104   0.7387   0.7906   0.5769 
  0.9290   0.7971   0.1292   0.8444   0.4470   0.9848   0.7467   0.6753 
  0.6577   0.0369   0.3331   0.8758   0.2217   0.6708   0.6280   0.0000 
  0.9311   0.2895   0.4608   0.4579   0.4643   0.0754   0.2606   0.6549 
  0.2649   0.2373   0.6548   0.4642   0.2228   0.6153   0.1826   0.9288 
---------------------------------------

--- Output Correlation Matrix (Snippet) ---
  1.0000  -0.0069  -0.0270  -0.0283   0.0410  -0.0121  -0.0445  -0.0154 
 -0.0069   1.0000   0.0227   0.0096  -0.0277  -0.0158   0.0245   0.0515 
 -0.0270   0.0227   1.0000   0.0181  -0.0084  -0.0181   0.0164   0.0039 
 -0.0283   0.0096   0.0181   1.0000  -0.0407   0.0316   0.0226   0.0055 
  0.0410  -0.0277  -0.0084  -0.0407   1.0000  -0.0453   0.0127  -0.0128 
 -0.0121  -0.0158  -0.0181   0.0316  -0.0453   1.0000  -0.0070  -0.0285 
 -0.0445   0.0245   0.0164   0.0226   0.0127  -0.0070   1.0000   0.0225 
 -0.0154   0.0515   0.0039   0.0055  -0.0128  -0.0285   0.0225   1.0000 
---------------------------------------

Execution Time: 0.300157 seconds
Exit code: 0
Extracted time: 0.300157

=== openmp (N=1000, M=2000, iter=2) ===
Executing OpenMP Version
Matrix Size: N=1000, M=2000
Num threads: 8
--- Input Matrix (Snippet) ---
  0.1784   0.3997   0.1666   0.2121   0.0619   0.0541   0.2757   0.0478 
  0.2355   0.3513   0.2187   0.2880   0.0186   0.3609   0.1549   0.3504 
  0.7361   0.6262   0.2348   0.0727   0.7465   0.0340   0.4242   0.2949 
  0.1672   0.1685   0.5519   0.6728   0.6104   0.7387   0.7906   0.5769 
  0.9290   0.7971   0.1292   0.8444   0.4470   0.9848   0.7467   0.6753 
  0.6577   0.0369   0.3331   0.8758   0.2217   0.6708   0.6280   0.0000 
  0.9311   0.2895   0.4608   0.4579   0.4643   0.0754   0.2606   0.6549 
  0.2649   0.2373   0.6548   0.4642   0.2228   0.6153   0.1826   0.9288 
---------------------------------------

--- Output Correlation Matrix (Snippet) ---
  1.0000  -0.0069  -0.0270  -0.0283   0.0410  -0.0121  -0.0445  -0.0154 
 -0.0069   1.0000   0.0227   0.0096  -0.0277  -0.0158   0.0245   0.0515 
 -0.0270   0.0227   1.0000   0.0181  -0.0084  -0.0181   0.0164   0.0039 
 -0.0283   0.0096   0.0181   1.0000  -0.0407   0.0316   0.0226   0.0055 
  0.0410  -0.0277  -0.0084  -0.0407   1.0000  -0.0453   0.0127  -0.0128 
 -0.0121  -0.0158  -0.0181   0.0316  -0.0453   1.0000  -0.0070  -0.0285 
 -0.0445   0.0245   0.0164   0.0226   0.0127  -0.0070   1.0000   0.0225 
 -0.0154   0.0515   0.0039   0.0055  -0.0128  -0.0285   0.0225   1.0000 
---------------------------------------

Execution Time: 0.343291 seconds
Exit code: 0
Extracted time: 0.343291

=== openmp (N=1000, M=2000, iter=3) ===
Executing OpenMP Version
Matrix Size: N=1000, M=2000
Num threads: 8
--- Input Matrix (Snippet) ---
  0.1784   0.3997   0.1666   0.2121   0.0619   0.0541   0.2757   0.0478 
  0.2355   0.3513   0.2187   0.2880   0.0186   0.3609   0.1549   0.3504 
  0.7361   0.6262   0.2348   0.0727   0.7465   0.0340   0.4242   0.2949 
  0.1672   0.1685   0.5519   0.6728   0.6104   0.7387   0.7906   0.5769 
  0.9290   0.7971   0.1292   0.8444   0.4470   0.9848   0.7467   0.6753 
  0.6577   0.0369   0.3331   0.8758   0.2217   0.6708   0.6280   0.0000 
  0.9311   0.2895   0.4608   0.4579   0.4643   0.0754   0.2606   0.6549 
  0.2649   0.2373   0.6548   0.4642   0.2228   0.6153   0.1826   0.9288 
---------------------------------------

--- Output Correlation Matrix (Snippet) ---
  1.0000  -0.0069  -0.0270  -0.0283   0.0410  -0.0121  -0.0445  -0.0154 
 -0.0069   1.0000   0.0227   0.0096  -0.0277  -0.0158   0.0245   0.0515 
 -0.0270   0.0227   1.0000   0.0181  -0.0084  -0.0181   0.0164   0.0039 
 -0.0283   0.0096   0.0181   1.0000  -0.0407   0.0316   0.0226   0.0055 
  0.0410  -0.0277  -0.0084  -0.0407   1.0000  -0.0453   0.0127  -0.0128 
 -0.0121  -0.0158  -0.0181   0.0316  -0.0453   1.0000  -0.0070  -0.0285 
 -0.0445   0.0245   0.0164   0.0226   0.0127  -0.0070   1.0000   0.0225 
 -0.0154   0.0515   0.0039   0.0055  -0.0128  -0.0285   0.0225   1.0000 
---------------------------------------

Execution Time: 0.273030 seconds
Exit code: 0
Extracted time: 0.273030

=== openmp (N=1000, M=2500, iter=1) ===
Executing OpenMP Version
Matrix Size: N=1000, M=2500
Num threads: 8
--- Input Matrix (Snippet) ---
  0.1784   0.3997   0.1666   0.2121   0.0619   0.0541   0.2757   0.0478 
  0.2459   0.4850   0.0104   0.8695   0.6495   0.6553   0.0003   0.2781 
  0.9063   0.4440   0.7253   0.1379   0.7956   0.9051   0.0964   0.8206 
  0.2896   0.8828   0.9025   0.7990   0.6499   0.1416   0.2104   0.8247 
  0.6577   0.0369   0.3331   0.8758   0.2217   0.6708   0.6280   0.0000 
  0.0891   0.9237   0.8383   0.8221   0.7560   0.6990   0.3387   0.4892 
  0.7794   0.8132   0.7432   0.9474   0.3793   0.9794   0.6384   0.6187 
  0.0842   0.1832   0.3542   0.9223   0.4774   0.3511   0.6550   0.4676 
---------------------------------------

--- Output Correlation Matrix (Snippet) ---
  1.0000   0.0305  -0.0212   0.0233  -0.0160  -0.0192   0.0017  -0.0016 
  0.0305   1.0000   0.0092   0.0212   0.0022   0.0280  -0.0362  -0.0159 
 -0.0212   0.0092   1.0000  -0.0060   0.0119   0.0228  -0.0218  -0.0016 
  0.0233   0.0212  -0.0060   1.0000  -0.0190  -0.0385  -0.0178   0.0073 
 -0.0160   0.0022   0.0119  -0.0190   1.0000   0.0217   0.0011  -0.0372 
 -0.0192   0.0280   0.0228  -0.0385   0.0217   1.0000  -0.0358  -0.0005 
  0.0017  -0.0362  -0.0218  -0.0178   0.0011  -0.0358   1.0000   0.0276 
 -0.0016  -0.0159  -0.0016   0.0073  -0.0372  -0.0005   0.0276   1.0000 
---------------------------------------

Execution Time: 0.338239 seconds
Exit code: 0
Extracted time: 0.338239

=== openmp (N=1000, M=2500, iter=2) ===
Executing OpenMP Version
Matrix Size: N=1000, M=2500
Num threads: 8
--- Input Matrix (Snippet) ---
  0.1784   0.3997   0.1666   0.2121   0.0619   0.0541   0.2757   0.0478 
  0.2459   0.4850   0.0104   0.8695   0.6495   0.6553   0.0003   0.2781 
  0.9063   0.4440   0.7253   0.1379   0.7956   0.9051   0.0964   0.8206 
  0.2896   0.8828   0.9025   0.7990   0.6499   0.1416   0.2104   0.8247 
  0.6577   0.0369   0.3331   0.8758   0.2217   0.6708   0.6280   0.0000 
  0.0891   0.9237   0.8383   0.8221   0.7560   0.6990   0.3387   0.4892 
  0.7794   0.8132   0.7432   0.9474   0.3793   0.9794   0.6384   0.6187 
  0.0842   0.1832   0.3542   0.9223   0.4774   0.3511   0.6550   0.4676 
---------------------------------------

--- Output Correlation Matrix (Snippet) ---
  1.0000   0.0305  -0.0212   0.0233  -0.0160  -0.0192   0.0017  -0.0016 
  0.0305   1.0000   0.0092   0.0212   0.0022   0.0280  -0.0362  -0.0159 
 -0.0212   0.0092   1.0000  -0.0060   0.0119   0.0228  -0.0218  -0.0016 
  0.0233   0.0212  -0.0060   1.0000  -0.0190  -0.0385  -0.0178   0.0073 
 -0.0160   0.0022   0.0119  -0.0190   1.0000   0.0217   0.0011  -0.0372 
 -0.0192   0.0280   0.0228  -0.0385   0.0217   1.0000  -0.0358  -0.0005 
  0.0017  -0.0362  -0.0218  -0.0178   0.0011  -0.0358   1.0000   0.0276 
 -0.0016  -0.0159  -0.0016   0.0073  -0.0372  -0.0005   0.0276   1.0000 
---------------------------------------

Execution Time: 0.343952 seconds
Exit code: 0
Extracted time: 0.343952

=== openmp (N=1000, M=2500, iter=3) ===
Executing OpenMP Version
Matrix Size: N=1000, M=2500
Num threads: 8
--- Input Matrix (Snippet) ---
  0.1784   0.3997   0.1666   0.2121   0.0619   0.0541   0.2757   0.0478 
  0.2459   0.4850   0.0104   0.8695   0.6495   0.6553   0.0003   0.2781 
  0.9063   0.4440   0.7253   0.1379   0.7956   0.9051   0.0964   0.8206 
  0.2896   0.8828   0.9025   0.7990   0.6499   0.1416   0.2104   0.8247 
  0.6577   0.0369   0.3331   0.8758   0.2217   0.6708   0.6280   0.0000 
  0.0891   0.9237   0.8383   0.8221   0.7560   0.6990   0.3387   0.4892 
  0.7794   0.8132   0.7432   0.9474   0.3793   0.9794   0.6384   0.6187 
  0.0842   0.1832   0.3542   0.9223   0.4774   0.3511   0.6550   0.4676 
---------------------------------------

--- Output Correlation Matrix (Snippet) ---
  1.0000   0.0305  -0.0212   0.0233  -0.0160  -0.0192   0.0017  -0.0016 
  0.0305   1.0000   0.0092   0.0212   0.0022   0.0280  -0.0362  -0.0159 
 -0.0212   0.0092   1.0000  -0.0060   0.0119   0.0228  -0.0218  -0.0016 
  0.0233   0.0212  -0.0060   1.0000  -0.0190  -0.0385  -0.0178   0.0073 
 -0.0160   0.0022   0.0119  -0.0190   1.0000   0.0217   0.0011  -0.0372 
 -0.0192   0.0280   0.0228  -0.0385   0.0217   1.0000  -0.0358  -0.0005 
  0.0017  -0.0362  -0.0218  -0.0178   0.0011  -0.0358   1.0000   0.0276 
 -0.0016  -0.0159  -0.0016   0.0073  -0.0372  -0.0005   0.0276   1.0000 
---------------------------------------

Execution Time: 0.344366 seconds
Exit code: 0
Extracted time: 0.344366

=== openmp (N=1000, M=3000, iter=1) ===
Executing OpenMP Version
Matrix Size: N=1000, M=3000
Num threads: 8
--- Input Matrix (Snippet) ---
  0.1784   0.3997   0.1666   0.2121   0.0619   0.0541   0.2757   0.0478 
  0.6835   0.2185   0.1961   0.0248   0.6727   0.5442   0.9639   0.2818 
  0.1672   0.1685   0.5519   0.6728   0.6104   0.7387   0.7906   0.5769 
  0.4815   0.6118   0.5401   0.8225   0.6975   0.4157   0.2738   0.2554 
  0.9311   0.2895   0.4608   0.4579   0.4643   0.0754   0.2606   0.6549 
  0.7794   0.8132   0.7432   0.9474   0.3793   0.9794   0.6384   0.6187 
  0.1583   0.6916   0.6599   0.6962   0.3418   0.4218   0.2080   0.0566 
  0.5013   0.8661   0.8181   0.8221   0.2707   0.8748   0.9764   0.6529 
---------------------------------------

--- Output Correlation Matrix (Snippet) ---
  1.0000  -0.0079  -0.0189   0.0064  -0.0058   0.0126   0.0067  -0.0029 
 -0.0079   1.0000  -0.0219  -0.0305  -0.0129   0.0147  -0.0086   0.0305 
 -0.0189  -0.0219   1.0000   0.0110   0.0151   0.0069  -0.0076   0.0224 
  0.0064  -0.0305   0.0110   1.0000  -0.0143   0.0036   0.0036  -0.0167 
 -0.0058  -0.0129   0.0151  -0.0143   1.0000   0.0173  -0.0375  -0.0020 
  0.0126   0.0147   0.0069   0.0036   0.0173   1.0000  -0.0245   0.0187 
  0.0067  -0.0086  -0.0076   0.0036  -0.0375  -0.0245   1.0000  -0.0087 
 -0.0029   0.0305   0.0224  -0.0167  -0.0020   0.0187  -0.0087   1.0000 
---------------------------------------

Execution Time: 0.450980 seconds
Exit code: 0
Extracted time: 0.450980

=== openmp (N=1000, M=3000, iter=2) ===
Executing OpenMP Version
Matrix Size: N=1000, M=3000
Num threads: 8
--- Input Matrix (Snippet) ---
  0.1784   0.3997   0.1666   0.2121   0.0619   0.0541   0.2757   0.0478 
  0.6835   0.2185   0.1961   0.0248   0.6727   0.5442   0.9639   0.2818 
  0.1672   0.1685   0.5519   0.6728   0.6104   0.7387   0.7906   0.5769 
  0.4815   0.6118   0.5401   0.8225   0.6975   0.4157   0.2738   0.2554 
  0.9311   0.2895   0.4608   0.4579   0.4643   0.0754   0.2606   0.6549 
  0.7794   0.8132   0.7432   0.9474   0.3793   0.9794   0.6384   0.6187 
  0.1583   0.6916   0.6599   0.6962   0.3418   0.4218   0.2080   0.0566 
  0.5013   0.8661   0.8181   0.8221   0.2707   0.8748   0.9764   0.6529 
---------------------------------------

--- Output Correlation Matrix (Snippet) ---
  1.0000  -0.0079  -0.0189   0.0064  -0.0058   0.0126   0.0067  -0.0029 
 -0.0079   1.0000  -0.0219  -0.0305  -0.0129   0.0147  -0.0086   0.0305 
 -0.0189  -0.0219   1.0000   0.0110   0.0151   0.0069  -0.0076   0.0224 
  0.0064  -0.0305   0.0110   1.0000  -0.0143   0.0036   0.0036  -0.0167 
 -0.0058  -0.0129   0.0151  -0.0143   1.0000   0.0173  -0.0375  -0.0020 
  0.0126   0.0147   0.0069   0.0036   0.0173   1.0000  -0.0245   0.0187 
  0.0067  -0.0086  -0.0076   0.0036  -0.0375  -0.0245   1.0000  -0.0087 
 -0.0029   0.0305   0.0224  -0.0167  -0.0020   0.0187  -0.0087   1.0000 
---------------------------------------

Execution Time: 0.449485 seconds
Exit code: 0
Extracted time: 0.449485

=== openmp (N=1000, M=3000, iter=3) ===
Executing OpenMP Version
Matrix Size: N=1000, M=3000
Num threads: 8
--- Input Matrix (Snippet) ---
  0.1784   0.3997   0.1666   0.2121   0.0619   0.0541   0.2757   0.0478 
  0.6835   0.2185   0.1961   0.0248   0.6727   0.5442   0.9639   0.2818 
  0.1672   0.1685   0.5519   0.6728   0.6104   0.7387   0.7906   0.5769 
  0.4815   0.6118   0.5401   0.8225   0.6975   0.4157   0.2738   0.2554 
  0.9311   0.2895   0.4608   0.4579   0.4643   0.0754   0.2606   0.6549 
  0.7794   0.8132   0.7432   0.9474   0.3793   0.9794   0.6384   0.6187 
  0.1583   0.6916   0.6599   0.6962   0.3418   0.4218   0.2080   0.0566 
  0.5013   0.8661   0.8181   0.8221   0.2707   0.8748   0.9764   0.6529 
---------------------------------------

--- Output Correlation Matrix (Snippet) ---
  1.0000  -0.0079  -0.0189   0.0064  -0.0058   0.0126   0.0067  -0.0029 
 -0.0079   1.0000  -0.0219  -0.0305  -0.0129   0.0147  -0.0086   0.0305 
 -0.0189  -0.0219   1.0000   0.0110   0.0151   0.0069  -0.0076   0.0224 
  0.0064  -0.0305   0.0110   1.0000  -0.0143   0.0036   0.0036  -0.0167 
 -0.0058  -0.0129   0.0151  -0.0143   1.0000   0.0173  -0.0375  -0.0020 
  0.0126   0.0147   0.0069   0.0036   0.0173   1.0000  -0.0245   0.0187 
  0.0067  -0.0086  -0.0076   0.0036  -0.0375  -0.0245   1.0000  -0.0087 
 -0.0029   0.0305   0.0224  -0.0167  -0.0020   0.0187  -0.0087   1.0000 
---------------------------------------

Execution Time: 0.415516 seconds
Exit code: 0
Extracted time: 0.415516

=== openmp (N=1500, M=500, iter=1) ===
Executing OpenMP Version
Matrix Size: N=1500, M=500
Num threads: 8
--- Input Matrix (Snippet) ---
  0.1784   0.3997   0.1666   0.2121   0.0619   0.0541   0.2757   0.0478 
  0.7832   0.1713   0.3731   0.1762   0.4492   0.9714   0.9770   0.4063 
  0.8579   0.2793   0.3497   0.6058   0.0737   0.1928   0.5753   0.2738 
  0.5231   0.4570   0.4980   0.9980   0.9538   0.4599   0.6245   0.8193 
  0.2355   0.3513   0.2187   0.2880   0.0186   0.3609   0.1549   0.3504 
  0.2459   0.4850   0.0104   0.8695   0.6495   0.6553   0.0003   0.2781 
  0.6835   0.2185   0.1961   0.0248   0.6727   0.5442   0.9639   0.2818 
  0.7949   0.9540   0.3739   0.6583   0.6555   0.8941   0.8713   0.9372 
---------------------------------------

--- Output Correlation Matrix (Snippet) ---
  1.0000   0.0256   0.0236  -0.0521   0.0384   0.0583   0.0019  -0.0393 
  0.0256   1.0000  -0.0126  -0.0000   0.0707   0.0208   0.0440  -0.0621 
  0.0236  -0.0126   1.0000  -0.0210  -0.0033   0.0142  -0.0386   0.0410 
 -0.0521  -0.0000  -0.0210   1.0000   0.0182   0.0262  -0.0804  -0.0467 
  0.0384   0.0707  -0.0033   0.0182   1.0000   0.0061  -0.0249  -0.0272 
  0.0583   0.0208   0.0142   0.0262   0.0061   1.0000  -0.1227   0.0816 
  0.0019   0.0440  -0.0386  -0.0804  -0.0249  -0.1227   1.0000   0.0038 
 -0.0393  -0.0621   0.0410  -0.0467  -0.0272   0.0816   0.0038   1.0000 
---------------------------------------

Execution Time: 0.163945 seconds
Exit code: 0
Extracted time: 0.163945

=== openmp (N=1500, M=500, iter=2) ===
Executing OpenMP Version
Matrix Size: N=1500, M=500
Num threads: 8
--- Input Matrix (Snippet) ---
  0.1784   0.3997   0.1666   0.2121   0.0619   0.0541   0.2757   0.0478 
  0.7832   0.1713   0.3731   0.1762   0.4492   0.9714   0.9770   0.4063 
  0.8579   0.2793   0.3497   0.6058   0.0737   0.1928   0.5753   0.2738 
  0.5231   0.4570   0.4980   0.9980   0.9538   0.4599   0.6245   0.8193 
  0.2355   0.3513   0.2187   0.2880   0.0186   0.3609   0.1549   0.3504 
  0.2459   0.4850   0.0104   0.8695   0.6495   0.6553   0.0003   0.2781 
  0.6835   0.2185   0.1961   0.0248   0.6727   0.5442   0.9639   0.2818 
  0.7949   0.9540   0.3739   0.6583   0.6555   0.8941   0.8713   0.9372 
---------------------------------------

--- Output Correlation Matrix (Snippet) ---
  1.0000   0.0256   0.0236  -0.0521   0.0384   0.0583   0.0019  -0.0393 
  0.0256   1.0000  -0.0126  -0.0000   0.0707   0.0208   0.0440  -0.0621 
  0.0236  -0.0126   1.0000  -0.0210  -0.0033   0.0142  -0.0386   0.0410 
 -0.0521  -0.0000  -0.0210   1.0000   0.0182   0.0262  -0.0804  -0.0467 
  0.0384   0.0707  -0.0033   0.0182   1.0000   0.0061  -0.0249  -0.0272 
  0.0583   0.0208   0.0142   0.0262   0.0061   1.0000  -0.1227   0.0816 
  0.0019   0.0440  -0.0386  -0.0804  -0.0249  -0.1227   1.0000   0.0038 
 -0.0393  -0.0621   0.0410  -0.0467  -0.0272   0.0816   0.0038   1.0000 
---------------------------------------

Execution Time: 0.157357 seconds
Exit code: 0
Extracted time: 0.157357

=== openmp (N=1500, M=500, iter=3) ===
Executing OpenMP Version
Matrix Size: N=1500, M=500
Num threads: 8
--- Input Matrix (Snippet) ---
  0.1784   0.3997   0.1666   0.2121   0.0619   0.0541   0.2757   0.0478 
  0.7832   0.1713   0.3731   0.1762   0.4492   0.9714   0.9770   0.4063 
  0.8579   0.2793   0.3497   0.6058   0.0737   0.1928   0.5753   0.2738 
  0.5231   0.4570   0.4980   0.9980   0.9538   0.4599   0.6245   0.8193 
  0.2355   0.3513   0.2187   0.2880   0.0186   0.3609   0.1549   0.3504 
  0.2459   0.4850   0.0104   0.8695   0.6495   0.6553   0.0003   0.2781 
  0.6835   0.2185   0.1961   0.0248   0.6727   0.5442   0.9639   0.2818 
  0.7949   0.9540   0.3739   0.6583   0.6555   0.8941   0.8713   0.9372 
---------------------------------------

--- Output Correlation Matrix (Snippet) ---
  1.0000   0.0256   0.0236  -0.0521   0.0384   0.0583   0.0019  -0.0393 
  0.0256   1.0000  -0.0126  -0.0000   0.0707   0.0208   0.0440  -0.0621 
  0.0236  -0.0126   1.0000  -0.0210  -0.0033   0.0142  -0.0386   0.0410 
 -0.0521  -0.0000  -0.0210   1.0000   0.0182   0.0262  -0.0804  -0.0467 
  0.0384   0.0707  -0.0033   0.0182   1.0000   0.0061  -0.0249  -0.0272 
  0.0583   0.0208   0.0142   0.0262   0.0061   1.0000  -0.1227   0.0816 
  0.0019   0.0440  -0.0386  -0.0804  -0.0249  -0.1227   1.0000   0.0038 
 -0.0393  -0.0621   0.0410  -0.0467  -0.0272   0.0816   0.0038   1.0000 
---------------------------------------

Execution Time: 0.249165 seconds
Exit code: 0
Extracted time: 0.249165

=== openmp (N=1500, M=1000, iter=1) ===
Executing OpenMP Version
Matrix Size: N=1500, M=1000
Num threads: 8
--- Input Matrix (Snippet) ---
  0.1784   0.3997   0.1666   0.2121   0.0619   0.0541   0.2757   0.0478 
  0.8579   0.2793   0.3497   0.6058   0.0737   0.1928   0.5753   0.2738 
  0.2355   0.3513   0.2187   0.2880   0.0186   0.3609   0.1549   0.3504 
  0.6835   0.2185   0.1961   0.0248   0.6727   0.5442   0.9639   0.2818 
  0.7361   0.6262   0.2348   0.0727   0.7465   0.0340   0.4242   0.2949 
  0.9063   0.4440   0.7253   0.1379   0.7956   0.9051   0.0964   0.8206 
  0.1672   0.1685   0.5519   0.6728   0.6104   0.7387   0.7906   0.5769 
  0.3751   0.2483   0.8508   0.0803   0.3567   0.4930   0.2261   0.4608 
---------------------------------------

--- Output Correlation Matrix (Snippet) ---
  1.0000   0.0109   0.0293  -0.0304   0.0102   0.0139   0.0044  -0.0106 
  0.0109   1.0000   0.0119  -0.0427  -0.0041  -0.0632  -0.0605  -0.0605 
  0.0293   0.0119   1.0000   0.0276   0.0204   0.0119   0.0083   0.0077 
 -0.0304  -0.0427   0.0276   1.0000   0.0269   0.0239   0.0206   0.0100 
  0.0102  -0.0041   0.0204   0.0269   1.0000   0.0015  -0.0140  -0.0381 
  0.0139  -0.0632   0.0119   0.0239   0.0015   1.0000  -0.0124   0.0481 
  0.0044  -0.0605   0.0083   0.0206  -0.0140  -0.0124   1.0000   0.0370 
 -0.0106  -0.0605   0.0077   0.0100  -0.0381   0.0481   0.0370   1.0000 
---------------------------------------

Execution Time: 0.305861 seconds
Exit code: 0
Extracted time: 0.305861

=== openmp (N=1500, M=1000, iter=2) ===
Executing OpenMP Version
Matrix Size: N=1500, M=1000
Num threads: 8
--- Input Matrix (Snippet) ---
  0.1784   0.3997   0.1666   0.2121   0.0619   0.0541   0.2757   0.0478 
  0.8579   0.2793   0.3497   0.6058   0.0737   0.1928   0.5753   0.2738 
  0.2355   0.3513   0.2187   0.2880   0.0186   0.3609   0.1549   0.3504 
  0.6835   0.2185   0.1961   0.0248   0.6727   0.5442   0.9639   0.2818 
  0.7361   0.6262   0.2348   0.0727   0.7465   0.0340   0.4242   0.2949 
  0.9063   0.4440   0.7253   0.1379   0.7956   0.9051   0.0964   0.8206 
  0.1672   0.1685   0.5519   0.6728   0.6104   0.7387   0.7906   0.5769 
  0.3751   0.2483   0.8508   0.0803   0.3567   0.4930   0.2261   0.4608 
---------------------------------------

--- Output Correlation Matrix (Snippet) ---
  1.0000   0.0109   0.0293  -0.0304   0.0102   0.0139   0.0044  -0.0106 
  0.0109   1.0000   0.0119  -0.0427  -0.0041  -0.0632  -0.0605  -0.0605 
  0.0293   0.0119   1.0000   0.0276   0.0204   0.0119   0.0083   0.0077 
 -0.0304  -0.0427   0.0276   1.0000   0.0269   0.0239   0.0206   0.0100 
  0.0102  -0.0041   0.0204   0.0269   1.0000   0.0015  -0.0140  -0.0381 
  0.0139  -0.0632   0.0119   0.0239   0.0015   1.0000  -0.0124   0.0481 
  0.0044  -0.0605   0.0083   0.0206  -0.0140  -0.0124   1.0000   0.0370 
 -0.0106  -0.0605   0.0077   0.0100  -0.0381   0.0481   0.0370   1.0000 
---------------------------------------

Execution Time: 0.304385 seconds
Exit code: 0
Extracted time: 0.304385

=== openmp (N=1500, M=1000, iter=3) ===
Executing OpenMP Version
Matrix Size: N=1500, M=1000
Num threads: 8
--- Input Matrix (Snippet) ---
  0.1784   0.3997   0.1666   0.2121   0.0619   0.0541   0.2757   0.0478 
  0.8579   0.2793   0.3497   0.6058   0.0737   0.1928   0.5753   0.2738 
  0.2355   0.3513   0.2187   0.2880   0.0186   0.3609   0.1549   0.3504 
  0.6835   0.2185   0.1961   0.0248   0.6727   0.5442   0.9639   0.2818 
  0.7361   0.6262   0.2348   0.0727   0.7465   0.0340   0.4242   0.2949 
  0.9063   0.4440   0.7253   0.1379   0.7956   0.9051   0.0964   0.8206 
  0.1672   0.1685   0.5519   0.6728   0.6104   0.7387   0.7906   0.5769 
  0.3751   0.2483   0.8508   0.0803   0.3567   0.4930   0.2261   0.4608 
---------------------------------------

--- Output Correlation Matrix (Snippet) ---
  1.0000   0.0109   0.0293  -0.0304   0.0102   0.0139   0.0044  -0.0106 
  0.0109   1.0000   0.0119  -0.0427  -0.0041  -0.0632  -0.0605  -0.0605 
  0.0293   0.0119   1.0000   0.0276   0.0204   0.0119   0.0083   0.0077 
 -0.0304  -0.0427   0.0276   1.0000   0.0269   0.0239   0.0206   0.0100 
  0.0102  -0.0041   0.0204   0.0269   1.0000   0.0015  -0.0140  -0.0381 
  0.0139  -0.0632   0.0119   0.0239   0.0015   1.0000  -0.0124   0.0481 
  0.0044  -0.0605   0.0083   0.0206  -0.0140  -0.0124   1.0000   0.0370 
 -0.0106  -0.0605   0.0077   0.0100  -0.0381   0.0481   0.0370   1.0000 
---------------------------------------

Execution Time: 0.420350 seconds
Exit code: 0
Extracted time: 0.420350

=== openmp (N=1500, M=1500, iter=1) ===
Executing OpenMP Version
Matrix Size: N=1500, M=1500
Num threads: 8
--- Input Matrix (Snippet) ---
  0.1784   0.3997   0.1666   0.2121   0.0619   0.0541   0.2757   0.0478 
  0.5231   0.4570   0.4980   0.9980   0.9538   0.4599   0.6245   0.8193 
  0.6835   0.2185   0.1961   0.0248   0.6727   0.5442   0.9639   0.2818 
  0.6730   0.3860   0.7919   0.3859   0.4882   0.1123   0.5655   0.3819 
  0.1672   0.1685   0.5519   0.6728   0.6104   0.7387   0.7906   0.5769 
  0.2896   0.8828   0.9025   0.7990   0.6499   0.1416   0.2104   0.8247 
  0.4815   0.6118   0.5401   0.8225   0.6975   0.4157   0.2738   0.2554 
  0.5062   0.5588   0.9413   0.5000   0.5328   0.1062   0.3400   0.7122 
---------------------------------------

--- Output Correlation Matrix (Snippet) ---
  1.0000   0.0111  -0.0267  -0.0267  -0.0210   0.0113   0.0004   0.0095 
  0.0111   1.0000  -0.0268   0.0110   0.0518  -0.0168   0.0241   0.0123 
 -0.0267  -0.0268   1.0000   0.0289   0.0020  -0.0170  -0.0226  -0.0030 
 -0.0267   0.0110   0.0289   1.0000   0.0178  -0.0459   0.0215  -0.0381 
 -0.0210   0.0518   0.0020   0.0178   1.0000   0.0124  -0.0130  -0.0079 
  0.0113  -0.0168  -0.0170  -0.0459   0.0124   1.0000   0.0043   0.0352 
  0.0004   0.0241  -0.0226   0.0215  -0.0130   0.0043   1.0000  -0.0296 
  0.0095   0.0123  -0.0030  -0.0381  -0.0079   0.0352  -0.0296   1.0000 
---------------------------------------

Execution Time: 0.535296 seconds
Exit code: 0
Extracted time: 0.535296

=== openmp (N=1500, M=1500, iter=2) ===
Executing OpenMP Version
Matrix Size: N=1500, M=1500
Num threads: 8
--- Input Matrix (Snippet) ---
  0.1784   0.3997   0.1666   0.2121   0.0619   0.0541   0.2757   0.0478 
  0.5231   0.4570   0.4980   0.9980   0.9538   0.4599   0.6245   0.8193 
  0.6835   0.2185   0.1961   0.0248   0.6727   0.5442   0.9639   0.2818 
  0.6730   0.3860   0.7919   0.3859   0.4882   0.1123   0.5655   0.3819 
  0.1672   0.1685   0.5519   0.6728   0.6104   0.7387   0.7906   0.5769 
  0.2896   0.8828   0.9025   0.7990   0.6499   0.1416   0.2104   0.8247 
  0.4815   0.6118   0.5401   0.8225   0.6975   0.4157   0.2738   0.2554 
  0.5062   0.5588   0.9413   0.5000   0.5328   0.1062   0.3400   0.7122 
---------------------------------------

--- Output Correlation Matrix (Snippet) ---
  1.0000   0.0111  -0.0267  -0.0267  -0.0210   0.0113   0.0004   0.0095 
  0.0111   1.0000  -0.0268   0.0110   0.0518  -0.0168   0.0241   0.0123 
 -0.0267  -0.0268   1.0000   0.0289   0.0020  -0.0170  -0.0226  -0.0030 
 -0.0267   0.0110   0.0289   1.0000   0.0178  -0.0459   0.0215  -0.0381 
 -0.0210   0.0518   0.0020   0.0178   1.0000   0.0124  -0.0130  -0.0079 
  0.0113  -0.0168  -0.0170  -0.0459   0.0124   1.0000   0.0043   0.0352 
  0.0004   0.0241  -0.0226   0.0215  -0.0130   0.0043   1.0000  -0.0296 
  0.0095   0.0123  -0.0030  -0.0381  -0.0079   0.0352  -0.0296   1.0000 
---------------------------------------

Execution Time: 0.464898 seconds
Exit code: 0
Extracted time: 0.464898

=== openmp (N=1500, M=1500, iter=3) ===
Executing OpenMP Version
Matrix Size: N=1500, M=1500
Num threads: 8
--- Input Matrix (Snippet) ---
  0.1784   0.3997   0.1666   0.2121   0.0619   0.0541   0.2757   0.0478 
  0.5231   0.4570   0.4980   0.9980   0.9538   0.4599   0.6245   0.8193 
  0.6835   0.2185   0.1961   0.0248   0.6727   0.5442   0.9639   0.2818 
  0.6730   0.3860   0.7919   0.3859   0.4882   0.1123   0.5655   0.3819 
  0.1672   0.1685   0.5519   0.6728   0.6104   0.7387   0.7906   0.5769 
  0.2896   0.8828   0.9025   0.7990   0.6499   0.1416   0.2104   0.8247 
  0.4815   0.6118   0.5401   0.8225   0.6975   0.4157   0.2738   0.2554 
  0.5062   0.5588   0.9413   0.5000   0.5328   0.1062   0.3400   0.7122 
---------------------------------------

--- Output Correlation Matrix (Snippet) ---
  1.0000   0.0111  -0.0267  -0.0267  -0.0210   0.0113   0.0004   0.0095 
  0.0111   1.0000  -0.0268   0.0110   0.0518  -0.0168   0.0241   0.0123 
 -0.0267  -0.0268   1.0000   0.0289   0.0020  -0.0170  -0.0226  -0.0030 
 -0.0267   0.0110   0.0289   1.0000   0.0178  -0.0459   0.0215  -0.0381 
 -0.0210   0.0518   0.0020   0.0178   1.0000   0.0124  -0.0130  -0.0079 
  0.0113  -0.0168  -0.0170  -0.0459   0.0124   1.0000   0.0043   0.0352 
  0.0004   0.0241  -0.0226   0.0215  -0.0130   0.0043   1.0000  -0.0296 
  0.0095   0.0123  -0.0030  -0.0381  -0.0079   0.0352  -0.0296   1.0000 
---------------------------------------

Execution Time: 0.556059 seconds
Exit code: 0
Extracted time: 0.556059

=== openmp (N=1500, M=2000, iter=1) ===
Executing OpenMP Version
Matrix Size: N=1500, M=2000
Num threads: 8
--- Input Matrix (Snippet) ---
  0.1784   0.3997   0.1666   0.2121   0.0619   0.0541   0.2757   0.0478 
  0.2355   0.3513   0.2187   0.2880   0.0186   0.3609   0.1549   0.3504 
  0.7361   0.6262   0.2348   0.0727   0.7465   0.0340   0.4242   0.2949 
  0.1672   0.1685   0.5519   0.6728   0.6104   0.7387   0.7906   0.5769 
  0.9290   0.7971   0.1292   0.8444   0.4470   0.9848   0.7467   0.6753 
  0.6577   0.0369   0.3331   0.8758   0.2217   0.6708   0.6280   0.0000 
  0.9311   0.2895   0.4608   0.4579   0.4643   0.0754   0.2606   0.6549 
  0.2649   0.2373   0.6548   0.4642   0.2228   0.6153   0.1826   0.9288 
---------------------------------------

--- Output Correlation Matrix (Snippet) ---
  1.0000  -0.0069  -0.0270  -0.0283   0.0410  -0.0121  -0.0445  -0.0154 
 -0.0069   1.0000   0.0227   0.0096  -0.0277  -0.0158   0.0245   0.0515 
 -0.0270   0.0227   1.0000   0.0181  -0.0084  -0.0181   0.0164   0.0039 
 -0.0283   0.0096   0.0181   1.0000  -0.0407   0.0316   0.0226   0.0055 
  0.0410  -0.0277  -0.0084  -0.0407   1.0000  -0.0453   0.0127  -0.0128 
 -0.0121  -0.0158  -0.0181   0.0316  -0.0453   1.0000  -0.0070  -0.0285 
 -0.0445   0.0245   0.0164   0.0226   0.0127  -0.0070   1.0000   0.0225 
 -0.0154   0.0515   0.0039   0.0055  -0.0128  -0.0285   0.0225   1.0000 
---------------------------------------

Execution Time: 0.789861 seconds
Exit code: 0
Extracted time: 0.789861

=== openmp (N=1500, M=2000, iter=2) ===
Executing OpenMP Version
Matrix Size: N=1500, M=2000
Num threads: 8
--- Input Matrix (Snippet) ---
  0.1784   0.3997   0.1666   0.2121   0.0619   0.0541   0.2757   0.0478 
  0.2355   0.3513   0.2187   0.2880   0.0186   0.3609   0.1549   0.3504 
  0.7361   0.6262   0.2348   0.0727   0.7465   0.0340   0.4242   0.2949 
  0.1672   0.1685   0.5519   0.6728   0.6104   0.7387   0.7906   0.5769 
  0.9290   0.7971   0.1292   0.8444   0.4470   0.9848   0.7467   0.6753 
  0.6577   0.0369   0.3331   0.8758   0.2217   0.6708   0.6280   0.0000 
  0.9311   0.2895   0.4608   0.4579   0.4643   0.0754   0.2606   0.6549 
  0.2649   0.2373   0.6548   0.4642   0.2228   0.6153   0.1826   0.9288 
---------------------------------------

--- Output Correlation Matrix (Snippet) ---
  1.0000  -0.0069  -0.0270  -0.0283   0.0410  -0.0121  -0.0445  -0.0154 
 -0.0069   1.0000   0.0227   0.0096  -0.0277  -0.0158   0.0245   0.0515 
 -0.0270   0.0227   1.0000   0.0181  -0.0084  -0.0181   0.0164   0.0039 
 -0.0283   0.0096   0.0181   1.0000  -0.0407   0.0316   0.0226   0.0055 
  0.0410  -0.0277  -0.0084  -0.0407   1.0000  -0.0453   0.0127  -0.0128 
 -0.0121  -0.0158  -0.0181   0.0316  -0.0453   1.0000  -0.0070  -0.0285 
 -0.0445   0.0245   0.0164   0.0226   0.0127  -0.0070   1.0000   0.0225 
 -0.0154   0.0515   0.0039   0.0055  -0.0128  -0.0285   0.0225   1.0000 
---------------------------------------

Execution Time: 0.627292 seconds
Exit code: 0
Extracted time: 0.627292

=== openmp (N=1500, M=2000, iter=3) ===
Executing OpenMP Version
Matrix Size: N=1500, M=2000
Num threads: 8
--- Input Matrix (Snippet) ---
  0.1784   0.3997   0.1666   0.2121   0.0619   0.0541   0.2757   0.0478 
  0.2355   0.3513   0.2187   0.2880   0.0186   0.3609   0.1549   0.3504 
  0.7361   0.6262   0.2348   0.0727   0.7465   0.0340   0.4242   0.2949 
  0.1672   0.1685   0.5519   0.6728   0.6104   0.7387   0.7906   0.5769 
  0.9290   0.7971   0.1292   0.8444   0.4470   0.9848   0.7467   0.6753 
  0.6577   0.0369   0.3331   0.8758   0.2217   0.6708   0.6280   0.0000 
  0.9311   0.2895   0.4608   0.4579   0.4643   0.0754   0.2606   0.6549 
  0.2649   0.2373   0.6548   0.4642   0.2228   0.6153   0.1826   0.9288 
---------------------------------------

--- Output Correlation Matrix (Snippet) ---
  1.0000  -0.0069  -0.0270  -0.0283   0.0410  -0.0121  -0.0445  -0.0154 
 -0.0069   1.0000   0.0227   0.0096  -0.0277  -0.0158   0.0245   0.0515 
 -0.0270   0.0227   1.0000   0.0181  -0.0084  -0.0181   0.0164   0.0039 
 -0.0283   0.0096   0.0181   1.0000  -0.0407   0.0316   0.0226   0.0055 
  0.0410  -0.0277  -0.0084  -0.0407   1.0000  -0.0453   0.0127  -0.0128 
 -0.0121  -0.0158  -0.0181   0.0316  -0.0453   1.0000  -0.0070  -0.0285 
 -0.0445   0.0245   0.0164   0.0226   0.0127  -0.0070   1.0000   0.0225 
 -0.0154   0.0515   0.0039   0.0055  -0.0128  -0.0285   0.0225   1.0000 
---------------------------------------

Execution Time: 0.626326 seconds
Exit code: 0
Extracted time: 0.626326

=== openmp (N=1500, M=2500, iter=1) ===
Executing OpenMP Version
Matrix Size: N=1500, M=2500
Num threads: 8
--- Input Matrix (Snippet) ---
  0.1784   0.3997   0.1666   0.2121   0.0619   0.0541   0.2757   0.0478 
  0.2459   0.4850   0.0104   0.8695   0.6495   0.6553   0.0003   0.2781 
  0.9063   0.4440   0.7253   0.1379   0.7956   0.9051   0.0964   0.8206 
  0.2896   0.8828   0.9025   0.7990   0.6499   0.1416   0.2104   0.8247 
  0.6577   0.0369   0.3331   0.8758   0.2217   0.6708   0.6280   0.0000 
  0.0891   0.9237   0.8383   0.8221   0.7560   0.6990   0.3387   0.4892 
  0.7794   0.8132   0.7432   0.9474   0.3793   0.9794   0.6384   0.6187 
  0.0842   0.1832   0.3542   0.9223   0.4774   0.3511   0.6550   0.4676 
---------------------------------------

--- Output Correlation Matrix (Snippet) ---
  1.0000   0.0305  -0.0212   0.0233  -0.0160  -0.0192   0.0017  -0.0016 
  0.0305   1.0000   0.0092   0.0212   0.0022   0.0280  -0.0362  -0.0159 
 -0.0212   0.0092   1.0000  -0.0060   0.0119   0.0228  -0.0218  -0.0016 
  0.0233   0.0212  -0.0060   1.0000  -0.0190  -0.0385  -0.0178   0.0073 
 -0.0160   0.0022   0.0119  -0.0190   1.0000   0.0217   0.0011  -0.0372 
 -0.0192   0.0280   0.0228  -0.0385   0.0217   1.0000  -0.0358  -0.0005 
  0.0017  -0.0362  -0.0218  -0.0178   0.0011  -0.0358   1.0000   0.0276 
 -0.0016  -0.0159  -0.0016   0.0073  -0.0372  -0.0005   0.0276   1.0000 
---------------------------------------

Execution Time: 0.832757 seconds
Exit code: 0
Extracted time: 0.832757

=== openmp (N=1500, M=2500, iter=2) ===
Executing OpenMP Version
Matrix Size: N=1500, M=2500
Num threads: 8
--- Input Matrix (Snippet) ---
  0.1784   0.3997   0.1666   0.2121   0.0619   0.0541   0.2757   0.0478 
  0.2459   0.4850   0.0104   0.8695   0.6495   0.6553   0.0003   0.2781 
  0.9063   0.4440   0.7253   0.1379   0.7956   0.9051   0.0964   0.8206 
  0.2896   0.8828   0.9025   0.7990   0.6499   0.1416   0.2104   0.8247 
  0.6577   0.0369   0.3331   0.8758   0.2217   0.6708   0.6280   0.0000 
  0.0891   0.9237   0.8383   0.8221   0.7560   0.6990   0.3387   0.4892 
  0.7794   0.8132   0.7432   0.9474   0.3793   0.9794   0.6384   0.6187 
  0.0842   0.1832   0.3542   0.9223   0.4774   0.3511   0.6550   0.4676 
---------------------------------------

--- Output Correlation Matrix (Snippet) ---
  1.0000   0.0305  -0.0212   0.0233  -0.0160  -0.0192   0.0017  -0.0016 
  0.0305   1.0000   0.0092   0.0212   0.0022   0.0280  -0.0362  -0.0159 
 -0.0212   0.0092   1.0000  -0.0060   0.0119   0.0228  -0.0218  -0.0016 
  0.0233   0.0212  -0.0060   1.0000  -0.0190  -0.0385  -0.0178   0.0073 
 -0.0160   0.0022   0.0119  -0.0190   1.0000   0.0217   0.0011  -0.0372 
 -0.0192   0.0280   0.0228  -0.0385   0.0217   1.0000  -0.0358  -0.0005 
  0.0017  -0.0362  -0.0218  -0.0178   0.0011  -0.0358   1.0000   0.0276 
 -0.0016  -0.0159  -0.0016   0.0073  -0.0372  -0.0005   0.0276   1.0000 
---------------------------------------

Execution Time: 0.912400 seconds
Exit code: 0
Extracted time: 0.912400

=== openmp (N=1500, M=2500, iter=3) ===
Executing OpenMP Version
Matrix Size: N=1500, M=2500
Num threads: 8
--- Input Matrix (Snippet) ---
  0.1784   0.3997   0.1666   0.2121   0.0619   0.0541   0.2757   0.0478 
  0.2459   0.4850   0.0104   0.8695   0.6495   0.6553   0.0003   0.2781 
  0.9063   0.4440   0.7253   0.1379   0.7956   0.9051   0.0964   0.8206 
  0.2896   0.8828   0.9025   0.7990   0.6499   0.1416   0.2104   0.8247 
  0.6577   0.0369   0.3331   0.8758   0.2217   0.6708   0.6280   0.0000 
  0.0891   0.9237   0.8383   0.8221   0.7560   0.6990   0.3387   0.4892 
  0.7794   0.8132   0.7432   0.9474   0.3793   0.9794   0.6384   0.6187 
  0.0842   0.1832   0.3542   0.9223   0.4774   0.3511   0.6550   0.4676 
---------------------------------------

--- Output Correlation Matrix (Snippet) ---
  1.0000   0.0305  -0.0212   0.0233  -0.0160  -0.0192   0.0017  -0.0016 
  0.0305   1.0000   0.0092   0.0212   0.0022   0.0280  -0.0362  -0.0159 
 -0.0212   0.0092   1.0000  -0.0060   0.0119   0.0228  -0.0218  -0.0016 
  0.0233   0.0212  -0.0060   1.0000  -0.0190  -0.0385  -0.0178   0.0073 
 -0.0160   0.0022   0.0119  -0.0190   1.0000   0.0217   0.0011  -0.0372 
 -0.0192   0.0280   0.0228  -0.0385   0.0217   1.0000  -0.0358  -0.0005 
  0.0017  -0.0362  -0.0218  -0.0178   0.0011  -0.0358   1.0000   0.0276 
 -0.0016  -0.0159  -0.0016   0.0073  -0.0372  -0.0005   0.0276   1.0000 
---------------------------------------

Execution Time: 0.932233 seconds
Exit code: 0
Extracted time: 0.932233

=== openmp (N=1500, M=3000, iter=1) ===
Executing OpenMP Version
Matrix Size: N=1500, M=3000
Num threads: 8
--- Input Matrix (Snippet) ---
  0.1784   0.3997   0.1666   0.2121   0.0619   0.0541   0.2757   0.0478 
  0.6835   0.2185   0.1961   0.0248   0.6727   0.5442   0.9639   0.2818 
  0.1672   0.1685   0.5519   0.6728   0.6104   0.7387   0.7906   0.5769 
  0.4815   0.6118   0.5401   0.8225   0.6975   0.4157   0.2738   0.2554 
  0.9311   0.2895   0.4608   0.4579   0.4643   0.0754   0.2606   0.6549 
  0.7794   0.8132   0.7432   0.9474   0.3793   0.9794   0.6384   0.6187 
  0.1583   0.6916   0.6599   0.6962   0.3418   0.4218   0.2080   0.0566 
  0.5013   0.8661   0.8181   0.8221   0.2707   0.8748   0.9764   0.6529 
---------------------------------------

--- Output Correlation Matrix (Snippet) ---
  1.0000  -0.0079  -0.0189   0.0064  -0.0058   0.0126   0.0067  -0.0029 
 -0.0079   1.0000  -0.0219  -0.0305  -0.0129   0.0147  -0.0086   0.0305 
 -0.0189  -0.0219   1.0000   0.0110   0.0151   0.0069  -0.0076   0.0224 
  0.0064  -0.0305   0.0110   1.0000  -0.0143   0.0036   0.0036  -0.0167 
 -0.0058  -0.0129   0.0151  -0.0143   1.0000   0.0173  -0.0375  -0.0020 
  0.0126   0.0147   0.0069   0.0036   0.0173   1.0000  -0.0245   0.0187 
  0.0067  -0.0086  -0.0076   0.0036  -0.0375  -0.0245   1.0000  -0.0087 
 -0.0029   0.0305   0.0224  -0.0167  -0.0020   0.0187  -0.0087   1.0000 
---------------------------------------

Execution Time: 1.180667 seconds
Exit code: 0
Extracted time: 1.180667

=== openmp (N=1500, M=3000, iter=2) ===
Executing OpenMP Version
Matrix Size: N=1500, M=3000
Num threads: 8
--- Input Matrix (Snippet) ---
  0.1784   0.3997   0.1666   0.2121   0.0619   0.0541   0.2757   0.0478 
  0.6835   0.2185   0.1961   0.0248   0.6727   0.5442   0.9639   0.2818 
  0.1672   0.1685   0.5519   0.6728   0.6104   0.7387   0.7906   0.5769 
  0.4815   0.6118   0.5401   0.8225   0.6975   0.4157   0.2738   0.2554 
  0.9311   0.2895   0.4608   0.4579   0.4643   0.0754   0.2606   0.6549 
  0.7794   0.8132   0.7432   0.9474   0.3793   0.9794   0.6384   0.6187 
  0.1583   0.6916   0.6599   0.6962   0.3418   0.4218   0.2080   0.0566 
  0.5013   0.8661   0.8181   0.8221   0.2707   0.8748   0.9764   0.6529 
---------------------------------------

--- Output Correlation Matrix (Snippet) ---
  1.0000  -0.0079  -0.0189   0.0064  -0.0058   0.0126   0.0067  -0.0029 
 -0.0079   1.0000  -0.0219  -0.0305  -0.0129   0.0147  -0.0086   0.0305 
 -0.0189  -0.0219   1.0000   0.0110   0.0151   0.0069  -0.0076   0.0224 
  0.0064  -0.0305   0.0110   1.0000  -0.0143   0.0036   0.0036  -0.0167 
 -0.0058  -0.0129   0.0151  -0.0143   1.0000   0.0173  -0.0375  -0.0020 
  0.0126   0.0147   0.0069   0.0036   0.0173   1.0000  -0.0245   0.0187 
  0.0067  -0.0086  -0.0076   0.0036  -0.0375  -0.0245   1.0000  -0.0087 
 -0.0029   0.0305   0.0224  -0.0167  -0.0020   0.0187  -0.0087   1.0000 
---------------------------------------

Execution Time: 1.091696 seconds
Exit code: 0
Extracted time: 1.091696

=== openmp (N=1500, M=3000, iter=3) ===
Executing OpenMP Version
Matrix Size: N=1500, M=3000
Num threads: 8
--- Input Matrix (Snippet) ---
  0.1784   0.3997   0.1666   0.2121   0.0619   0.0541   0.2757   0.0478 
  0.6835   0.2185   0.1961   0.0248   0.6727   0.5442   0.9639   0.2818 
  0.1672   0.1685   0.5519   0.6728   0.6104   0.7387   0.7906   0.5769 
  0.4815   0.6118   0.5401   0.8225   0.6975   0.4157   0.2738   0.2554 
  0.9311   0.2895   0.4608   0.4579   0.4643   0.0754   0.2606   0.6549 
  0.7794   0.8132   0.7432   0.9474   0.3793   0.9794   0.6384   0.6187 
  0.1583   0.6916   0.6599   0.6962   0.3418   0.4218   0.2080   0.0566 
  0.5013   0.8661   0.8181   0.8221   0.2707   0.8748   0.9764   0.6529 
---------------------------------------

--- Output Correlation Matrix (Snippet) ---
  1.0000  -0.0079  -0.0189   0.0064  -0.0058   0.0126   0.0067  -0.0029 
 -0.0079   1.0000  -0.0219  -0.0305  -0.0129   0.0147  -0.0086   0.0305 
 -0.0189  -0.0219   1.0000   0.0110   0.0151   0.0069  -0.0076   0.0224 
  0.0064  -0.0305   0.0110   1.0000  -0.0143   0.0036   0.0036  -0.0167 
 -0.0058  -0.0129   0.0151  -0.0143   1.0000   0.0173  -0.0375  -0.0020 
  0.0126   0.0147   0.0069   0.0036   0.0173   1.0000  -0.0245   0.0187 
  0.0067  -0.0086  -0.0076   0.0036  -0.0375  -0.0245   1.0000  -0.0087 
 -0.0029   0.0305   0.0224  -0.0167  -0.0020   0.0187  -0.0087   1.0000 
---------------------------------------

Execution Time: 1.106951 seconds
Exit code: 0
Extracted time: 1.106951

=== openmp (N=2000, M=500, iter=1) ===
Executing OpenMP Version
Matrix Size: N=2000, M=500
Num threads: 8
--- Input Matrix (Snippet) ---
  0.1784   0.3997   0.1666   0.2121   0.0619   0.0541   0.2757   0.0478 
  0.7832   0.1713   0.3731   0.1762   0.4492   0.9714   0.9770   0.4063 
  0.8579   0.2793   0.3497   0.6058   0.0737   0.1928   0.5753   0.2738 
  0.5231   0.4570   0.4980   0.9980   0.9538   0.4599   0.6245   0.8193 
  0.2355   0.3513   0.2187   0.2880   0.0186   0.3609   0.1549   0.3504 
  0.2459   0.4850   0.0104   0.8695   0.6495   0.6553   0.0003   0.2781 
  0.6835   0.2185   0.1961   0.0248   0.6727   0.5442   0.9639   0.2818 
  0.7949   0.9540   0.3739   0.6583   0.6555   0.8941   0.8713   0.9372 
---------------------------------------

--- Output Correlation Matrix (Snippet) ---
  1.0000   0.0256   0.0236  -0.0521   0.0384   0.0583   0.0019  -0.0393 
  0.0256   1.0000  -0.0126  -0.0000   0.0707   0.0208   0.0440  -0.0621 
  0.0236  -0.0126   1.0000  -0.0210  -0.0033   0.0142  -0.0386   0.0410 
 -0.0521  -0.0000  -0.0210   1.0000   0.0182   0.0262  -0.0804  -0.0467 
  0.0384   0.0707  -0.0033   0.0182   1.0000   0.0061  -0.0249  -0.0272 
  0.0583   0.0208   0.0142   0.0262   0.0061   1.0000  -0.1227   0.0816 
  0.0019   0.0440  -0.0386  -0.0804  -0.0249  -0.1227   1.0000   0.0038 
 -0.0393  -0.0621   0.0410  -0.0467  -0.0272   0.0816   0.0038   1.0000 
---------------------------------------

Execution Time: 0.282911 seconds
Exit code: 0
Extracted time: 0.282911

=== openmp (N=2000, M=500, iter=2) ===
Executing OpenMP Version
Matrix Size: N=2000, M=500
Num threads: 8
--- Input Matrix (Snippet) ---
  0.1784   0.3997   0.1666   0.2121   0.0619   0.0541   0.2757   0.0478 
  0.7832   0.1713   0.3731   0.1762   0.4492   0.9714   0.9770   0.4063 
  0.8579   0.2793   0.3497   0.6058   0.0737   0.1928   0.5753   0.2738 
  0.5231   0.4570   0.4980   0.9980   0.9538   0.4599   0.6245   0.8193 
  0.2355   0.3513   0.2187   0.2880   0.0186   0.3609   0.1549   0.3504 
  0.2459   0.4850   0.0104   0.8695   0.6495   0.6553   0.0003   0.2781 
  0.6835   0.2185   0.1961   0.0248   0.6727   0.5442   0.9639   0.2818 
  0.7949   0.9540   0.3739   0.6583   0.6555   0.8941   0.8713   0.9372 
---------------------------------------

--- Output Correlation Matrix (Snippet) ---
  1.0000   0.0256   0.0236  -0.0521   0.0384   0.0583   0.0019  -0.0393 
  0.0256   1.0000  -0.0126  -0.0000   0.0707   0.0208   0.0440  -0.0621 
  0.0236  -0.0126   1.0000  -0.0210  -0.0033   0.0142  -0.0386   0.0410 
 -0.0521  -0.0000  -0.0210   1.0000   0.0182   0.0262  -0.0804  -0.0467 
  0.0384   0.0707  -0.0033   0.0182   1.0000   0.0061  -0.0249  -0.0272 
  0.0583   0.0208   0.0142   0.0262   0.0061   1.0000  -0.1227   0.0816 
  0.0019   0.0440  -0.0386  -0.0804  -0.0249  -0.1227   1.0000   0.0038 
 -0.0393  -0.0621   0.0410  -0.0467  -0.0272   0.0816   0.0038   1.0000 
---------------------------------------

Execution Time: 0.286944 seconds
Exit code: 0
Extracted time: 0.286944

=== openmp (N=2000, M=500, iter=3) ===
Executing OpenMP Version
Matrix Size: N=2000, M=500
Num threads: 8
--- Input Matrix (Snippet) ---
  0.1784   0.3997   0.1666   0.2121   0.0619   0.0541   0.2757   0.0478 
  0.7832   0.1713   0.3731   0.1762   0.4492   0.9714   0.9770   0.4063 
  0.8579   0.2793   0.3497   0.6058   0.0737   0.1928   0.5753   0.2738 
  0.5231   0.4570   0.4980   0.9980   0.9538   0.4599   0.6245   0.8193 
  0.2355   0.3513   0.2187   0.2880   0.0186   0.3609   0.1549   0.3504 
  0.2459   0.4850   0.0104   0.8695   0.6495   0.6553   0.0003   0.2781 
  0.6835   0.2185   0.1961   0.0248   0.6727   0.5442   0.9639   0.2818 
  0.7949   0.9540   0.3739   0.6583   0.6555   0.8941   0.8713   0.9372 
---------------------------------------

--- Output Correlation Matrix (Snippet) ---
  1.0000   0.0256   0.0236  -0.0521   0.0384   0.0583   0.0019  -0.0393 
  0.0256   1.0000  -0.0126  -0.0000   0.0707   0.0208   0.0440  -0.0621 
  0.0236  -0.0126   1.0000  -0.0210  -0.0033   0.0142  -0.0386   0.0410 
 -0.0521  -0.0000  -0.0210   1.0000   0.0182   0.0262  -0.0804  -0.0467 
  0.0384   0.0707  -0.0033   0.0182   1.0000   0.0061  -0.0249  -0.0272 
  0.0583   0.0208   0.0142   0.0262   0.0061   1.0000  -0.1227   0.0816 
  0.0019   0.0440  -0.0386  -0.0804  -0.0249  -0.1227   1.0000   0.0038 
 -0.0393  -0.0621   0.0410  -0.0467  -0.0272   0.0816   0.0038   1.0000 
---------------------------------------

Execution Time: 0.276474 seconds
Exit code: 0
Extracted time: 0.276474

=== openmp (N=2000, M=1000, iter=1) ===
Executing OpenMP Version
Matrix Size: N=2000, M=1000
Num threads: 8
--- Input Matrix (Snippet) ---
  0.1784   0.3997   0.1666   0.2121   0.0619   0.0541   0.2757   0.0478 
  0.8579   0.2793   0.3497   0.6058   0.0737   0.1928   0.5753   0.2738 
  0.2355   0.3513   0.2187   0.2880   0.0186   0.3609   0.1549   0.3504 
  0.6835   0.2185   0.1961   0.0248   0.6727   0.5442   0.9639   0.2818 
  0.7361   0.6262   0.2348   0.0727   0.7465   0.0340   0.4242   0.2949 
  0.9063   0.4440   0.7253   0.1379   0.7956   0.9051   0.0964   0.8206 
  0.1672   0.1685   0.5519   0.6728   0.6104   0.7387   0.7906   0.5769 
  0.3751   0.2483   0.8508   0.0803   0.3567   0.4930   0.2261   0.4608 
---------------------------------------

--- Output Correlation Matrix (Snippet) ---
  1.0000   0.0109   0.0293  -0.0304   0.0102   0.0139   0.0044  -0.0106 
  0.0109   1.0000   0.0119  -0.0427  -0.0041  -0.0632  -0.0605  -0.0605 
  0.0293   0.0119   1.0000   0.0276   0.0204   0.0119   0.0083   0.0077 
 -0.0304  -0.0427   0.0276   1.0000   0.0269   0.0239   0.0206   0.0100 
  0.0102  -0.0041   0.0204   0.0269   1.0000   0.0015  -0.0140  -0.0381 
  0.0139  -0.0632   0.0119   0.0239   0.0015   1.0000  -0.0124   0.0481 
  0.0044  -0.0605   0.0083   0.0206  -0.0140  -0.0124   1.0000   0.0370 
 -0.0106  -0.0605   0.0077   0.0100  -0.0381   0.0481   0.0370   1.0000 
---------------------------------------

Execution Time: 0.640318 seconds
Exit code: 0
Extracted time: 0.640318

=== openmp (N=2000, M=1000, iter=2) ===
Executing OpenMP Version
Matrix Size: N=2000, M=1000
Num threads: 8
--- Input Matrix (Snippet) ---
  0.1784   0.3997   0.1666   0.2121   0.0619   0.0541   0.2757   0.0478 
  0.8579   0.2793   0.3497   0.6058   0.0737   0.1928   0.5753   0.2738 
  0.2355   0.3513   0.2187   0.2880   0.0186   0.3609   0.1549   0.3504 
  0.6835   0.2185   0.1961   0.0248   0.6727   0.5442   0.9639   0.2818 
  0.7361   0.6262   0.2348   0.0727   0.7465   0.0340   0.4242   0.2949 
  0.9063   0.4440   0.7253   0.1379   0.7956   0.9051   0.0964   0.8206 
  0.1672   0.1685   0.5519   0.6728   0.6104   0.7387   0.7906   0.5769 
  0.3751   0.2483   0.8508   0.0803   0.3567   0.4930   0.2261   0.4608 
---------------------------------------

--- Output Correlation Matrix (Snippet) ---
  1.0000   0.0109   0.0293  -0.0304   0.0102   0.0139   0.0044  -0.0106 
  0.0109   1.0000   0.0119  -0.0427  -0.0041  -0.0632  -0.0605  -0.0605 
  0.0293   0.0119   1.0000   0.0276   0.0204   0.0119   0.0083   0.0077 
 -0.0304  -0.0427   0.0276   1.0000   0.0269   0.0239   0.0206   0.0100 
  0.0102  -0.0041   0.0204   0.0269   1.0000   0.0015  -0.0140  -0.0381 
  0.0139  -0.0632   0.0119   0.0239   0.0015   1.0000  -0.0124   0.0481 
  0.0044  -0.0605   0.0083   0.0206  -0.0140  -0.0124   1.0000   0.0370 
 -0.0106  -0.0605   0.0077   0.0100  -0.0381   0.0481   0.0370   1.0000 
---------------------------------------

Execution Time: 0.812756 seconds
Exit code: 0
Extracted time: 0.812756

=== openmp (N=2000, M=1000, iter=3) ===
Executing OpenMP Version
Matrix Size: N=2000, M=1000
Num threads: 8
--- Input Matrix (Snippet) ---
  0.1784   0.3997   0.1666   0.2121   0.0619   0.0541   0.2757   0.0478 
  0.8579   0.2793   0.3497   0.6058   0.0737   0.1928   0.5753   0.2738 
  0.2355   0.3513   0.2187   0.2880   0.0186   0.3609   0.1549   0.3504 
  0.6835   0.2185   0.1961   0.0248   0.6727   0.5442   0.9639   0.2818 
  0.7361   0.6262   0.2348   0.0727   0.7465   0.0340   0.4242   0.2949 
  0.9063   0.4440   0.7253   0.1379   0.7956   0.9051   0.0964   0.8206 
  0.1672   0.1685   0.5519   0.6728   0.6104   0.7387   0.7906   0.5769 
  0.3751   0.2483   0.8508   0.0803   0.3567   0.4930   0.2261   0.4608 
---------------------------------------

--- Output Correlation Matrix (Snippet) ---
  1.0000   0.0109   0.0293  -0.0304   0.0102   0.0139   0.0044  -0.0106 
  0.0109   1.0000   0.0119  -0.0427  -0.0041  -0.0632  -0.0605  -0.0605 
  0.0293   0.0119   1.0000   0.0276   0.0204   0.0119   0.0083   0.0077 
 -0.0304  -0.0427   0.0276   1.0000   0.0269   0.0239   0.0206   0.0100 
  0.0102  -0.0041   0.0204   0.0269   1.0000   0.0015  -0.0140  -0.0381 
  0.0139  -0.0632   0.0119   0.0239   0.0015   1.0000  -0.0124   0.0481 
  0.0044  -0.0605   0.0083   0.0206  -0.0140  -0.0124   1.0000   0.0370 
 -0.0106  -0.0605   0.0077   0.0100  -0.0381   0.0481   0.0370   1.0000 
---------------------------------------

Execution Time: 0.987030 seconds
Exit code: 0
Extracted time: 0.987030

=== openmp (N=2000, M=1500, iter=1) ===
Executing OpenMP Version
Matrix Size: N=2000, M=1500
Num threads: 8
--- Input Matrix (Snippet) ---
  0.1784   0.3997   0.1666   0.2121   0.0619   0.0541   0.2757   0.0478 
  0.5231   0.4570   0.4980   0.9980   0.9538   0.4599   0.6245   0.8193 
  0.6835   0.2185   0.1961   0.0248   0.6727   0.5442   0.9639   0.2818 
  0.6730   0.3860   0.7919   0.3859   0.4882   0.1123   0.5655   0.3819 
  0.1672   0.1685   0.5519   0.6728   0.6104   0.7387   0.7906   0.5769 
  0.2896   0.8828   0.9025   0.7990   0.6499   0.1416   0.2104   0.8247 
  0.4815   0.6118   0.5401   0.8225   0.6975   0.4157   0.2738   0.2554 
  0.5062   0.5588   0.9413   0.5000   0.5328   0.1062   0.3400   0.7122 
---------------------------------------

--- Output Correlation Matrix (Snippet) ---
  1.0000   0.0111  -0.0267  -0.0267  -0.0210   0.0113   0.0004   0.0095 
  0.0111   1.0000  -0.0268   0.0110   0.0518  -0.0168   0.0241   0.0123 
 -0.0267  -0.0268   1.0000   0.0289   0.0020  -0.0170  -0.0226  -0.0030 
 -0.0267   0.0110   0.0289   1.0000   0.0178  -0.0459   0.0215  -0.0381 
 -0.0210   0.0518   0.0020   0.0178   1.0000   0.0124  -0.0130  -0.0079 
  0.0113  -0.0168  -0.0170  -0.0459   0.0124   1.0000   0.0043   0.0352 
  0.0004   0.0241  -0.0226   0.0215  -0.0130   0.0043   1.0000  -0.0296 
  0.0095   0.0123  -0.0030  -0.0381  -0.0079   0.0352  -0.0296   1.0000 
---------------------------------------

Execution Time: 1.570424 seconds
Exit code: 0
Extracted time: 1.570424

=== openmp (N=2000, M=1500, iter=2) ===
Executing OpenMP Version
Matrix Size: N=2000, M=1500
Num threads: 8
--- Input Matrix (Snippet) ---
  0.1784   0.3997   0.1666   0.2121   0.0619   0.0541   0.2757   0.0478 
  0.5231   0.4570   0.4980   0.9980   0.9538   0.4599   0.6245   0.8193 
  0.6835   0.2185   0.1961   0.0248   0.6727   0.5442   0.9639   0.2818 
  0.6730   0.3860   0.7919   0.3859   0.4882   0.1123   0.5655   0.3819 
  0.1672   0.1685   0.5519   0.6728   0.6104   0.7387   0.7906   0.5769 
  0.2896   0.8828   0.9025   0.7990   0.6499   0.1416   0.2104   0.8247 
  0.4815   0.6118   0.5401   0.8225   0.6975   0.4157   0.2738   0.2554 
  0.5062   0.5588   0.9413   0.5000   0.5328   0.1062   0.3400   0.7122 
---------------------------------------

--- Output Correlation Matrix (Snippet) ---
  1.0000   0.0111  -0.0267  -0.0267  -0.0210   0.0113   0.0004   0.0095 
  0.0111   1.0000  -0.0268   0.0110   0.0518  -0.0168   0.0241   0.0123 
 -0.0267  -0.0268   1.0000   0.0289   0.0020  -0.0170  -0.0226  -0.0030 
 -0.0267   0.0110   0.0289   1.0000   0.0178  -0.0459   0.0215  -0.0381 
 -0.0210   0.0518   0.0020   0.0178   1.0000   0.0124  -0.0130  -0.0079 
  0.0113  -0.0168  -0.0170  -0.0459   0.0124   1.0000   0.0043   0.0352 
  0.0004   0.0241  -0.0226   0.0215  -0.0130   0.0043   1.0000  -0.0296 
  0.0095   0.0123  -0.0030  -0.0381  -0.0079   0.0352  -0.0296   1.0000 
---------------------------------------

Execution Time: 1.456816 seconds
Exit code: 0
Extracted time: 1.456816

=== openmp (N=2000, M=1500, iter=3) ===
Executing OpenMP Version
Matrix Size: N=2000, M=1500
Num threads: 8
--- Input Matrix (Snippet) ---
  0.1784   0.3997   0.1666   0.2121   0.0619   0.0541   0.2757   0.0478 
  0.5231   0.4570   0.4980   0.9980   0.9538   0.4599   0.6245   0.8193 
  0.6835   0.2185   0.1961   0.0248   0.6727   0.5442   0.9639   0.2818 
  0.6730   0.3860   0.7919   0.3859   0.4882   0.1123   0.5655   0.3819 
  0.1672   0.1685   0.5519   0.6728   0.6104   0.7387   0.7906   0.5769 
  0.2896   0.8828   0.9025   0.7990   0.6499   0.1416   0.2104   0.8247 
  0.4815   0.6118   0.5401   0.8225   0.6975   0.4157   0.2738   0.2554 
  0.5062   0.5588   0.9413   0.5000   0.5328   0.1062   0.3400   0.7122 
---------------------------------------

--- Output Correlation Matrix (Snippet) ---
  1.0000   0.0111  -0.0267  -0.0267  -0.0210   0.0113   0.0004   0.0095 
  0.0111   1.0000  -0.0268   0.0110   0.0518  -0.0168   0.0241   0.0123 
 -0.0267  -0.0268   1.0000   0.0289   0.0020  -0.0170  -0.0226  -0.0030 
 -0.0267   0.0110   0.0289   1.0000   0.0178  -0.0459   0.0215  -0.0381 
 -0.0210   0.0518   0.0020   0.0178   1.0000   0.0124  -0.0130  -0.0079 
  0.0113  -0.0168  -0.0170  -0.0459   0.0124   1.0000   0.0043   0.0352 
  0.0004   0.0241  -0.0226   0.0215  -0.0130   0.0043   1.0000  -0.0296 
  0.0095   0.0123  -0.0030  -0.0381  -0.0079   0.0352  -0.0296   1.0000 
---------------------------------------

Execution Time: 1.407699 seconds
Exit code: 0
Extracted time: 1.407699

=== openmp (N=2000, M=2000, iter=1) ===
Executing OpenMP Version
Matrix Size: N=2000, M=2000
Num threads: 8
--- Input Matrix (Snippet) ---
  0.1784   0.3997   0.1666   0.2121   0.0619   0.0541   0.2757   0.0478 
  0.2355   0.3513   0.2187   0.2880   0.0186   0.3609   0.1549   0.3504 
  0.7361   0.6262   0.2348   0.0727   0.7465   0.0340   0.4242   0.2949 
  0.1672   0.1685   0.5519   0.6728   0.6104   0.7387   0.7906   0.5769 
  0.9290   0.7971   0.1292   0.8444   0.4470   0.9848   0.7467   0.6753 
  0.6577   0.0369   0.3331   0.8758   0.2217   0.6708   0.6280   0.0000 
  0.9311   0.2895   0.4608   0.4579   0.4643   0.0754   0.2606   0.6549 
  0.2649   0.2373   0.6548   0.4642   0.2228   0.6153   0.1826   0.9288 
---------------------------------------

--- Output Correlation Matrix (Snippet) ---
  1.0000  -0.0069  -0.0270  -0.0283   0.0410  -0.0121  -0.0445  -0.0154 
 -0.0069   1.0000   0.0227   0.0096  -0.0277  -0.0158   0.0245   0.0515 
 -0.0270   0.0227   1.0000   0.0181  -0.0084  -0.0181   0.0164   0.0039 
 -0.0283   0.0096   0.0181   1.0000  -0.0407   0.0316   0.0226   0.0055 
  0.0410  -0.0277  -0.0084  -0.0407   1.0000  -0.0453   0.0127  -0.0128 
 -0.0121  -0.0158  -0.0181   0.0316  -0.0453   1.0000  -0.0070  -0.0285 
 -0.0445   0.0245   0.0164   0.0226   0.0127  -0.0070   1.0000   0.0225 
 -0.0154   0.0515   0.0039   0.0055  -0.0128  -0.0285   0.0225   1.0000 
---------------------------------------

Execution Time: 1.374426 seconds
Exit code: 0
Extracted time: 1.374426

=== openmp (N=2000, M=2000, iter=2) ===
Executing OpenMP Version
Matrix Size: N=2000, M=2000
Num threads: 8
--- Input Matrix (Snippet) ---
  0.1784   0.3997   0.1666   0.2121   0.0619   0.0541   0.2757   0.0478 
  0.2355   0.3513   0.2187   0.2880   0.0186   0.3609   0.1549   0.3504 
  0.7361   0.6262   0.2348   0.0727   0.7465   0.0340   0.4242   0.2949 
  0.1672   0.1685   0.5519   0.6728   0.6104   0.7387   0.7906   0.5769 
  0.9290   0.7971   0.1292   0.8444   0.4470   0.9848   0.7467   0.6753 
  0.6577   0.0369   0.3331   0.8758   0.2217   0.6708   0.6280   0.0000 
  0.9311   0.2895   0.4608   0.4579   0.4643   0.0754   0.2606   0.6549 
  0.2649   0.2373   0.6548   0.4642   0.2228   0.6153   0.1826   0.9288 
---------------------------------------

--- Output Correlation Matrix (Snippet) ---
  1.0000  -0.0069  -0.0270  -0.0283   0.0410  -0.0121  -0.0445  -0.0154 
 -0.0069   1.0000   0.0227   0.0096  -0.0277  -0.0158   0.0245   0.0515 
 -0.0270   0.0227   1.0000   0.0181  -0.0084  -0.0181   0.0164   0.0039 
 -0.0283   0.0096   0.0181   1.0000  -0.0407   0.0316   0.0226   0.0055 
  0.0410  -0.0277  -0.0084  -0.0407   1.0000  -0.0453   0.0127  -0.0128 
 -0.0121  -0.0158  -0.0181   0.0316  -0.0453   1.0000  -0.0070  -0.0285 
 -0.0445   0.0245   0.0164   0.0226   0.0127  -0.0070   1.0000   0.0225 
 -0.0154   0.0515   0.0039   0.0055  -0.0128  -0.0285   0.0225   1.0000 
---------------------------------------

Execution Time: 1.349248 seconds
Exit code: 0
Extracted time: 1.349248

=== openmp (N=2000, M=2000, iter=3) ===
Executing OpenMP Version
Matrix Size: N=2000, M=2000
Num threads: 8
--- Input Matrix (Snippet) ---
  0.1784   0.3997   0.1666   0.2121   0.0619   0.0541   0.2757   0.0478 
  0.2355   0.3513   0.2187   0.2880   0.0186   0.3609   0.1549   0.3504 
  0.7361   0.6262   0.2348   0.0727   0.7465   0.0340   0.4242   0.2949 
  0.1672   0.1685   0.5519   0.6728   0.6104   0.7387   0.7906   0.5769 
  0.9290   0.7971   0.1292   0.8444   0.4470   0.9848   0.7467   0.6753 
  0.6577   0.0369   0.3331   0.8758   0.2217   0.6708   0.6280   0.0000 
  0.9311   0.2895   0.4608   0.4579   0.4643   0.0754   0.2606   0.6549 
  0.2649   0.2373   0.6548   0.4642   0.2228   0.6153   0.1826   0.9288 
---------------------------------------

--- Output Correlation Matrix (Snippet) ---
  1.0000  -0.0069  -0.0270  -0.0283   0.0410  -0.0121  -0.0445  -0.0154 
 -0.0069   1.0000   0.0227   0.0096  -0.0277  -0.0158   0.0245   0.0515 
 -0.0270   0.0227   1.0000   0.0181  -0.0084  -0.0181   0.0164   0.0039 
 -0.0283   0.0096   0.0181   1.0000  -0.0407   0.0316   0.0226   0.0055 
  0.0410  -0.0277  -0.0084  -0.0407   1.0000  -0.0453   0.0127  -0.0128 
 -0.0121  -0.0158  -0.0181   0.0316  -0.0453   1.0000  -0.0070  -0.0285 
 -0.0445   0.0245   0.0164   0.0226   0.0127  -0.0070   1.0000   0.0225 
 -0.0154   0.0515   0.0039   0.0055  -0.0128  -0.0285   0.0225   1.0000 
---------------------------------------

Execution Time: 1.347645 seconds
Exit code: 0
Extracted time: 1.347645

=== openmp (N=2000, M=2500, iter=1) ===
Executing OpenMP Version
Matrix Size: N=2000, M=2500
Num threads: 8
--- Input Matrix (Snippet) ---
  0.1784   0.3997   0.1666   0.2121   0.0619   0.0541   0.2757   0.0478 
  0.2459   0.4850   0.0104   0.8695   0.6495   0.6553   0.0003   0.2781 
  0.9063   0.4440   0.7253   0.1379   0.7956   0.9051   0.0964   0.8206 
  0.2896   0.8828   0.9025   0.7990   0.6499   0.1416   0.2104   0.8247 
  0.6577   0.0369   0.3331   0.8758   0.2217   0.6708   0.6280   0.0000 
  0.0891   0.9237   0.8383   0.8221   0.7560   0.6990   0.3387   0.4892 
  0.7794   0.8132   0.7432   0.9474   0.3793   0.9794   0.6384   0.6187 
  0.0842   0.1832   0.3542   0.9223   0.4774   0.3511   0.6550   0.4676 
---------------------------------------

--- Output Correlation Matrix (Snippet) ---
  1.0000   0.0305  -0.0212   0.0233  -0.0160  -0.0192   0.0017  -0.0016 
  0.0305   1.0000   0.0092   0.0212   0.0022   0.0280  -0.0362  -0.0159 
 -0.0212   0.0092   1.0000  -0.0060   0.0119   0.0228  -0.0218  -0.0016 
  0.0233   0.0212  -0.0060   1.0000  -0.0190  -0.0385  -0.0178   0.0073 
 -0.0160   0.0022   0.0119  -0.0190   1.0000   0.0217   0.0011  -0.0372 
 -0.0192   0.0280   0.0228  -0.0385   0.0217   1.0000  -0.0358  -0.0005 
  0.0017  -0.0362  -0.0218  -0.0178   0.0011  -0.0358   1.0000   0.0276 
 -0.0016  -0.0159  -0.0016   0.0073  -0.0372  -0.0005   0.0276   1.0000 
---------------------------------------

Execution Time: 1.647843 seconds
Exit code: 0
Extracted time: 1.647843

=== openmp (N=2000, M=2500, iter=2) ===
Executing OpenMP Version
Matrix Size: N=2000, M=2500
Num threads: 8
--- Input Matrix (Snippet) ---
  0.1784   0.3997   0.1666   0.2121   0.0619   0.0541   0.2757   0.0478 
  0.2459   0.4850   0.0104   0.8695   0.6495   0.6553   0.0003   0.2781 
  0.9063   0.4440   0.7253   0.1379   0.7956   0.9051   0.0964   0.8206 
  0.2896   0.8828   0.9025   0.7990   0.6499   0.1416   0.2104   0.8247 
  0.6577   0.0369   0.3331   0.8758   0.2217   0.6708   0.6280   0.0000 
  0.0891   0.9237   0.8383   0.8221   0.7560   0.6990   0.3387   0.4892 
  0.7794   0.8132   0.7432   0.9474   0.3793   0.9794   0.6384   0.6187 
  0.0842   0.1832   0.3542   0.9223   0.4774   0.3511   0.6550   0.4676 
---------------------------------------

--- Output Correlation Matrix (Snippet) ---
  1.0000   0.0305  -0.0212   0.0233  -0.0160  -0.0192   0.0017  -0.0016 
  0.0305   1.0000   0.0092   0.0212   0.0022   0.0280  -0.0362  -0.0159 
 -0.0212   0.0092   1.0000  -0.0060   0.0119   0.0228  -0.0218  -0.0016 
  0.0233   0.0212  -0.0060   1.0000  -0.0190  -0.0385  -0.0178   0.0073 
 -0.0160   0.0022   0.0119  -0.0190   1.0000   0.0217   0.0011  -0.0372 
 -0.0192   0.0280   0.0228  -0.0385   0.0217   1.0000  -0.0358  -0.0005 
  0.0017  -0.0362  -0.0218  -0.0178   0.0011  -0.0358   1.0000   0.0276 
 -0.0016  -0.0159  -0.0016   0.0073  -0.0372  -0.0005   0.0276   1.0000 
---------------------------------------

Execution Time: 1.564029 seconds
Exit code: 0
Extracted time: 1.564029

=== openmp (N=2000, M=2500, iter=3) ===
Executing OpenMP Version
Matrix Size: N=2000, M=2500
Num threads: 8
--- Input Matrix (Snippet) ---
  0.1784   0.3997   0.1666   0.2121   0.0619   0.0541   0.2757   0.0478 
  0.2459   0.4850   0.0104   0.8695   0.6495   0.6553   0.0003   0.2781 
  0.9063   0.4440   0.7253   0.1379   0.7956   0.9051   0.0964   0.8206 
  0.2896   0.8828   0.9025   0.7990   0.6499   0.1416   0.2104   0.8247 
  0.6577   0.0369   0.3331   0.8758   0.2217   0.6708   0.6280   0.0000 
  0.0891   0.9237   0.8383   0.8221   0.7560   0.6990   0.3387   0.4892 
  0.7794   0.8132   0.7432   0.9474   0.3793   0.9794   0.6384   0.6187 
  0.0842   0.1832   0.3542   0.9223   0.4774   0.3511   0.6550   0.4676 
---------------------------------------

--- Output Correlation Matrix (Snippet) ---
  1.0000   0.0305  -0.0212   0.0233  -0.0160  -0.0192   0.0017  -0.0016 
  0.0305   1.0000   0.0092   0.0212   0.0022   0.0280  -0.0362  -0.0159 
 -0.0212   0.0092   1.0000  -0.0060   0.0119   0.0228  -0.0218  -0.0016 
  0.0233   0.0212  -0.0060   1.0000  -0.0190  -0.0385  -0.0178   0.0073 
 -0.0160   0.0022   0.0119  -0.0190   1.0000   0.0217   0.0011  -0.0372 
 -0.0192   0.0280   0.0228  -0.0385   0.0217   1.0000  -0.0358  -0.0005 
  0.0017  -0.0362  -0.0218  -0.0178   0.0011  -0.0358   1.0000   0.0276 
 -0.0016  -0.0159  -0.0016   0.0073  -0.0372  -0.0005   0.0276   1.0000 
---------------------------------------

Execution Time: 1.540454 seconds
Exit code: 0
Extracted time: 1.540454

=== openmp (N=2000, M=3000, iter=1) ===
Executing OpenMP Version
Matrix Size: N=2000, M=3000
Num threads: 8
--- Input Matrix (Snippet) ---
  0.1784   0.3997   0.1666   0.2121   0.0619   0.0541   0.2757   0.0478 
  0.6835   0.2185   0.1961   0.0248   0.6727   0.5442   0.9639   0.2818 
  0.1672   0.1685   0.5519   0.6728   0.6104   0.7387   0.7906   0.5769 
  0.4815   0.6118   0.5401   0.8225   0.6975   0.4157   0.2738   0.2554 
  0.9311   0.2895   0.4608   0.4579   0.4643   0.0754   0.2606   0.6549 
  0.7794   0.8132   0.7432   0.9474   0.3793   0.9794   0.6384   0.6187 
  0.1583   0.6916   0.6599   0.6962   0.3418   0.4218   0.2080   0.0566 
  0.5013   0.8661   0.8181   0.8221   0.2707   0.8748   0.9764   0.6529 
---------------------------------------

--- Output Correlation Matrix (Snippet) ---
  1.0000  -0.0079  -0.0189   0.0064  -0.0058   0.0126   0.0067  -0.0029 
 -0.0079   1.0000  -0.0219  -0.0305  -0.0129   0.0147  -0.0086   0.0305 
 -0.0189  -0.0219   1.0000   0.0110   0.0151   0.0069  -0.0076   0.0224 
  0.0064  -0.0305   0.0110   1.0000  -0.0143   0.0036   0.0036  -0.0167 
 -0.0058  -0.0129   0.0151  -0.0143   1.0000   0.0173  -0.0375  -0.0020 
  0.0126   0.0147   0.0069   0.0036   0.0173   1.0000  -0.0245   0.0187 
  0.0067  -0.0086  -0.0076   0.0036  -0.0375  -0.0245   1.0000  -0.0087 
 -0.0029   0.0305   0.0224  -0.0167  -0.0020   0.0187  -0.0087   1.0000 
---------------------------------------

Execution Time: 1.983791 seconds
Exit code: 0
Extracted time: 1.983791

=== openmp (N=2000, M=3000, iter=2) ===
Executing OpenMP Version
Matrix Size: N=2000, M=3000
Num threads: 8
--- Input Matrix (Snippet) ---
  0.1784   0.3997   0.1666   0.2121   0.0619   0.0541   0.2757   0.0478 
  0.6835   0.2185   0.1961   0.0248   0.6727   0.5442   0.9639   0.2818 
  0.1672   0.1685   0.5519   0.6728   0.6104   0.7387   0.7906   0.5769 
  0.4815   0.6118   0.5401   0.8225   0.6975   0.4157   0.2738   0.2554 
  0.9311   0.2895   0.4608   0.4579   0.4643   0.0754   0.2606   0.6549 
  0.7794   0.8132   0.7432   0.9474   0.3793   0.9794   0.6384   0.6187 
  0.1583   0.6916   0.6599   0.6962   0.3418   0.4218   0.2080   0.0566 
  0.5013   0.8661   0.8181   0.8221   0.2707   0.8748   0.9764   0.6529 
---------------------------------------

--- Output Correlation Matrix (Snippet) ---
  1.0000  -0.0079  -0.0189   0.0064  -0.0058   0.0126   0.0067  -0.0029 
 -0.0079   1.0000  -0.0219  -0.0305  -0.0129   0.0147  -0.0086   0.0305 
 -0.0189  -0.0219   1.0000   0.0110   0.0151   0.0069  -0.0076   0.0224 
  0.0064  -0.0305   0.0110   1.0000  -0.0143   0.0036   0.0036  -0.0167 
 -0.0058  -0.0129   0.0151  -0.0143   1.0000   0.0173  -0.0375  -0.0020 
  0.0126   0.0147   0.0069   0.0036   0.0173   1.0000  -0.0245   0.0187 
  0.0067  -0.0086  -0.0076   0.0036  -0.0375  -0.0245   1.0000  -0.0087 
 -0.0029   0.0305   0.0224  -0.0167  -0.0020   0.0187  -0.0087   1.0000 
---------------------------------------

Execution Time: 2.082743 seconds
Exit code: 0
Extracted time: 2.082743

=== openmp (N=2000, M=3000, iter=3) ===
Executing OpenMP Version
Matrix Size: N=2000, M=3000
Num threads: 8
--- Input Matrix (Snippet) ---
  0.1784   0.3997   0.1666   0.2121   0.0619   0.0541   0.2757   0.0478 
  0.6835   0.2185   0.1961   0.0248   0.6727   0.5442   0.9639   0.2818 
  0.1672   0.1685   0.5519   0.6728   0.6104   0.7387   0.7906   0.5769 
  0.4815   0.6118   0.5401   0.8225   0.6975   0.4157   0.2738   0.2554 
  0.9311   0.2895   0.4608   0.4579   0.4643   0.0754   0.2606   0.6549 
  0.7794   0.8132   0.7432   0.9474   0.3793   0.9794   0.6384   0.6187 
  0.1583   0.6916   0.6599   0.6962   0.3418   0.4218   0.2080   0.0566 
  0.5013   0.8661   0.8181   0.8221   0.2707   0.8748   0.9764   0.6529 
---------------------------------------

--- Output Correlation Matrix (Snippet) ---
  1.0000  -0.0079  -0.0189   0.0064  -0.0058   0.0126   0.0067  -0.0029 
 -0.0079   1.0000  -0.0219  -0.0305  -0.0129   0.0147  -0.0086   0.0305 
 -0.0189  -0.0219   1.0000   0.0110   0.0151   0.0069  -0.0076   0.0224 
  0.0064  -0.0305   0.0110   1.0000  -0.0143   0.0036   0.0036  -0.0167 
 -0.0058  -0.0129   0.0151  -0.0143   1.0000   0.0173  -0.0375  -0.0020 
  0.0126   0.0147   0.0069   0.0036   0.0173   1.0000  -0.0245   0.0187 
  0.0067  -0.0086  -0.0076   0.0036  -0.0375  -0.0245   1.0000  -0.0087 
 -0.0029   0.0305   0.0224  -0.0167  -0.0020   0.0187  -0.0087   1.0000 
---------------------------------------

Execution Time: 1.968929 seconds
Exit code: 0
Extracted time: 1.968929

=== cuda (N=100, M=500, iter=1) ===
Executing CUDA Version
Matrix Size: N=100, M=500
Using GPU: NVIDIA GeForce MX230
Compute Capability: 6.1
Global Memory: 4.00 GB
--- Input Matrix (Snippet) ---
  0.1784   0.3997   0.1666   0.2121   0.0619   0.0541   0.2757   0.0478 
  0.7832   0.1713   0.3731   0.1762   0.4492   0.9714   0.9770   0.4063 
  0.8579   0.2793   0.3497   0.6058   0.0737   0.1928   0.5753   0.2738 
  0.5231   0.4570   0.4980   0.9980   0.9538   0.4599   0.6245   0.8193 
  0.2355   0.3513   0.2187   0.2880   0.0186   0.3609   0.1549   0.3504 
  0.2459   0.4850   0.0104   0.8695   0.6495   0.6553   0.0003   0.2781 
  0.6835   0.2185   0.1961   0.0248   0.6727   0.5442   0.9639   0.2818 
  0.7949   0.9540   0.3739   0.6583   0.6555   0.8941   0.8713   0.9372 
---------------------------------------

--- Output Correlation Matrix (Snippet) ---
  1.0000   0.0256   0.0236  -0.0521   0.0384   0.0583   0.0019  -0.0393 
  0.0256   1.0000  -0.0126  -0.0000   0.0707   0.0208   0.0440  -0.0621 
  0.0236  -0.0126   1.0000  -0.0210  -0.0033   0.0142  -0.0386   0.0410 
 -0.0521  -0.0000  -0.0210   1.0000   0.0182   0.0262  -0.0804  -0.0467 
  0.0384   0.0707  -0.0033   0.0182   1.0000   0.0061  -0.0249  -0.0272 
  0.0583   0.0208   0.0142   0.0262   0.0061   1.0000  -0.1227   0.0816 
  0.0019   0.0440  -0.0386  -0.0804  -0.0249  -0.1227   1.0000   0.0038 
 -0.0393  -0.0621   0.0410  -0.0467  -0.0272   0.0816   0.0038   1.0000 
---------------------------------------

Execution Time: 0.004658 seconds
Exit code: 0
Extracted time: 0.004658

=== cuda (N=100, M=500, iter=2) ===
Executing CUDA Version
Matrix Size: N=100, M=500
Using GPU: NVIDIA GeForce MX230
Compute Capability: 6.1
Global Memory: 4.00 GB
--- Input Matrix (Snippet) ---
  0.1784   0.3997   0.1666   0.2121   0.0619   0.0541   0.2757   0.0478 
  0.7832   0.1713   0.3731   0.1762   0.4492   0.9714   0.9770   0.4063 
  0.8579   0.2793   0.3497   0.6058   0.0737   0.1928   0.5753   0.2738 
  0.5231   0.4570   0.4980   0.9980   0.9538   0.4599   0.6245   0.8193 
  0.2355   0.3513   0.2187   0.2880   0.0186   0.3609   0.1549   0.3504 
  0.2459   0.4850   0.0104   0.8695   0.6495   0.6553   0.0003   0.2781 
  0.6835   0.2185   0.1961   0.0248   0.6727   0.5442   0.9639   0.2818 
  0.7949   0.9540   0.3739   0.6583   0.6555   0.8941   0.8713   0.9372 
---------------------------------------

--- Output Correlation Matrix (Snippet) ---
  1.0000   0.0256   0.0236  -0.0521   0.0384   0.0583   0.0019  -0.0393 
  0.0256   1.0000  -0.0126  -0.0000   0.0707   0.0208   0.0440  -0.0621 
  0.0236  -0.0126   1.0000  -0.0210  -0.0033   0.0142  -0.0386   0.0410 
 -0.0521  -0.0000  -0.0210   1.0000   0.0182   0.0262  -0.0804  -0.0467 
  0.0384   0.0707  -0.0033   0.0182   1.0000   0.0061  -0.0249  -0.0272 
  0.0583   0.0208   0.0142   0.0262   0.0061   1.0000  -0.1227   0.0816 
  0.0019   0.0440  -0.0386  -0.0804  -0.0249  -0.1227   1.0000   0.0038 
 -0.0393  -0.0621   0.0410  -0.0467  -0.0272   0.0816   0.0038   1.0000 
---------------------------------------

Execution Time: 0.003054 seconds
Exit code: 0
Extracted time: 0.003054

=== cuda (N=100, M=500, iter=3) ===
Executing CUDA Version
Matrix Size: N=100, M=500
Using GPU: NVIDIA GeForce MX230
Compute Capability: 6.1
Global Memory: 4.00 GB
--- Input Matrix (Snippet) ---
  0.1784   0.3997   0.1666   0.2121   0.0619   0.0541   0.2757   0.0478 
  0.7832   0.1713   0.3731   0.1762   0.4492   0.9714   0.9770   0.4063 
  0.8579   0.2793   0.3497   0.6058   0.0737   0.1928   0.5753   0.2738 
  0.5231   0.4570   0.4980   0.9980   0.9538   0.4599   0.6245   0.8193 
  0.2355   0.3513   0.2187   0.2880   0.0186   0.3609   0.1549   0.3504 
  0.2459   0.4850   0.0104   0.8695   0.6495   0.6553   0.0003   0.2781 
  0.6835   0.2185   0.1961   0.0248   0.6727   0.5442   0.9639   0.2818 
  0.7949   0.9540   0.3739   0.6583   0.6555   0.8941   0.8713   0.9372 
---------------------------------------

--- Output Correlation Matrix (Snippet) ---
  1.0000   0.0256   0.0236  -0.0521   0.0384   0.0583   0.0019  -0.0393 
  0.0256   1.0000  -0.0126  -0.0000   0.0707   0.0208   0.0440  -0.0621 
  0.0236  -0.0126   1.0000  -0.0210  -0.0033   0.0142  -0.0386   0.0410 
 -0.0521  -0.0000  -0.0210   1.0000   0.0182   0.0262  -0.0804  -0.0467 
  0.0384   0.0707  -0.0033   0.0182   1.0000   0.0061  -0.0249  -0.0272 
  0.0583   0.0208   0.0142   0.0262   0.0061   1.0000  -0.1227   0.0816 
  0.0019   0.0440  -0.0386  -0.0804  -0.0249  -0.1227   1.0000   0.0038 
 -0.0393  -0.0621   0.0410  -0.0467  -0.0272   0.0816   0.0038   1.0000 
---------------------------------------

Execution Time: 0.003306 seconds
Exit code: 0
Extracted time: 0.003306

=== cuda (N=100, M=1000, iter=1) ===
Executing CUDA Version
Matrix Size: N=100, M=1000
Using GPU: NVIDIA GeForce MX230
Compute Capability: 6.1
Global Memory: 4.00 GB
--- Input Matrix (Snippet) ---
  0.1784   0.3997   0.1666   0.2121   0.0619   0.0541   0.2757   0.0478 
  0.8579   0.2793   0.3497   0.6058   0.0737   0.1928   0.5753   0.2738 
  0.2355   0.3513   0.2187   0.2880   0.0186   0.3609   0.1549   0.3504 
  0.6835   0.2185   0.1961   0.0248   0.6727   0.5442   0.9639   0.2818 
  0.7361   0.6262   0.2348   0.0727   0.7465   0.0340   0.4242   0.2949 
  0.9063   0.4440   0.7253   0.1379   0.7956   0.9051   0.0964   0.8206 
  0.1672   0.1685   0.5519   0.6728   0.6104   0.7387   0.7906   0.5769 
  0.3751   0.2483   0.8508   0.0803   0.3567   0.4930   0.2261   0.4608 
---------------------------------------

--- Output Correlation Matrix (Snippet) ---
  1.0000   0.0109   0.0293  -0.0304   0.0102   0.0139   0.0044  -0.0106 
  0.0109   1.0000   0.0119  -0.0427  -0.0041  -0.0632  -0.0605  -0.0605 
  0.0293   0.0119   1.0000   0.0276   0.0204   0.0119   0.0083   0.0077 
 -0.0304  -0.0427   0.0276   1.0000   0.0269   0.0239   0.0206   0.0100 
  0.0102  -0.0041   0.0204   0.0269   1.0000   0.0015  -0.0140  -0.0381 
  0.0139  -0.0632   0.0119   0.0239   0.0015   1.0000  -0.0124   0.0481 
  0.0044  -0.0605   0.0083   0.0206  -0.0140  -0.0124   1.0000   0.0370 
 -0.0106  -0.0605   0.0077   0.0100  -0.0381   0.0481   0.0370   1.0000 
---------------------------------------

Execution Time: 0.004570 seconds
Exit code: 0
Extracted time: 0.004570

=== cuda (N=100, M=1000, iter=2) ===
Executing CUDA Version
Matrix Size: N=100, M=1000
Using GPU: NVIDIA GeForce MX230
Compute Capability: 6.1
Global Memory: 4.00 GB
--- Input Matrix (Snippet) ---
  0.1784   0.3997   0.1666   0.2121   0.0619   0.0541   0.2757   0.0478 
  0.8579   0.2793   0.3497   0.6058   0.0737   0.1928   0.5753   0.2738 
  0.2355   0.3513   0.2187   0.2880   0.0186   0.3609   0.1549   0.3504 
  0.6835   0.2185   0.1961   0.0248   0.6727   0.5442   0.9639   0.2818 
  0.7361   0.6262   0.2348   0.0727   0.7465   0.0340   0.4242   0.2949 
  0.9063   0.4440   0.7253   0.1379   0.7956   0.9051   0.0964   0.8206 
  0.1672   0.1685   0.5519   0.6728   0.6104   0.7387   0.7906   0.5769 
  0.3751   0.2483   0.8508   0.0803   0.3567   0.4930   0.2261   0.4608 
---------------------------------------

--- Output Correlation Matrix (Snippet) ---
  1.0000   0.0109   0.0293  -0.0304   0.0102   0.0139   0.0044  -0.0106 
  0.0109   1.0000   0.0119  -0.0427  -0.0041  -0.0632  -0.0605  -0.0605 
  0.0293   0.0119   1.0000   0.0276   0.0204   0.0119   0.0083   0.0077 
 -0.0304  -0.0427   0.0276   1.0000   0.0269   0.0239   0.0206   0.0100 
  0.0102  -0.0041   0.0204   0.0269   1.0000   0.0015  -0.0140  -0.0381 
  0.0139  -0.0632   0.0119   0.0239   0.0015   1.0000  -0.0124   0.0481 
  0.0044  -0.0605   0.0083   0.0206  -0.0140  -0.0124   1.0000   0.0370 
 -0.0106  -0.0605   0.0077   0.0100  -0.0381   0.0481   0.0370   1.0000 
---------------------------------------

Execution Time: 0.003802 seconds
Exit code: 0
Extracted time: 0.003802

=== cuda (N=100, M=1000, iter=3) ===
Executing CUDA Version
Matrix Size: N=100, M=1000
Using GPU: NVIDIA GeForce MX230
Compute Capability: 6.1
Global Memory: 4.00 GB
--- Input Matrix (Snippet) ---
  0.1784   0.3997   0.1666   0.2121   0.0619   0.0541   0.2757   0.0478 
  0.8579   0.2793   0.3497   0.6058   0.0737   0.1928   0.5753   0.2738 
  0.2355   0.3513   0.2187   0.2880   0.0186   0.3609   0.1549   0.3504 
  0.6835   0.2185   0.1961   0.0248   0.6727   0.5442   0.9639   0.2818 
  0.7361   0.6262   0.2348   0.0727   0.7465   0.0340   0.4242   0.2949 
  0.9063   0.4440   0.7253   0.1379   0.7956   0.9051   0.0964   0.8206 
  0.1672   0.1685   0.5519   0.6728   0.6104   0.7387   0.7906   0.5769 
  0.3751   0.2483   0.8508   0.0803   0.3567   0.4930   0.2261   0.4608 
---------------------------------------

--- Output Correlation Matrix (Snippet) ---
  1.0000   0.0109   0.0293  -0.0304   0.0102   0.0139   0.0044  -0.0106 
  0.0109   1.0000   0.0119  -0.0427  -0.0041  -0.0632  -0.0605  -0.0605 
  0.0293   0.0119   1.0000   0.0276   0.0204   0.0119   0.0083   0.0077 
 -0.0304  -0.0427   0.0276   1.0000   0.0269   0.0239   0.0206   0.0100 
  0.0102  -0.0041   0.0204   0.0269   1.0000   0.0015  -0.0140  -0.0381 
  0.0139  -0.0632   0.0119   0.0239   0.0015   1.0000  -0.0124   0.0481 
  0.0044  -0.0605   0.0083   0.0206  -0.0140  -0.0124   1.0000   0.0370 
 -0.0106  -0.0605   0.0077   0.0100  -0.0381   0.0481   0.0370   1.0000 
---------------------------------------

Execution Time: 0.003783 seconds
Exit code: 0
Extracted time: 0.003783

=== cuda (N=100, M=1500, iter=1) ===
Executing CUDA Version
Matrix Size: N=100, M=1500
Using GPU: NVIDIA GeForce MX230
Compute Capability: 6.1
Global Memory: 4.00 GB
--- Input Matrix (Snippet) ---
  0.1784   0.3997   0.1666   0.2121   0.0619   0.0541   0.2757   0.0478 
  0.5231   0.4570   0.4980   0.9980   0.9538   0.4599   0.6245   0.8193 
  0.6835   0.2185   0.1961   0.0248   0.6727   0.5442   0.9639   0.2818 
  0.6730   0.3860   0.7919   0.3859   0.4882   0.1123   0.5655   0.3819 
  0.1672   0.1685   0.5519   0.6728   0.6104   0.7387   0.7906   0.5769 
  0.2896   0.8828   0.9025   0.7990   0.6499   0.1416   0.2104   0.8247 
  0.4815   0.6118   0.5401   0.8225   0.6975   0.4157   0.2738   0.2554 
  0.5062   0.5588   0.9413   0.5000   0.5328   0.1062   0.3400   0.7122 
---------------------------------------

--- Output Correlation Matrix (Snippet) ---
  1.0000   0.0111  -0.0267  -0.0267  -0.0210   0.0113   0.0004   0.0095 
  0.0111   1.0000  -0.0268   0.0110   0.0518  -0.0168   0.0241   0.0123 
 -0.0267  -0.0268   1.0000   0.0289   0.0020  -0.0170  -0.0226  -0.0030 
 -0.0267   0.0110   0.0289   1.0000   0.0178  -0.0459   0.0215  -0.0381 
 -0.0210   0.0518   0.0020   0.0178   1.0000   0.0124  -0.0130  -0.0079 
  0.0113  -0.0168  -0.0170  -0.0459   0.0124   1.0000   0.0043   0.0352 
  0.0004   0.0241  -0.0226   0.0215  -0.0130   0.0043   1.0000  -0.0296 
  0.0095   0.0123  -0.0030  -0.0381  -0.0079   0.0352  -0.0296   1.0000 
---------------------------------------

Execution Time: 0.004333 seconds
Exit code: 0
Extracted time: 0.004333

=== cuda (N=100, M=1500, iter=2) ===
Executing CUDA Version
Matrix Size: N=100, M=1500
Using GPU: NVIDIA GeForce MX230
Compute Capability: 6.1
Global Memory: 4.00 GB
--- Input Matrix (Snippet) ---
  0.1784   0.3997   0.1666   0.2121   0.0619   0.0541   0.2757   0.0478 
  0.5231   0.4570   0.4980   0.9980   0.9538   0.4599   0.6245   0.8193 
  0.6835   0.2185   0.1961   0.0248   0.6727   0.5442   0.9639   0.2818 
  0.6730   0.3860   0.7919   0.3859   0.4882   0.1123   0.5655   0.3819 
  0.1672   0.1685   0.5519   0.6728   0.6104   0.7387   0.7906   0.5769 
  0.2896   0.8828   0.9025   0.7990   0.6499   0.1416   0.2104   0.8247 
  0.4815   0.6118   0.5401   0.8225   0.6975   0.4157   0.2738   0.2554 
  0.5062   0.5588   0.9413   0.5000   0.5328   0.1062   0.3400   0.7122 
---------------------------------------

--- Output Correlation Matrix (Snippet) ---
  1.0000   0.0111  -0.0267  -0.0267  -0.0210   0.0113   0.0004   0.0095 
  0.0111   1.0000  -0.0268   0.0110   0.0518  -0.0168   0.0241   0.0123 
 -0.0267  -0.0268   1.0000   0.0289   0.0020  -0.0170  -0.0226  -0.0030 
 -0.0267   0.0110   0.0289   1.0000   0.0178  -0.0459   0.0215  -0.0381 
 -0.0210   0.0518   0.0020   0.0178   1.0000   0.0124  -0.0130  -0.0079 
  0.0113  -0.0168  -0.0170  -0.0459   0.0124   1.0000   0.0043   0.0352 
  0.0004   0.0241  -0.0226   0.0215  -0.0130   0.0043   1.0000  -0.0296 
  0.0095   0.0123  -0.0030  -0.0381  -0.0079   0.0352  -0.0296   1.0000 
---------------------------------------

Execution Time: 0.004758 seconds
Exit code: 0
Extracted time: 0.004758

=== cuda (N=100, M=1500, iter=3) ===
Executing CUDA Version
Matrix Size: N=100, M=1500
Using GPU: NVIDIA GeForce MX230
Compute Capability: 6.1
Global Memory: 4.00 GB
--- Input Matrix (Snippet) ---
  0.1784   0.3997   0.1666   0.2121   0.0619   0.0541   0.2757   0.0478 
  0.5231   0.4570   0.4980   0.9980   0.9538   0.4599   0.6245   0.8193 
  0.6835   0.2185   0.1961   0.0248   0.6727   0.5442   0.9639   0.2818 
  0.6730   0.3860   0.7919   0.3859   0.4882   0.1123   0.5655   0.3819 
  0.1672   0.1685   0.5519   0.6728   0.6104   0.7387   0.7906   0.5769 
  0.2896   0.8828   0.9025   0.7990   0.6499   0.1416   0.2104   0.8247 
  0.4815   0.6118   0.5401   0.8225   0.6975   0.4157   0.2738   0.2554 
  0.5062   0.5588   0.9413   0.5000   0.5328   0.1062   0.3400   0.7122 
---------------------------------------

--- Output Correlation Matrix (Snippet) ---
  1.0000   0.0111  -0.0267  -0.0267  -0.0210   0.0113   0.0004   0.0095 
  0.0111   1.0000  -0.0268   0.0110   0.0518  -0.0168   0.0241   0.0123 
 -0.0267  -0.0268   1.0000   0.0289   0.0020  -0.0170  -0.0226  -0.0030 
 -0.0267   0.0110   0.0289   1.0000   0.0178  -0.0459   0.0215  -0.0381 
 -0.0210   0.0518   0.0020   0.0178   1.0000   0.0124  -0.0130  -0.0079 
  0.0113  -0.0168  -0.0170  -0.0459   0.0124   1.0000   0.0043   0.0352 
  0.0004   0.0241  -0.0226   0.0215  -0.0130   0.0043   1.0000  -0.0296 
  0.0095   0.0123  -0.0030  -0.0381  -0.0079   0.0352  -0.0296   1.0000 
---------------------------------------

Execution Time: 0.004428 seconds
Exit code: 0
Extracted time: 0.004428

=== cuda (N=100, M=2000, iter=1) ===
Executing CUDA Version
Matrix Size: N=100, M=2000
Using GPU: NVIDIA GeForce MX230
Compute Capability: 6.1
Global Memory: 4.00 GB
--- Input Matrix (Snippet) ---
  0.1784   0.3997   0.1666   0.2121   0.0619   0.0541   0.2757   0.0478 
  0.2355   0.3513   0.2187   0.2880   0.0186   0.3609   0.1549   0.3504 
  0.7361   0.6262   0.2348   0.0727   0.7465   0.0340   0.4242   0.2949 
  0.1672   0.1685   0.5519   0.6728   0.6104   0.7387   0.7906   0.5769 
  0.9290   0.7971   0.1292   0.8444   0.4470   0.9848   0.7467   0.6753 
  0.6577   0.0369   0.3331   0.8758   0.2217   0.6708   0.6280   0.0000 
  0.9311   0.2895   0.4608   0.4579   0.4643   0.0754   0.2606   0.6549 
  0.2649   0.2373   0.6548   0.4642   0.2228   0.6153   0.1826   0.9288 
---------------------------------------

--- Output Correlation Matrix (Snippet) ---
  1.0000  -0.0069  -0.0270  -0.0283   0.0410  -0.0121  -0.0445  -0.0154 
 -0.0069   1.0000   0.0227   0.0096  -0.0277  -0.0158   0.0245   0.0515 
 -0.0270   0.0227   1.0000   0.0181  -0.0084  -0.0181   0.0164   0.0039 
 -0.0283   0.0096   0.0181   1.0000  -0.0407   0.0316   0.0226   0.0055 
  0.0410  -0.0277  -0.0084  -0.0407   1.0000  -0.0453   0.0127  -0.0128 
 -0.0121  -0.0158  -0.0181   0.0316  -0.0453   1.0000  -0.0070  -0.0285 
 -0.0445   0.0245   0.0164   0.0226   0.0127  -0.0070   1.0000   0.0225 
 -0.0154   0.0515   0.0039   0.0055  -0.0128  -0.0285   0.0225   1.0000 
---------------------------------------

Execution Time: 0.005195 seconds
Exit code: 0
Extracted time: 0.005195

=== cuda (N=100, M=2000, iter=2) ===
Executing CUDA Version
Matrix Size: N=100, M=2000
Using GPU: NVIDIA GeForce MX230
Compute Capability: 6.1
Global Memory: 4.00 GB
--- Input Matrix (Snippet) ---
  0.1784   0.3997   0.1666   0.2121   0.0619   0.0541   0.2757   0.0478 
  0.2355   0.3513   0.2187   0.2880   0.0186   0.3609   0.1549   0.3504 
  0.7361   0.6262   0.2348   0.0727   0.7465   0.0340   0.4242   0.2949 
  0.1672   0.1685   0.5519   0.6728   0.6104   0.7387   0.7906   0.5769 
  0.9290   0.7971   0.1292   0.8444   0.4470   0.9848   0.7467   0.6753 
  0.6577   0.0369   0.3331   0.8758   0.2217   0.6708   0.6280   0.0000 
  0.9311   0.2895   0.4608   0.4579   0.4643   0.0754   0.2606   0.6549 
  0.2649   0.2373   0.6548   0.4642   0.2228   0.6153   0.1826   0.9288 
---------------------------------------

--- Output Correlation Matrix (Snippet) ---
  1.0000  -0.0069  -0.0270  -0.0283   0.0410  -0.0121  -0.0445  -0.0154 
 -0.0069   1.0000   0.0227   0.0096  -0.0277  -0.0158   0.0245   0.0515 
 -0.0270   0.0227   1.0000   0.0181  -0.0084  -0.0181   0.0164   0.0039 
 -0.0283   0.0096   0.0181   1.0000  -0.0407   0.0316   0.0226   0.0055 
  0.0410  -0.0277  -0.0084  -0.0407   1.0000  -0.0453   0.0127  -0.0128 
 -0.0121  -0.0158  -0.0181   0.0316  -0.0453   1.0000  -0.0070  -0.0285 
 -0.0445   0.0245   0.0164   0.0226   0.0127  -0.0070   1.0000   0.0225 
 -0.0154   0.0515   0.0039   0.0055  -0.0128  -0.0285   0.0225   1.0000 
---------------------------------------

Execution Time: 0.005545 seconds
Exit code: 0
Extracted time: 0.005545

=== cuda (N=100, M=2000, iter=3) ===
Executing CUDA Version
Matrix Size: N=100, M=2000
Using GPU: NVIDIA GeForce MX230
Compute Capability: 6.1
Global Memory: 4.00 GB
--- Input Matrix (Snippet) ---
  0.1784   0.3997   0.1666   0.2121   0.0619   0.0541   0.2757   0.0478 
  0.2355   0.3513   0.2187   0.2880   0.0186   0.3609   0.1549   0.3504 
  0.7361   0.6262   0.2348   0.0727   0.7465   0.0340   0.4242   0.2949 
  0.1672   0.1685   0.5519   0.6728   0.6104   0.7387   0.7906   0.5769 
  0.9290   0.7971   0.1292   0.8444   0.4470   0.9848   0.7467   0.6753 
  0.6577   0.0369   0.3331   0.8758   0.2217   0.6708   0.6280   0.0000 
  0.9311   0.2895   0.4608   0.4579   0.4643   0.0754   0.2606   0.6549 
  0.2649   0.2373   0.6548   0.4642   0.2228   0.6153   0.1826   0.9288 
---------------------------------------

--- Output Correlation Matrix (Snippet) ---
  1.0000  -0.0069  -0.0270  -0.0283   0.0410  -0.0121  -0.0445  -0.0154 
 -0.0069   1.0000   0.0227   0.0096  -0.0277  -0.0158   0.0245   0.0515 
 -0.0270   0.0227   1.0000   0.0181  -0.0084  -0.0181   0.0164   0.0039 
 -0.0283   0.0096   0.0181   1.0000  -0.0407   0.0316   0.0226   0.0055 
  0.0410  -0.0277  -0.0084  -0.0407   1.0000  -0.0453   0.0127  -0.0128 
 -0.0121  -0.0158  -0.0181   0.0316  -0.0453   1.0000  -0.0070  -0.0285 
 -0.0445   0.0245   0.0164   0.0226   0.0127  -0.0070   1.0000   0.0225 
 -0.0154   0.0515   0.0039   0.0055  -0.0128  -0.0285   0.0225   1.0000 
---------------------------------------

Execution Time: 0.005923 seconds
Exit code: 0
Extracted time: 0.005923

=== cuda (N=100, M=2500, iter=1) ===
Executing CUDA Version
Matrix Size: N=100, M=2500
Using GPU: NVIDIA GeForce MX230
Compute Capability: 6.1
Global Memory: 4.00 GB
--- Input Matrix (Snippet) ---
  0.1784   0.3997   0.1666   0.2121   0.0619   0.0541   0.2757   0.0478 
  0.2459   0.4850   0.0104   0.8695   0.6495   0.6553   0.0003   0.2781 
  0.9063   0.4440   0.7253   0.1379   0.7956   0.9051   0.0964   0.8206 
  0.2896   0.8828   0.9025   0.7990   0.6499   0.1416   0.2104   0.8247 
  0.6577   0.0369   0.3331   0.8758   0.2217   0.6708   0.6280   0.0000 
  0.0891   0.9237   0.8383   0.8221   0.7560   0.6990   0.3387   0.4892 
  0.7794   0.8132   0.7432   0.9474   0.3793   0.9794   0.6384   0.6187 
  0.0842   0.1832   0.3542   0.9223   0.4774   0.3511   0.6550   0.4676 
---------------------------------------

--- Output Correlation Matrix (Snippet) ---
  1.0000   0.0305  -0.0212   0.0233  -0.0160  -0.0192   0.0017  -0.0016 
  0.0305   1.0000   0.0092   0.0212   0.0022   0.0280  -0.0362  -0.0159 
 -0.0212   0.0092   1.0000  -0.0060   0.0119   0.0228  -0.0218  -0.0016 
  0.0233   0.0212  -0.0060   1.0000  -0.0190  -0.0385  -0.0178   0.0073 
 -0.0160   0.0022   0.0119  -0.0190   1.0000   0.0217   0.0011  -0.0372 
 -0.0192   0.0280   0.0228  -0.0385   0.0217   1.0000  -0.0358  -0.0005 
  0.0017  -0.0362  -0.0218  -0.0178   0.0011  -0.0358   1.0000   0.0276 
 -0.0016  -0.0159  -0.0016   0.0073  -0.0372  -0.0005   0.0276   1.0000 
---------------------------------------

Execution Time: 0.005841 seconds
Exit code: 0
Extracted time: 0.005841

=== cuda (N=100, M=2500, iter=2) ===
Executing CUDA Version
Matrix Size: N=100, M=2500
Using GPU: NVIDIA GeForce MX230
Compute Capability: 6.1
Global Memory: 4.00 GB
--- Input Matrix (Snippet) ---
  0.1784   0.3997   0.1666   0.2121   0.0619   0.0541   0.2757   0.0478 
  0.2459   0.4850   0.0104   0.8695   0.6495   0.6553   0.0003   0.2781 
  0.9063   0.4440   0.7253   0.1379   0.7956   0.9051   0.0964   0.8206 
  0.2896   0.8828   0.9025   0.7990   0.6499   0.1416   0.2104   0.8247 
  0.6577   0.0369   0.3331   0.8758   0.2217   0.6708   0.6280   0.0000 
  0.0891   0.9237   0.8383   0.8221   0.7560   0.6990   0.3387   0.4892 
  0.7794   0.8132   0.7432   0.9474   0.3793   0.9794   0.6384   0.6187 
  0.0842   0.1832   0.3542   0.9223   0.4774   0.3511   0.6550   0.4676 
---------------------------------------

--- Output Correlation Matrix (Snippet) ---
  1.0000   0.0305  -0.0212   0.0233  -0.0160  -0.0192   0.0017  -0.0016 
  0.0305   1.0000   0.0092   0.0212   0.0022   0.0280  -0.0362  -0.0159 
 -0.0212   0.0092   1.0000  -0.0060   0.0119   0.0228  -0.0218  -0.0016 
  0.0233   0.0212  -0.0060   1.0000  -0.0190  -0.0385  -0.0178   0.0073 
 -0.0160   0.0022   0.0119  -0.0190   1.0000   0.0217   0.0011  -0.0372 
 -0.0192   0.0280   0.0228  -0.0385   0.0217   1.0000  -0.0358  -0.0005 
  0.0017  -0.0362  -0.0218  -0.0178   0.0011  -0.0358   1.0000   0.0276 
 -0.0016  -0.0159  -0.0016   0.0073  -0.0372  -0.0005   0.0276   1.0000 
---------------------------------------

Execution Time: 0.005490 seconds
Exit code: 0
Extracted time: 0.005490

=== cuda (N=100, M=2500, iter=3) ===
Executing CUDA Version
Matrix Size: N=100, M=2500
Using GPU: NVIDIA GeForce MX230
Compute Capability: 6.1
Global Memory: 4.00 GB
--- Input Matrix (Snippet) ---
  0.1784   0.3997   0.1666   0.2121   0.0619   0.0541   0.2757   0.0478 
  0.2459   0.4850   0.0104   0.8695   0.6495   0.6553   0.0003   0.2781 
  0.9063   0.4440   0.7253   0.1379   0.7956   0.9051   0.0964   0.8206 
  0.2896   0.8828   0.9025   0.7990   0.6499   0.1416   0.2104   0.8247 
  0.6577   0.0369   0.3331   0.8758   0.2217   0.6708   0.6280   0.0000 
  0.0891   0.9237   0.8383   0.8221   0.7560   0.6990   0.3387   0.4892 
  0.7794   0.8132   0.7432   0.9474   0.3793   0.9794   0.6384   0.6187 
  0.0842   0.1832   0.3542   0.9223   0.4774   0.3511   0.6550   0.4676 
---------------------------------------

--- Output Correlation Matrix (Snippet) ---
  1.0000   0.0305  -0.0212   0.0233  -0.0160  -0.0192   0.0017  -0.0016 
  0.0305   1.0000   0.0092   0.0212   0.0022   0.0280  -0.0362  -0.0159 
 -0.0212   0.0092   1.0000  -0.0060   0.0119   0.0228  -0.0218  -0.0016 
  0.0233   0.0212  -0.0060   1.0000  -0.0190  -0.0385  -0.0178   0.0073 
 -0.0160   0.0022   0.0119  -0.0190   1.0000   0.0217   0.0011  -0.0372 
 -0.0192   0.0280   0.0228  -0.0385   0.0217   1.0000  -0.0358  -0.0005 
  0.0017  -0.0362  -0.0218  -0.0178   0.0011  -0.0358   1.0000   0.0276 
 -0.0016  -0.0159  -0.0016   0.0073  -0.0372  -0.0005   0.0276   1.0000 
---------------------------------------

Execution Time: 0.006979 seconds
Exit code: 0
Extracted time: 0.006979

=== cuda (N=100, M=3000, iter=1) ===
Executing CUDA Version
Matrix Size: N=100, M=3000
Using GPU: NVIDIA GeForce MX230
Compute Capability: 6.1
Global Memory: 4.00 GB
--- Input Matrix (Snippet) ---
  0.1784   0.3997   0.1666   0.2121   0.0619   0.0541   0.2757   0.0478 
  0.6835   0.2185   0.1961   0.0248   0.6727   0.5442   0.9639   0.2818 
  0.1672   0.1685   0.5519   0.6728   0.6104   0.7387   0.7906   0.5769 
  0.4815   0.6118   0.5401   0.8225   0.6975   0.4157   0.2738   0.2554 
  0.9311   0.2895   0.4608   0.4579   0.4643   0.0754   0.2606   0.6549 
  0.7794   0.8132   0.7432   0.9474   0.3793   0.9794   0.6384   0.6187 
  0.1583   0.6916   0.6599   0.6962   0.3418   0.4218   0.2080   0.0566 
  0.5013   0.8661   0.8181   0.8221   0.2707   0.8748   0.9764   0.6529 
---------------------------------------

--- Output Correlation Matrix (Snippet) ---
  1.0000  -0.0079  -0.0189   0.0064  -0.0058   0.0126   0.0067  -0.0029 
 -0.0079   1.0000  -0.0219  -0.0305  -0.0129   0.0147  -0.0086   0.0305 
 -0.0189  -0.0219   1.0000   0.0110   0.0151   0.0069  -0.0076   0.0224 
  0.0064  -0.0305   0.0110   1.0000  -0.0143   0.0036   0.0036  -0.0167 
 -0.0058  -0.0129   0.0151  -0.0143   1.0000   0.0173  -0.0375  -0.0020 
  0.0126   0.0147   0.0069   0.0036   0.0173   1.0000  -0.0245   0.0187 
  0.0067  -0.0086  -0.0076   0.0036  -0.0375  -0.0245   1.0000  -0.0087 
 -0.0029   0.0305   0.0224  -0.0167  -0.0020   0.0187  -0.0087   1.0000 
---------------------------------------

Execution Time: 0.006775 seconds
Exit code: 0
Extracted time: 0.006775

=== cuda (N=100, M=3000, iter=2) ===
Executing CUDA Version
Matrix Size: N=100, M=3000
Using GPU: NVIDIA GeForce MX230
Compute Capability: 6.1
Global Memory: 4.00 GB
--- Input Matrix (Snippet) ---
  0.1784   0.3997   0.1666   0.2121   0.0619   0.0541   0.2757   0.0478 
  0.6835   0.2185   0.1961   0.0248   0.6727   0.5442   0.9639   0.2818 
  0.1672   0.1685   0.5519   0.6728   0.6104   0.7387   0.7906   0.5769 
  0.4815   0.6118   0.5401   0.8225   0.6975   0.4157   0.2738   0.2554 
  0.9311   0.2895   0.4608   0.4579   0.4643   0.0754   0.2606   0.6549 
  0.7794   0.8132   0.7432   0.9474   0.3793   0.9794   0.6384   0.6187 
  0.1583   0.6916   0.6599   0.6962   0.3418   0.4218   0.2080   0.0566 
  0.5013   0.8661   0.8181   0.8221   0.2707   0.8748   0.9764   0.6529 
---------------------------------------

--- Output Correlation Matrix (Snippet) ---
  1.0000  -0.0079  -0.0189   0.0064  -0.0058   0.0126   0.0067  -0.0029 
 -0.0079   1.0000  -0.0219  -0.0305  -0.0129   0.0147  -0.0086   0.0305 
 -0.0189  -0.0219   1.0000   0.0110   0.0151   0.0069  -0.0076   0.0224 
  0.0064  -0.0305   0.0110   1.0000  -0.0143   0.0036   0.0036  -0.0167 
 -0.0058  -0.0129   0.0151  -0.0143   1.0000   0.0173  -0.0375  -0.0020 
  0.0126   0.0147   0.0069   0.0036   0.0173   1.0000  -0.0245   0.0187 
  0.0067  -0.0086  -0.0076   0.0036  -0.0375  -0.0245   1.0000  -0.0087 
 -0.0029   0.0305   0.0224  -0.0167  -0.0020   0.0187  -0.0087   1.0000 
---------------------------------------

Execution Time: 0.007217 seconds
Exit code: 0
Extracted time: 0.007217

=== cuda (N=100, M=3000, iter=3) ===
Executing CUDA Version
Matrix Size: N=100, M=3000
Using GPU: NVIDIA GeForce MX230
Compute Capability: 6.1
Global Memory: 4.00 GB
--- Input Matrix (Snippet) ---
  0.1784   0.3997   0.1666   0.2121   0.0619   0.0541   0.2757   0.0478 
  0.6835   0.2185   0.1961   0.0248   0.6727   0.5442   0.9639   0.2818 
  0.1672   0.1685   0.5519   0.6728   0.6104   0.7387   0.7906   0.5769 
  0.4815   0.6118   0.5401   0.8225   0.6975   0.4157   0.2738   0.2554 
  0.9311   0.2895   0.4608   0.4579   0.4643   0.0754   0.2606   0.6549 
  0.7794   0.8132   0.7432   0.9474   0.3793   0.9794   0.6384   0.6187 
  0.1583   0.6916   0.6599   0.6962   0.3418   0.4218   0.2080   0.0566 
  0.5013   0.8661   0.8181   0.8221   0.2707   0.8748   0.9764   0.6529 
---------------------------------------

--- Output Correlation Matrix (Snippet) ---
  1.0000  -0.0079  -0.0189   0.0064  -0.0058   0.0126   0.0067  -0.0029 
 -0.0079   1.0000  -0.0219  -0.0305  -0.0129   0.0147  -0.0086   0.0305 
 -0.0189  -0.0219   1.0000   0.0110   0.0151   0.0069  -0.0076   0.0224 
  0.0064  -0.0305   0.0110   1.0000  -0.0143   0.0036   0.0036  -0.0167 
 -0.0058  -0.0129   0.0151  -0.0143   1.0000   0.0173  -0.0375  -0.0020 
  0.0126   0.0147   0.0069   0.0036   0.0173   1.0000  -0.0245   0.0187 
  0.0067  -0.0086  -0.0076   0.0036  -0.0375  -0.0245   1.0000  -0.0087 
 -0.0029   0.0305   0.0224  -0.0167  -0.0020   0.0187  -0.0087   1.0000 
---------------------------------------

Execution Time: 0.007952 seconds
Exit code: 0
Extracted time: 0.007952

=== cuda (N=200, M=500, iter=1) ===
Executing CUDA Version
Matrix Size: N=200, M=500
Using GPU: NVIDIA GeForce MX230
Compute Capability: 6.1
Global Memory: 4.00 GB
--- Input Matrix (Snippet) ---
  0.1784   0.3997   0.1666   0.2121   0.0619   0.0541   0.2757   0.0478 
  0.7832   0.1713   0.3731   0.1762   0.4492   0.9714   0.9770   0.4063 
  0.8579   0.2793   0.3497   0.6058   0.0737   0.1928   0.5753   0.2738 
  0.5231   0.4570   0.4980   0.9980   0.9538   0.4599   0.6245   0.8193 
  0.2355   0.3513   0.2187   0.2880   0.0186   0.3609   0.1549   0.3504 
  0.2459   0.4850   0.0104   0.8695   0.6495   0.6553   0.0003   0.2781 
  0.6835   0.2185   0.1961   0.0248   0.6727   0.5442   0.9639   0.2818 
  0.7949   0.9540   0.3739   0.6583   0.6555   0.8941   0.8713   0.9372 
---------------------------------------

--- Output Correlation Matrix (Snippet) ---
  1.0000   0.0256   0.0236  -0.0521   0.0384   0.0583   0.0019  -0.0393 
  0.0256   1.0000  -0.0126  -0.0000   0.0707   0.0208   0.0440  -0.0621 
  0.0236  -0.0126   1.0000  -0.0210  -0.0033   0.0142  -0.0386   0.0410 
 -0.0521  -0.0000  -0.0210   1.0000   0.0182   0.0262  -0.0804  -0.0467 
  0.0384   0.0707  -0.0033   0.0182   1.0000   0.0061  -0.0249  -0.0272 
  0.0583   0.0208   0.0142   0.0262   0.0061   1.0000  -0.1227   0.0816 
  0.0019   0.0440  -0.0386  -0.0804  -0.0249  -0.1227   1.0000   0.0038 
 -0.0393  -0.0621   0.0410  -0.0467  -0.0272   0.0816   0.0038   1.0000 
---------------------------------------

Execution Time: 0.004795 seconds
Exit code: 0
Extracted time: 0.004795

=== cuda (N=200, M=500, iter=2) ===
Executing CUDA Version
Matrix Size: N=200, M=500
Using GPU: NVIDIA GeForce MX230
Compute Capability: 6.1
Global Memory: 4.00 GB
--- Input Matrix (Snippet) ---
  0.1784   0.3997   0.1666   0.2121   0.0619   0.0541   0.2757   0.0478 
  0.7832   0.1713   0.3731   0.1762   0.4492   0.9714   0.9770   0.4063 
  0.8579   0.2793   0.3497   0.6058   0.0737   0.1928   0.5753   0.2738 
  0.5231   0.4570   0.4980   0.9980   0.9538   0.4599   0.6245   0.8193 
  0.2355   0.3513   0.2187   0.2880   0.0186   0.3609   0.1549   0.3504 
  0.2459   0.4850   0.0104   0.8695   0.6495   0.6553   0.0003   0.2781 
  0.6835   0.2185   0.1961   0.0248   0.6727   0.5442   0.9639   0.2818 
  0.7949   0.9540   0.3739   0.6583   0.6555   0.8941   0.8713   0.9372 
---------------------------------------

--- Output Correlation Matrix (Snippet) ---
  1.0000   0.0256   0.0236  -0.0521   0.0384   0.0583   0.0019  -0.0393 
  0.0256   1.0000  -0.0126  -0.0000   0.0707   0.0208   0.0440  -0.0621 
  0.0236  -0.0126   1.0000  -0.0210  -0.0033   0.0142  -0.0386   0.0410 
 -0.0521  -0.0000  -0.0210   1.0000   0.0182   0.0262  -0.0804  -0.0467 
  0.0384   0.0707  -0.0033   0.0182   1.0000   0.0061  -0.0249  -0.0272 
  0.0583   0.0208   0.0142   0.0262   0.0061   1.0000  -0.1227   0.0816 
  0.0019   0.0440  -0.0386  -0.0804  -0.0249  -0.1227   1.0000   0.0038 
 -0.0393  -0.0621   0.0410  -0.0467  -0.0272   0.0816   0.0038   1.0000 
---------------------------------------

Execution Time: 0.006402 seconds
Exit code: 0
Extracted time: 0.006402

=== cuda (N=200, M=500, iter=3) ===
Executing CUDA Version
Matrix Size: N=200, M=500
Using GPU: NVIDIA GeForce MX230
Compute Capability: 6.1
Global Memory: 4.00 GB
--- Input Matrix (Snippet) ---
  0.1784   0.3997   0.1666   0.2121   0.0619   0.0541   0.2757   0.0478 
  0.7832   0.1713   0.3731   0.1762   0.4492   0.9714   0.9770   0.4063 
  0.8579   0.2793   0.3497   0.6058   0.0737   0.1928   0.5753   0.2738 
  0.5231   0.4570   0.4980   0.9980   0.9538   0.4599   0.6245   0.8193 
  0.2355   0.3513   0.2187   0.2880   0.0186   0.3609   0.1549   0.3504 
  0.2459   0.4850   0.0104   0.8695   0.6495   0.6553   0.0003   0.2781 
  0.6835   0.2185   0.1961   0.0248   0.6727   0.5442   0.9639   0.2818 
  0.7949   0.9540   0.3739   0.6583   0.6555   0.8941   0.8713   0.9372 
---------------------------------------

--- Output Correlation Matrix (Snippet) ---
  1.0000   0.0256   0.0236  -0.0521   0.0384   0.0583   0.0019  -0.0393 
  0.0256   1.0000  -0.0126  -0.0000   0.0707   0.0208   0.0440  -0.0621 
  0.0236  -0.0126   1.0000  -0.0210  -0.0033   0.0142  -0.0386   0.0410 
 -0.0521  -0.0000  -0.0210   1.0000   0.0182   0.0262  -0.0804  -0.0467 
  0.0384   0.0707  -0.0033   0.0182   1.0000   0.0061  -0.0249  -0.0272 
  0.0583   0.0208   0.0142   0.0262   0.0061   1.0000  -0.1227   0.0816 
  0.0019   0.0440  -0.0386  -0.0804  -0.0249  -0.1227   1.0000   0.0038 
 -0.0393  -0.0621   0.0410  -0.0467  -0.0272   0.0816   0.0038   1.0000 
---------------------------------------

Execution Time: 0.004856 seconds
Exit code: 0
Extracted time: 0.004856

=== cuda (N=200, M=1000, iter=1) ===
Executing CUDA Version
Matrix Size: N=200, M=1000
Using GPU: NVIDIA GeForce MX230
Compute Capability: 6.1
Global Memory: 4.00 GB
--- Input Matrix (Snippet) ---
  0.1784   0.3997   0.1666   0.2121   0.0619   0.0541   0.2757   0.0478 
  0.8579   0.2793   0.3497   0.6058   0.0737   0.1928   0.5753   0.2738 
  0.2355   0.3513   0.2187   0.2880   0.0186   0.3609   0.1549   0.3504 
  0.6835   0.2185   0.1961   0.0248   0.6727   0.5442   0.9639   0.2818 
  0.7361   0.6262   0.2348   0.0727   0.7465   0.0340   0.4242   0.2949 
  0.9063   0.4440   0.7253   0.1379   0.7956   0.9051   0.0964   0.8206 
  0.1672   0.1685   0.5519   0.6728   0.6104   0.7387   0.7906   0.5769 
  0.3751   0.2483   0.8508   0.0803   0.3567   0.4930   0.2261   0.4608 
---------------------------------------

--- Output Correlation Matrix (Snippet) ---
  1.0000   0.0109   0.0293  -0.0304   0.0102   0.0139   0.0044  -0.0106 
  0.0109   1.0000   0.0119  -0.0427  -0.0041  -0.0632  -0.0605  -0.0605 
  0.0293   0.0119   1.0000   0.0276   0.0204   0.0119   0.0083   0.0077 
 -0.0304  -0.0427   0.0276   1.0000   0.0269   0.0239   0.0206   0.0100 
  0.0102  -0.0041   0.0204   0.0269   1.0000   0.0015  -0.0140  -0.0381 
  0.0139  -0.0632   0.0119   0.0239   0.0015   1.0000  -0.0124   0.0481 
  0.0044  -0.0605   0.0083   0.0206  -0.0140  -0.0124   1.0000   0.0370 
 -0.0106  -0.0605   0.0077   0.0100  -0.0381   0.0481   0.0370   1.0000 
---------------------------------------

Execution Time: 0.007251 seconds
Exit code: 0
Extracted time: 0.007251

=== cuda (N=200, M=1000, iter=2) ===
Executing CUDA Version
Matrix Size: N=200, M=1000
Using GPU: NVIDIA GeForce MX230
Compute Capability: 6.1
Global Memory: 4.00 GB
--- Input Matrix (Snippet) ---
  0.1784   0.3997   0.1666   0.2121   0.0619   0.0541   0.2757   0.0478 
  0.8579   0.2793   0.3497   0.6058   0.0737   0.1928   0.5753   0.2738 
  0.2355   0.3513   0.2187   0.2880   0.0186   0.3609   0.1549   0.3504 
  0.6835   0.2185   0.1961   0.0248   0.6727   0.5442   0.9639   0.2818 
  0.7361   0.6262   0.2348   0.0727   0.7465   0.0340   0.4242   0.2949 
  0.9063   0.4440   0.7253   0.1379   0.7956   0.9051   0.0964   0.8206 
  0.1672   0.1685   0.5519   0.6728   0.6104   0.7387   0.7906   0.5769 
  0.3751   0.2483   0.8508   0.0803   0.3567   0.4930   0.2261   0.4608 
---------------------------------------

--- Output Correlation Matrix (Snippet) ---
  1.0000   0.0109   0.0293  -0.0304   0.0102   0.0139   0.0044  -0.0106 
  0.0109   1.0000   0.0119  -0.0427  -0.0041  -0.0632  -0.0605  -0.0605 
  0.0293   0.0119   1.0000   0.0276   0.0204   0.0119   0.0083   0.0077 
 -0.0304  -0.0427   0.0276   1.0000   0.0269   0.0239   0.0206   0.0100 
  0.0102  -0.0041   0.0204   0.0269   1.0000   0.0015  -0.0140  -0.0381 
  0.0139  -0.0632   0.0119   0.0239   0.0015   1.0000  -0.0124   0.0481 
  0.0044  -0.0605   0.0083   0.0206  -0.0140  -0.0124   1.0000   0.0370 
 -0.0106  -0.0605   0.0077   0.0100  -0.0381   0.0481   0.0370   1.0000 
---------------------------------------

Execution Time: 0.008316 seconds
Exit code: 0
Extracted time: 0.008316

=== cuda (N=200, M=1000, iter=3) ===
Executing CUDA Version
Matrix Size: N=200, M=1000
Using GPU: NVIDIA GeForce MX230
Compute Capability: 6.1
Global Memory: 4.00 GB
--- Input Matrix (Snippet) ---
  0.1784   0.3997   0.1666   0.2121   0.0619   0.0541   0.2757   0.0478 
  0.8579   0.2793   0.3497   0.6058   0.0737   0.1928   0.5753   0.2738 
  0.2355   0.3513   0.2187   0.2880   0.0186   0.3609   0.1549   0.3504 
  0.6835   0.2185   0.1961   0.0248   0.6727   0.5442   0.9639   0.2818 
  0.7361   0.6262   0.2348   0.0727   0.7465   0.0340   0.4242   0.2949 
  0.9063   0.4440   0.7253   0.1379   0.7956   0.9051   0.0964   0.8206 
  0.1672   0.1685   0.5519   0.6728   0.6104   0.7387   0.7906   0.5769 
  0.3751   0.2483   0.8508   0.0803   0.3567   0.4930   0.2261   0.4608 
---------------------------------------

--- Output Correlation Matrix (Snippet) ---
  1.0000   0.0109   0.0293  -0.0304   0.0102   0.0139   0.0044  -0.0106 
  0.0109   1.0000   0.0119  -0.0427  -0.0041  -0.0632  -0.0605  -0.0605 
  0.0293   0.0119   1.0000   0.0276   0.0204   0.0119   0.0083   0.0077 
 -0.0304  -0.0427   0.0276   1.0000   0.0269   0.0239   0.0206   0.0100 
  0.0102  -0.0041   0.0204   0.0269   1.0000   0.0015  -0.0140  -0.0381 
  0.0139  -0.0632   0.0119   0.0239   0.0015   1.0000  -0.0124   0.0481 
  0.0044  -0.0605   0.0083   0.0206  -0.0140  -0.0124   1.0000   0.0370 
 -0.0106  -0.0605   0.0077   0.0100  -0.0381   0.0481   0.0370   1.0000 
---------------------------------------

Execution Time: 0.007072 seconds
Exit code: 0
Extracted time: 0.007072

=== cuda (N=200, M=1500, iter=1) ===
Executing CUDA Version
Matrix Size: N=200, M=1500
Using GPU: NVIDIA GeForce MX230
Compute Capability: 6.1
Global Memory: 4.00 GB
--- Input Matrix (Snippet) ---
  0.1784   0.3997   0.1666   0.2121   0.0619   0.0541   0.2757   0.0478 
  0.5231   0.4570   0.4980   0.9980   0.9538   0.4599   0.6245   0.8193 
  0.6835   0.2185   0.1961   0.0248   0.6727   0.5442   0.9639   0.2818 
  0.6730   0.3860   0.7919   0.3859   0.4882   0.1123   0.5655   0.3819 
  0.1672   0.1685   0.5519   0.6728   0.6104   0.7387   0.7906   0.5769 
  0.2896   0.8828   0.9025   0.7990   0.6499   0.1416   0.2104   0.8247 
  0.4815   0.6118   0.5401   0.8225   0.6975   0.4157   0.2738   0.2554 
  0.5062   0.5588   0.9413   0.5000   0.5328   0.1062   0.3400   0.7122 
---------------------------------------

--- Output Correlation Matrix (Snippet) ---
  1.0000   0.0111  -0.0267  -0.0267  -0.0210   0.0113   0.0004   0.0095 
  0.0111   1.0000  -0.0268   0.0110   0.0518  -0.0168   0.0241   0.0123 
 -0.0267  -0.0268   1.0000   0.0289   0.0020  -0.0170  -0.0226  -0.0030 
 -0.0267   0.0110   0.0289   1.0000   0.0178  -0.0459   0.0215  -0.0381 
 -0.0210   0.0518   0.0020   0.0178   1.0000   0.0124  -0.0130  -0.0079 
  0.0113  -0.0168  -0.0170  -0.0459   0.0124   1.0000   0.0043   0.0352 
  0.0004   0.0241  -0.0226   0.0215  -0.0130   0.0043   1.0000  -0.0296 
  0.0095   0.0123  -0.0030  -0.0381  -0.0079   0.0352  -0.0296   1.0000 
---------------------------------------

Execution Time: 0.009817 seconds
Exit code: 0
Extracted time: 0.009817

=== cuda (N=200, M=1500, iter=2) ===
Executing CUDA Version
Matrix Size: N=200, M=1500
Using GPU: NVIDIA GeForce MX230
Compute Capability: 6.1
Global Memory: 4.00 GB
--- Input Matrix (Snippet) ---
  0.1784   0.3997   0.1666   0.2121   0.0619   0.0541   0.2757   0.0478 
  0.5231   0.4570   0.4980   0.9980   0.9538   0.4599   0.6245   0.8193 
  0.6835   0.2185   0.1961   0.0248   0.6727   0.5442   0.9639   0.2818 
  0.6730   0.3860   0.7919   0.3859   0.4882   0.1123   0.5655   0.3819 
  0.1672   0.1685   0.5519   0.6728   0.6104   0.7387   0.7906   0.5769 
  0.2896   0.8828   0.9025   0.7990   0.6499   0.1416   0.2104   0.8247 
  0.4815   0.6118   0.5401   0.8225   0.6975   0.4157   0.2738   0.2554 
  0.5062   0.5588   0.9413   0.5000   0.5328   0.1062   0.3400   0.7122 
---------------------------------------

--- Output Correlation Matrix (Snippet) ---
  1.0000   0.0111  -0.0267  -0.0267  -0.0210   0.0113   0.0004   0.0095 
  0.0111   1.0000  -0.0268   0.0110   0.0518  -0.0168   0.0241   0.0123 
 -0.0267  -0.0268   1.0000   0.0289   0.0020  -0.0170  -0.0226  -0.0030 
 -0.0267   0.0110   0.0289   1.0000   0.0178  -0.0459   0.0215  -0.0381 
 -0.0210   0.0518   0.0020   0.0178   1.0000   0.0124  -0.0130  -0.0079 
  0.0113  -0.0168  -0.0170  -0.0459   0.0124   1.0000   0.0043   0.0352 
  0.0004   0.0241  -0.0226   0.0215  -0.0130   0.0043   1.0000  -0.0296 
  0.0095   0.0123  -0.0030  -0.0381  -0.0079   0.0352  -0.0296   1.0000 
---------------------------------------

Execution Time: 0.009493 seconds
Exit code: 0
Extracted time: 0.009493

=== cuda (N=200, M=1500, iter=3) ===
Executing CUDA Version
Matrix Size: N=200, M=1500
Using GPU: NVIDIA GeForce MX230
Compute Capability: 6.1
Global Memory: 4.00 GB
--- Input Matrix (Snippet) ---
  0.1784   0.3997   0.1666   0.2121   0.0619   0.0541   0.2757   0.0478 
  0.5231   0.4570   0.4980   0.9980   0.9538   0.4599   0.6245   0.8193 
  0.6835   0.2185   0.1961   0.0248   0.6727   0.5442   0.9639   0.2818 
  0.6730   0.3860   0.7919   0.3859   0.4882   0.1123   0.5655   0.3819 
  0.1672   0.1685   0.5519   0.6728   0.6104   0.7387   0.7906   0.5769 
  0.2896   0.8828   0.9025   0.7990   0.6499   0.1416   0.2104   0.8247 
  0.4815   0.6118   0.5401   0.8225   0.6975   0.4157   0.2738   0.2554 
  0.5062   0.5588   0.9413   0.5000   0.5328   0.1062   0.3400   0.7122 
---------------------------------------

--- Output Correlation Matrix (Snippet) ---
  1.0000   0.0111  -0.0267  -0.0267  -0.0210   0.0113   0.0004   0.0095 
  0.0111   1.0000  -0.0268   0.0110   0.0518  -0.0168   0.0241   0.0123 
 -0.0267  -0.0268   1.0000   0.0289   0.0020  -0.0170  -0.0226  -0.0030 
 -0.0267   0.0110   0.0289   1.0000   0.0178  -0.0459   0.0215  -0.0381 
 -0.0210   0.0518   0.0020   0.0178   1.0000   0.0124  -0.0130  -0.0079 
  0.0113  -0.0168  -0.0170  -0.0459   0.0124   1.0000   0.0043   0.0352 
  0.0004   0.0241  -0.0226   0.0215  -0.0130   0.0043   1.0000  -0.0296 
  0.0095   0.0123  -0.0030  -0.0381  -0.0079   0.0352  -0.0296   1.0000 
---------------------------------------

Execution Time: 0.009277 seconds
Exit code: 0
Extracted time: 0.009277

=== cuda (N=200, M=2000, iter=1) ===
Executing CUDA Version
Matrix Size: N=200, M=2000
Using GPU: NVIDIA GeForce MX230
Compute Capability: 6.1
Global Memory: 4.00 GB
--- Input Matrix (Snippet) ---
  0.1784   0.3997   0.1666   0.2121   0.0619   0.0541   0.2757   0.0478 
  0.2355   0.3513   0.2187   0.2880   0.0186   0.3609   0.1549   0.3504 
  0.7361   0.6262   0.2348   0.0727   0.7465   0.0340   0.4242   0.2949 
  0.1672   0.1685   0.5519   0.6728   0.6104   0.7387   0.7906   0.5769 
  0.9290   0.7971   0.1292   0.8444   0.4470   0.9848   0.7467   0.6753 
  0.6577   0.0369   0.3331   0.8758   0.2217   0.6708   0.6280   0.0000 
  0.9311   0.2895   0.4608   0.4579   0.4643   0.0754   0.2606   0.6549 
  0.2649   0.2373   0.6548   0.4642   0.2228   0.6153   0.1826   0.9288 
---------------------------------------

--- Output Correlation Matrix (Snippet) ---
  1.0000  -0.0069  -0.0270  -0.0283   0.0410  -0.0121  -0.0445  -0.0154 
 -0.0069   1.0000   0.0227   0.0096  -0.0277  -0.0158   0.0245   0.0515 
 -0.0270   0.0227   1.0000   0.0181  -0.0084  -0.0181   0.0164   0.0039 
 -0.0283   0.0096   0.0181   1.0000  -0.0407   0.0316   0.0226   0.0055 
  0.0410  -0.0277  -0.0084  -0.0407   1.0000  -0.0453   0.0127  -0.0128 
 -0.0121  -0.0158  -0.0181   0.0316  -0.0453   1.0000  -0.0070  -0.0285 
 -0.0445   0.0245   0.0164   0.0226   0.0127  -0.0070   1.0000   0.0225 
 -0.0154   0.0515   0.0039   0.0055  -0.0128  -0.0285   0.0225   1.0000 
---------------------------------------

Execution Time: 0.011600 seconds
Exit code: 0
Extracted time: 0.011600

=== cuda (N=200, M=2000, iter=2) ===
Executing CUDA Version
Matrix Size: N=200, M=2000
Using GPU: NVIDIA GeForce MX230
Compute Capability: 6.1
Global Memory: 4.00 GB
--- Input Matrix (Snippet) ---
  0.1784   0.3997   0.1666   0.2121   0.0619   0.0541   0.2757   0.0478 
  0.2355   0.3513   0.2187   0.2880   0.0186   0.3609   0.1549   0.3504 
  0.7361   0.6262   0.2348   0.0727   0.7465   0.0340   0.4242   0.2949 
  0.1672   0.1685   0.5519   0.6728   0.6104   0.7387   0.7906   0.5769 
  0.9290   0.7971   0.1292   0.8444   0.4470   0.9848   0.7467   0.6753 
  0.6577   0.0369   0.3331   0.8758   0.2217   0.6708   0.6280   0.0000 
  0.9311   0.2895   0.4608   0.4579   0.4643   0.0754   0.2606   0.6549 
  0.2649   0.2373   0.6548   0.4642   0.2228   0.6153   0.1826   0.9288 
---------------------------------------

--- Output Correlation Matrix (Snippet) ---
  1.0000  -0.0069  -0.0270  -0.0283   0.0410  -0.0121  -0.0445  -0.0154 
 -0.0069   1.0000   0.0227   0.0096  -0.0277  -0.0158   0.0245   0.0515 
 -0.0270   0.0227   1.0000   0.0181  -0.0084  -0.0181   0.0164   0.0039 
 -0.0283   0.0096   0.0181   1.0000  -0.0407   0.0316   0.0226   0.0055 
  0.0410  -0.0277  -0.0084  -0.0407   1.0000  -0.0453   0.0127  -0.0128 
 -0.0121  -0.0158  -0.0181   0.0316  -0.0453   1.0000  -0.0070  -0.0285 
 -0.0445   0.0245   0.0164   0.0226   0.0127  -0.0070   1.0000   0.0225 
 -0.0154   0.0515   0.0039   0.0055  -0.0128  -0.0285   0.0225   1.0000 
---------------------------------------

Execution Time: 0.011497 seconds
Exit code: 0
Extracted time: 0.011497

=== cuda (N=200, M=2000, iter=3) ===
Executing CUDA Version
Matrix Size: N=200, M=2000
Using GPU: NVIDIA GeForce MX230
Compute Capability: 6.1
Global Memory: 4.00 GB
--- Input Matrix (Snippet) ---
  0.1784   0.3997   0.1666   0.2121   0.0619   0.0541   0.2757   0.0478 
  0.2355   0.3513   0.2187   0.2880   0.0186   0.3609   0.1549   0.3504 
  0.7361   0.6262   0.2348   0.0727   0.7465   0.0340   0.4242   0.2949 
  0.1672   0.1685   0.5519   0.6728   0.6104   0.7387   0.7906   0.5769 
  0.9290   0.7971   0.1292   0.8444   0.4470   0.9848   0.7467   0.6753 
  0.6577   0.0369   0.3331   0.8758   0.2217   0.6708   0.6280   0.0000 
  0.9311   0.2895   0.4608   0.4579   0.4643   0.0754   0.2606   0.6549 
  0.2649   0.2373   0.6548   0.4642   0.2228   0.6153   0.1826   0.9288 
---------------------------------------

--- Output Correlation Matrix (Snippet) ---
  1.0000  -0.0069  -0.0270  -0.0283   0.0410  -0.0121  -0.0445  -0.0154 
 -0.0069   1.0000   0.0227   0.0096  -0.0277  -0.0158   0.0245   0.0515 
 -0.0270   0.0227   1.0000   0.0181  -0.0084  -0.0181   0.0164   0.0039 
 -0.0283   0.0096   0.0181   1.0000  -0.0407   0.0316   0.0226   0.0055 
  0.0410  -0.0277  -0.0084  -0.0407   1.0000  -0.0453   0.0127  -0.0128 
 -0.0121  -0.0158  -0.0181   0.0316  -0.0453   1.0000  -0.0070  -0.0285 
 -0.0445   0.0245   0.0164   0.0226   0.0127  -0.0070   1.0000   0.0225 
 -0.0154   0.0515   0.0039   0.0055  -0.0128  -0.0285   0.0225   1.0000 
---------------------------------------

Execution Time: 0.011402 seconds
Exit code: 0
Extracted time: 0.011402

=== cuda (N=200, M=2500, iter=1) ===
Executing CUDA Version
Matrix Size: N=200, M=2500
Using GPU: NVIDIA GeForce MX230
Compute Capability: 6.1
Global Memory: 4.00 GB
--- Input Matrix (Snippet) ---
  0.1784   0.3997   0.1666   0.2121   0.0619   0.0541   0.2757   0.0478 
  0.2459   0.4850   0.0104   0.8695   0.6495   0.6553   0.0003   0.2781 
  0.9063   0.4440   0.7253   0.1379   0.7956   0.9051   0.0964   0.8206 
  0.2896   0.8828   0.9025   0.7990   0.6499   0.1416   0.2104   0.8247 
  0.6577   0.0369   0.3331   0.8758   0.2217   0.6708   0.6280   0.0000 
  0.0891   0.9237   0.8383   0.8221   0.7560   0.6990   0.3387   0.4892 
  0.7794   0.8132   0.7432   0.9474   0.3793   0.9794   0.6384   0.6187 
  0.0842   0.1832   0.3542   0.9223   0.4774   0.3511   0.6550   0.4676 
---------------------------------------

--- Output Correlation Matrix (Snippet) ---
  1.0000   0.0305  -0.0212   0.0233  -0.0160  -0.0192   0.0017  -0.0016 
  0.0305   1.0000   0.0092   0.0212   0.0022   0.0280  -0.0362  -0.0159 
 -0.0212   0.0092   1.0000  -0.0060   0.0119   0.0228  -0.0218  -0.0016 
  0.0233   0.0212  -0.0060   1.0000  -0.0190  -0.0385  -0.0178   0.0073 
 -0.0160   0.0022   0.0119  -0.0190   1.0000   0.0217   0.0011  -0.0372 
 -0.0192   0.0280   0.0228  -0.0385   0.0217   1.0000  -0.0358  -0.0005 
  0.0017  -0.0362  -0.0218  -0.0178   0.0011  -0.0358   1.0000   0.0276 
 -0.0016  -0.0159  -0.0016   0.0073  -0.0372  -0.0005   0.0276   1.0000 
---------------------------------------

Execution Time: 0.016028 seconds
Exit code: 0
Extracted time: 0.016028

=== cuda (N=200, M=2500, iter=2) ===
Executing CUDA Version
Matrix Size: N=200, M=2500
Using GPU: NVIDIA GeForce MX230
Compute Capability: 6.1
Global Memory: 4.00 GB
--- Input Matrix (Snippet) ---
  0.1784   0.3997   0.1666   0.2121   0.0619   0.0541   0.2757   0.0478 
  0.2459   0.4850   0.0104   0.8695   0.6495   0.6553   0.0003   0.2781 
  0.9063   0.4440   0.7253   0.1379   0.7956   0.9051   0.0964   0.8206 
  0.2896   0.8828   0.9025   0.7990   0.6499   0.1416   0.2104   0.8247 
  0.6577   0.0369   0.3331   0.8758   0.2217   0.6708   0.6280   0.0000 
  0.0891   0.9237   0.8383   0.8221   0.7560   0.6990   0.3387   0.4892 
  0.7794   0.8132   0.7432   0.9474   0.3793   0.9794   0.6384   0.6187 
  0.0842   0.1832   0.3542   0.9223   0.4774   0.3511   0.6550   0.4676 
---------------------------------------

--- Output Correlation Matrix (Snippet) ---
  1.0000   0.0305  -0.0212   0.0233  -0.0160  -0.0192   0.0017  -0.0016 
  0.0305   1.0000   0.0092   0.0212   0.0022   0.0280  -0.0362  -0.0159 
 -0.0212   0.0092   1.0000  -0.0060   0.0119   0.0228  -0.0218  -0.0016 
  0.0233   0.0212  -0.0060   1.0000  -0.0190  -0.0385  -0.0178   0.0073 
 -0.0160   0.0022   0.0119  -0.0190   1.0000   0.0217   0.0011  -0.0372 
 -0.0192   0.0280   0.0228  -0.0385   0.0217   1.0000  -0.0358  -0.0005 
  0.0017  -0.0362  -0.0218  -0.0178   0.0011  -0.0358   1.0000   0.0276 
 -0.0016  -0.0159  -0.0016   0.0073  -0.0372  -0.0005   0.0276   1.0000 
---------------------------------------

Execution Time: 0.014403 seconds
Exit code: 0
Extracted time: 0.014403

=== cuda (N=200, M=2500, iter=3) ===
Executing CUDA Version
Matrix Size: N=200, M=2500
Using GPU: NVIDIA GeForce MX230
Compute Capability: 6.1
Global Memory: 4.00 GB
--- Input Matrix (Snippet) ---
  0.1784   0.3997   0.1666   0.2121   0.0619   0.0541   0.2757   0.0478 
  0.2459   0.4850   0.0104   0.8695   0.6495   0.6553   0.0003   0.2781 
  0.9063   0.4440   0.7253   0.1379   0.7956   0.9051   0.0964   0.8206 
  0.2896   0.8828   0.9025   0.7990   0.6499   0.1416   0.2104   0.8247 
  0.6577   0.0369   0.3331   0.8758   0.2217   0.6708   0.6280   0.0000 
  0.0891   0.9237   0.8383   0.8221   0.7560   0.6990   0.3387   0.4892 
  0.7794   0.8132   0.7432   0.9474   0.3793   0.9794   0.6384   0.6187 
  0.0842   0.1832   0.3542   0.9223   0.4774   0.3511   0.6550   0.4676 
---------------------------------------

--- Output Correlation Matrix (Snippet) ---
  1.0000   0.0305  -0.0212   0.0233  -0.0160  -0.0192   0.0017  -0.0016 
  0.0305   1.0000   0.0092   0.0212   0.0022   0.0280  -0.0362  -0.0159 
 -0.0212   0.0092   1.0000  -0.0060   0.0119   0.0228  -0.0218  -0.0016 
  0.0233   0.0212  -0.0060   1.0000  -0.0190  -0.0385  -0.0178   0.0073 
 -0.0160   0.0022   0.0119  -0.0190   1.0000   0.0217   0.0011  -0.0372 
 -0.0192   0.0280   0.0228  -0.0385   0.0217   1.0000  -0.0358  -0.0005 
  0.0017  -0.0362  -0.0218  -0.0178   0.0011  -0.0358   1.0000   0.0276 
 -0.0016  -0.0159  -0.0016   0.0073  -0.0372  -0.0005   0.0276   1.0000 
---------------------------------------

Execution Time: 0.017028 seconds
Exit code: 0
Extracted time: 0.017028

=== cuda (N=200, M=3000, iter=1) ===
Executing CUDA Version
Matrix Size: N=200, M=3000
Using GPU: NVIDIA GeForce MX230
Compute Capability: 6.1
Global Memory: 4.00 GB
--- Input Matrix (Snippet) ---
  0.1784   0.3997   0.1666   0.2121   0.0619   0.0541   0.2757   0.0478 
  0.6835   0.2185   0.1961   0.0248   0.6727   0.5442   0.9639   0.2818 
  0.1672   0.1685   0.5519   0.6728   0.6104   0.7387   0.7906   0.5769 
  0.4815   0.6118   0.5401   0.8225   0.6975   0.4157   0.2738   0.2554 
  0.9311   0.2895   0.4608   0.4579   0.4643   0.0754   0.2606   0.6549 
  0.7794   0.8132   0.7432   0.9474   0.3793   0.9794   0.6384   0.6187 
  0.1583   0.6916   0.6599   0.6962   0.3418   0.4218   0.2080   0.0566 
  0.5013   0.8661   0.8181   0.8221   0.2707   0.8748   0.9764   0.6529 
---------------------------------------

--- Output Correlation Matrix (Snippet) ---
  1.0000  -0.0079  -0.0189   0.0064  -0.0058   0.0126   0.0067  -0.0029 
 -0.0079   1.0000  -0.0219  -0.0305  -0.0129   0.0147  -0.0086   0.0305 
 -0.0189  -0.0219   1.0000   0.0110   0.0151   0.0069  -0.0076   0.0224 
  0.0064  -0.0305   0.0110   1.0000  -0.0143   0.0036   0.0036  -0.0167 
 -0.0058  -0.0129   0.0151  -0.0143   1.0000   0.0173  -0.0375  -0.0020 
  0.0126   0.0147   0.0069   0.0036   0.0173   1.0000  -0.0245   0.0187 
  0.0067  -0.0086  -0.0076   0.0036  -0.0375  -0.0245   1.0000  -0.0087 
 -0.0029   0.0305   0.0224  -0.0167  -0.0020   0.0187  -0.0087   1.0000 
---------------------------------------

Execution Time: 0.018256 seconds
Exit code: 0
Extracted time: 0.018256

=== cuda (N=200, M=3000, iter=2) ===
Executing CUDA Version
Matrix Size: N=200, M=3000
Using GPU: NVIDIA GeForce MX230
Compute Capability: 6.1
Global Memory: 4.00 GB
--- Input Matrix (Snippet) ---
  0.1784   0.3997   0.1666   0.2121   0.0619   0.0541   0.2757   0.0478 
  0.6835   0.2185   0.1961   0.0248   0.6727   0.5442   0.9639   0.2818 
  0.1672   0.1685   0.5519   0.6728   0.6104   0.7387   0.7906   0.5769 
  0.4815   0.6118   0.5401   0.8225   0.6975   0.4157   0.2738   0.2554 
  0.9311   0.2895   0.4608   0.4579   0.4643   0.0754   0.2606   0.6549 
  0.7794   0.8132   0.7432   0.9474   0.3793   0.9794   0.6384   0.6187 
  0.1583   0.6916   0.6599   0.6962   0.3418   0.4218   0.2080   0.0566 
  0.5013   0.8661   0.8181   0.8221   0.2707   0.8748   0.9764   0.6529 
---------------------------------------

--- Output Correlation Matrix (Snippet) ---
  1.0000  -0.0079  -0.0189   0.0064  -0.0058   0.0126   0.0067  -0.0029 
 -0.0079   1.0000  -0.0219  -0.0305  -0.0129   0.0147  -0.0086   0.0305 
 -0.0189  -0.0219   1.0000   0.0110   0.0151   0.0069  -0.0076   0.0224 
  0.0064  -0.0305   0.0110   1.0000  -0.0143   0.0036   0.0036  -0.0167 
 -0.0058  -0.0129   0.0151  -0.0143   1.0000   0.0173  -0.0375  -0.0020 
  0.0126   0.0147   0.0069   0.0036   0.0173   1.0000  -0.0245   0.0187 
  0.0067  -0.0086  -0.0076   0.0036  -0.0375  -0.0245   1.0000  -0.0087 
 -0.0029   0.0305   0.0224  -0.0167  -0.0020   0.0187  -0.0087   1.0000 
---------------------------------------

Execution Time: 0.018402 seconds
Exit code: 0
Extracted time: 0.018402

=== cuda (N=200, M=3000, iter=3) ===
Executing CUDA Version
Matrix Size: N=200, M=3000
Using GPU: NVIDIA GeForce MX230
Compute Capability: 6.1
Global Memory: 4.00 GB
--- Input Matrix (Snippet) ---
  0.1784   0.3997   0.1666   0.2121   0.0619   0.0541   0.2757   0.0478 
  0.6835   0.2185   0.1961   0.0248   0.6727   0.5442   0.9639   0.2818 
  0.1672   0.1685   0.5519   0.6728   0.6104   0.7387   0.7906   0.5769 
  0.4815   0.6118   0.5401   0.8225   0.6975   0.4157   0.2738   0.2554 
  0.9311   0.2895   0.4608   0.4579   0.4643   0.0754   0.2606   0.6549 
  0.7794   0.8132   0.7432   0.9474   0.3793   0.9794   0.6384   0.6187 
  0.1583   0.6916   0.6599   0.6962   0.3418   0.4218   0.2080   0.0566 
  0.5013   0.8661   0.8181   0.8221   0.2707   0.8748   0.9764   0.6529 
---------------------------------------

--- Output Correlation Matrix (Snippet) ---
  1.0000  -0.0079  -0.0189   0.0064  -0.0058   0.0126   0.0067  -0.0029 
 -0.0079   1.0000  -0.0219  -0.0305  -0.0129   0.0147  -0.0086   0.0305 
 -0.0189  -0.0219   1.0000   0.0110   0.0151   0.0069  -0.0076   0.0224 
  0.0064  -0.0305   0.0110   1.0000  -0.0143   0.0036   0.0036  -0.0167 
 -0.0058  -0.0129   0.0151  -0.0143   1.0000   0.0173  -0.0375  -0.0020 
  0.0126   0.0147   0.0069   0.0036   0.0173   1.0000  -0.0245   0.0187 
  0.0067  -0.0086  -0.0076   0.0036  -0.0375  -0.0245   1.0000  -0.0087 
 -0.0029   0.0305   0.0224  -0.0167  -0.0020   0.0187  -0.0087   1.0000 
---------------------------------------

Execution Time: 0.020192 seconds
Exit code: 0
Extracted time: 0.020192

=== cuda (N=500, M=500, iter=1) ===
Executing CUDA Version
Matrix Size: N=500, M=500
Using GPU: NVIDIA GeForce MX230
Compute Capability: 6.1
Global Memory: 4.00 GB
--- Input Matrix (Snippet) ---
  0.1784   0.3997   0.1666   0.2121   0.0619   0.0541   0.2757   0.0478 
  0.7832   0.1713   0.3731   0.1762   0.4492   0.9714   0.9770   0.4063 
  0.8579   0.2793   0.3497   0.6058   0.0737   0.1928   0.5753   0.2738 
  0.5231   0.4570   0.4980   0.9980   0.9538   0.4599   0.6245   0.8193 
  0.2355   0.3513   0.2187   0.2880   0.0186   0.3609   0.1549   0.3504 
  0.2459   0.4850   0.0104   0.8695   0.6495   0.6553   0.0003   0.2781 
  0.6835   0.2185   0.1961   0.0248   0.6727   0.5442   0.9639   0.2818 
  0.7949   0.9540   0.3739   0.6583   0.6555   0.8941   0.8713   0.9372 
---------------------------------------

--- Output Correlation Matrix (Snippet) ---
  1.0000   0.0256   0.0236  -0.0521   0.0384   0.0583   0.0019  -0.0393 
  0.0256   1.0000  -0.0126  -0.0000   0.0707   0.0208   0.0440  -0.0621 
  0.0236  -0.0126   1.0000  -0.0210  -0.0033   0.0142  -0.0386   0.0410 
 -0.0521  -0.0000  -0.0210   1.0000   0.0182   0.0262  -0.0804  -0.0467 
  0.0384   0.0707  -0.0033   0.0182   1.0000   0.0061  -0.0249  -0.0272 
  0.0583   0.0208   0.0142   0.0262   0.0061   1.0000  -0.1227   0.0816 
  0.0019   0.0440  -0.0386  -0.0804  -0.0249  -0.1227   1.0000   0.0038 
 -0.0393  -0.0621   0.0410  -0.0467  -0.0272   0.0816   0.0038   1.0000 
---------------------------------------

Execution Time: 0.017479 seconds
Exit code: 0
Extracted time: 0.017479

=== cuda (N=500, M=500, iter=2) ===
Executing CUDA Version
Matrix Size: N=500, M=500
Using GPU: NVIDIA GeForce MX230
Compute Capability: 6.1
Global Memory: 4.00 GB
--- Input Matrix (Snippet) ---
  0.1784   0.3997   0.1666   0.2121   0.0619   0.0541   0.2757   0.0478 
  0.7832   0.1713   0.3731   0.1762   0.4492   0.9714   0.9770   0.4063 
  0.8579   0.2793   0.3497   0.6058   0.0737   0.1928   0.5753   0.2738 
  0.5231   0.4570   0.4980   0.9980   0.9538   0.4599   0.6245   0.8193 
  0.2355   0.3513   0.2187   0.2880   0.0186   0.3609   0.1549   0.3504 
  0.2459   0.4850   0.0104   0.8695   0.6495   0.6553   0.0003   0.2781 
  0.6835   0.2185   0.1961   0.0248   0.6727   0.5442   0.9639   0.2818 
  0.7949   0.9540   0.3739   0.6583   0.6555   0.8941   0.8713   0.9372 
---------------------------------------

--- Output Correlation Matrix (Snippet) ---
  1.0000   0.0256   0.0236  -0.0521   0.0384   0.0583   0.0019  -0.0393 
  0.0256   1.0000  -0.0126  -0.0000   0.0707   0.0208   0.0440  -0.0621 
  0.0236  -0.0126   1.0000  -0.0210  -0.0033   0.0142  -0.0386   0.0410 
 -0.0521  -0.0000  -0.0210   1.0000   0.0182   0.0262  -0.0804  -0.0467 
  0.0384   0.0707  -0.0033   0.0182   1.0000   0.0061  -0.0249  -0.0272 
  0.0583   0.0208   0.0142   0.0262   0.0061   1.0000  -0.1227   0.0816 
  0.0019   0.0440  -0.0386  -0.0804  -0.0249  -0.1227   1.0000   0.0038 
 -0.0393  -0.0621   0.0410  -0.0467  -0.0272   0.0816   0.0038   1.0000 
---------------------------------------

Execution Time: 0.017542 seconds
Exit code: 0
Extracted time: 0.017542

=== cuda (N=500, M=500, iter=3) ===
Executing CUDA Version
Matrix Size: N=500, M=500
Using GPU: NVIDIA GeForce MX230
Compute Capability: 6.1
Global Memory: 4.00 GB
--- Input Matrix (Snippet) ---
  0.1784   0.3997   0.1666   0.2121   0.0619   0.0541   0.2757   0.0478 
  0.7832   0.1713   0.3731   0.1762   0.4492   0.9714   0.9770   0.4063 
  0.8579   0.2793   0.3497   0.6058   0.0737   0.1928   0.5753   0.2738 
  0.5231   0.4570   0.4980   0.9980   0.9538   0.4599   0.6245   0.8193 
  0.2355   0.3513   0.2187   0.2880   0.0186   0.3609   0.1549   0.3504 
  0.2459   0.4850   0.0104   0.8695   0.6495   0.6553   0.0003   0.2781 
  0.6835   0.2185   0.1961   0.0248   0.6727   0.5442   0.9639   0.2818 
  0.7949   0.9540   0.3739   0.6583   0.6555   0.8941   0.8713   0.9372 
---------------------------------------

--- Output Correlation Matrix (Snippet) ---
  1.0000   0.0256   0.0236  -0.0521   0.0384   0.0583   0.0019  -0.0393 
  0.0256   1.0000  -0.0126  -0.0000   0.0707   0.0208   0.0440  -0.0621 
  0.0236  -0.0126   1.0000  -0.0210  -0.0033   0.0142  -0.0386   0.0410 
 -0.0521  -0.0000  -0.0210   1.0000   0.0182   0.0262  -0.0804  -0.0467 
  0.0384   0.0707  -0.0033   0.0182   1.0000   0.0061  -0.0249  -0.0272 
  0.0583   0.0208   0.0142   0.0262   0.0061   1.0000  -0.1227   0.0816 
  0.0019   0.0440  -0.0386  -0.0804  -0.0249  -0.1227   1.0000   0.0038 
 -0.0393  -0.0621   0.0410  -0.0467  -0.0272   0.0816   0.0038   1.0000 
---------------------------------------

Execution Time: 0.018404 seconds
Exit code: 0
Extracted time: 0.018404

=== cuda (N=500, M=1000, iter=1) ===
Executing CUDA Version
Matrix Size: N=500, M=1000
Using GPU: NVIDIA GeForce MX230
Compute Capability: 6.1
Global Memory: 4.00 GB
--- Input Matrix (Snippet) ---
  0.1784   0.3997   0.1666   0.2121   0.0619   0.0541   0.2757   0.0478 
  0.8579   0.2793   0.3497   0.6058   0.0737   0.1928   0.5753   0.2738 
  0.2355   0.3513   0.2187   0.2880   0.0186   0.3609   0.1549   0.3504 
  0.6835   0.2185   0.1961   0.0248   0.6727   0.5442   0.9639   0.2818 
  0.7361   0.6262   0.2348   0.0727   0.7465   0.0340   0.4242   0.2949 
  0.9063   0.4440   0.7253   0.1379   0.7956   0.9051   0.0964   0.8206 
  0.1672   0.1685   0.5519   0.6728   0.6104   0.7387   0.7906   0.5769 
  0.3751   0.2483   0.8508   0.0803   0.3567   0.4930   0.2261   0.4608 
---------------------------------------

--- Output Correlation Matrix (Snippet) ---
  1.0000   0.0109   0.0293  -0.0304   0.0102   0.0139   0.0044  -0.0106 
  0.0109   1.0000   0.0119  -0.0427  -0.0041  -0.0632  -0.0605  -0.0605 
  0.0293   0.0119   1.0000   0.0276   0.0204   0.0119   0.0083   0.0077 
 -0.0304  -0.0427   0.0276   1.0000   0.0269   0.0239   0.0206   0.0100 
  0.0102  -0.0041   0.0204   0.0269   1.0000   0.0015  -0.0140  -0.0381 
  0.0139  -0.0632   0.0119   0.0239   0.0015   1.0000  -0.0124   0.0481 
  0.0044  -0.0605   0.0083   0.0206  -0.0140  -0.0124   1.0000   0.0370 
 -0.0106  -0.0605   0.0077   0.0100  -0.0381   0.0481   0.0370   1.0000 
---------------------------------------

Execution Time: 0.032622 seconds
Exit code: 0
Extracted time: 0.032622

=== cuda (N=500, M=1000, iter=2) ===
Executing CUDA Version
Matrix Size: N=500, M=1000
Using GPU: NVIDIA GeForce MX230
Compute Capability: 6.1
Global Memory: 4.00 GB
--- Input Matrix (Snippet) ---
  0.1784   0.3997   0.1666   0.2121   0.0619   0.0541   0.2757   0.0478 
  0.8579   0.2793   0.3497   0.6058   0.0737   0.1928   0.5753   0.2738 
  0.2355   0.3513   0.2187   0.2880   0.0186   0.3609   0.1549   0.3504 
  0.6835   0.2185   0.1961   0.0248   0.6727   0.5442   0.9639   0.2818 
  0.7361   0.6262   0.2348   0.0727   0.7465   0.0340   0.4242   0.2949 
  0.9063   0.4440   0.7253   0.1379   0.7956   0.9051   0.0964   0.8206 
  0.1672   0.1685   0.5519   0.6728   0.6104   0.7387   0.7906   0.5769 
  0.3751   0.2483   0.8508   0.0803   0.3567   0.4930   0.2261   0.4608 
---------------------------------------

--- Output Correlation Matrix (Snippet) ---
  1.0000   0.0109   0.0293  -0.0304   0.0102   0.0139   0.0044  -0.0106 
  0.0109   1.0000   0.0119  -0.0427  -0.0041  -0.0632  -0.0605  -0.0605 
  0.0293   0.0119   1.0000   0.0276   0.0204   0.0119   0.0083   0.0077 
 -0.0304  -0.0427   0.0276   1.0000   0.0269   0.0239   0.0206   0.0100 
  0.0102  -0.0041   0.0204   0.0269   1.0000   0.0015  -0.0140  -0.0381 
  0.0139  -0.0632   0.0119   0.0239   0.0015   1.0000  -0.0124   0.0481 
  0.0044  -0.0605   0.0083   0.0206  -0.0140  -0.0124   1.0000   0.0370 
 -0.0106  -0.0605   0.0077   0.0100  -0.0381   0.0481   0.0370   1.0000 
---------------------------------------

Execution Time: 0.032486 seconds
Exit code: 0
Extracted time: 0.032486

=== cuda (N=500, M=1000, iter=3) ===
Executing CUDA Version
Matrix Size: N=500, M=1000
Using GPU: NVIDIA GeForce MX230
Compute Capability: 6.1
Global Memory: 4.00 GB
--- Input Matrix (Snippet) ---
  0.1784   0.3997   0.1666   0.2121   0.0619   0.0541   0.2757   0.0478 
  0.8579   0.2793   0.3497   0.6058   0.0737   0.1928   0.5753   0.2738 
  0.2355   0.3513   0.2187   0.2880   0.0186   0.3609   0.1549   0.3504 
  0.6835   0.2185   0.1961   0.0248   0.6727   0.5442   0.9639   0.2818 
  0.7361   0.6262   0.2348   0.0727   0.7465   0.0340   0.4242   0.2949 
  0.9063   0.4440   0.7253   0.1379   0.7956   0.9051   0.0964   0.8206 
  0.1672   0.1685   0.5519   0.6728   0.6104   0.7387   0.7906   0.5769 
  0.3751   0.2483   0.8508   0.0803   0.3567   0.4930   0.2261   0.4608 
---------------------------------------

--- Output Correlation Matrix (Snippet) ---
  1.0000   0.0109   0.0293  -0.0304   0.0102   0.0139   0.0044  -0.0106 
  0.0109   1.0000   0.0119  -0.0427  -0.0041  -0.0632  -0.0605  -0.0605 
  0.0293   0.0119   1.0000   0.0276   0.0204   0.0119   0.0083   0.0077 
 -0.0304  -0.0427   0.0276   1.0000   0.0269   0.0239   0.0206   0.0100 
  0.0102  -0.0041   0.0204   0.0269   1.0000   0.0015  -0.0140  -0.0381 
  0.0139  -0.0632   0.0119   0.0239   0.0015   1.0000  -0.0124   0.0481 
  0.0044  -0.0605   0.0083   0.0206  -0.0140  -0.0124   1.0000   0.0370 
 -0.0106  -0.0605   0.0077   0.0100  -0.0381   0.0481   0.0370   1.0000 
---------------------------------------

Execution Time: 0.032047 seconds
Exit code: 0
Extracted time: 0.032047

=== cuda (N=500, M=1500, iter=1) ===
Executing CUDA Version
Matrix Size: N=500, M=1500
Using GPU: NVIDIA GeForce MX230
Compute Capability: 6.1
Global Memory: 4.00 GB
--- Input Matrix (Snippet) ---
  0.1784   0.3997   0.1666   0.2121   0.0619   0.0541   0.2757   0.0478 
  0.5231   0.4570   0.4980   0.9980   0.9538   0.4599   0.6245   0.8193 
  0.6835   0.2185   0.1961   0.0248   0.6727   0.5442   0.9639   0.2818 
  0.6730   0.3860   0.7919   0.3859   0.4882   0.1123   0.5655   0.3819 
  0.1672   0.1685   0.5519   0.6728   0.6104   0.7387   0.7906   0.5769 
  0.2896   0.8828   0.9025   0.7990   0.6499   0.1416   0.2104   0.8247 
  0.4815   0.6118   0.5401   0.8225   0.6975   0.4157   0.2738   0.2554 
  0.5062   0.5588   0.9413   0.5000   0.5328   0.1062   0.3400   0.7122 
---------------------------------------

--- Output Correlation Matrix (Snippet) ---
  1.0000   0.0111  -0.0267  -0.0267  -0.0210   0.0113   0.0004   0.0095 
  0.0111   1.0000  -0.0268   0.0110   0.0518  -0.0168   0.0241   0.0123 
 -0.0267  -0.0268   1.0000   0.0289   0.0020  -0.0170  -0.0226  -0.0030 
 -0.0267   0.0110   0.0289   1.0000   0.0178  -0.0459   0.0215  -0.0381 
 -0.0210   0.0518   0.0020   0.0178   1.0000   0.0124  -0.0130  -0.0079 
  0.0113  -0.0168  -0.0170  -0.0459   0.0124   1.0000   0.0043   0.0352 
  0.0004   0.0241  -0.0226   0.0215  -0.0130   0.0043   1.0000  -0.0296 
  0.0095   0.0123  -0.0030  -0.0381  -0.0079   0.0352  -0.0296   1.0000 
---------------------------------------

Execution Time: 0.044719 seconds
Exit code: 0
Extracted time: 0.044719

=== cuda (N=500, M=1500, iter=2) ===
Executing CUDA Version
Matrix Size: N=500, M=1500
Using GPU: NVIDIA GeForce MX230
Compute Capability: 6.1
Global Memory: 4.00 GB
--- Input Matrix (Snippet) ---
  0.1784   0.3997   0.1666   0.2121   0.0619   0.0541   0.2757   0.0478 
  0.5231   0.4570   0.4980   0.9980   0.9538   0.4599   0.6245   0.8193 
  0.6835   0.2185   0.1961   0.0248   0.6727   0.5442   0.9639   0.2818 
  0.6730   0.3860   0.7919   0.3859   0.4882   0.1123   0.5655   0.3819 
  0.1672   0.1685   0.5519   0.6728   0.6104   0.7387   0.7906   0.5769 
  0.2896   0.8828   0.9025   0.7990   0.6499   0.1416   0.2104   0.8247 
  0.4815   0.6118   0.5401   0.8225   0.6975   0.4157   0.2738   0.2554 
  0.5062   0.5588   0.9413   0.5000   0.5328   0.1062   0.3400   0.7122 
---------------------------------------

--- Output Correlation Matrix (Snippet) ---
  1.0000   0.0111  -0.0267  -0.0267  -0.0210   0.0113   0.0004   0.0095 
  0.0111   1.0000  -0.0268   0.0110   0.0518  -0.0168   0.0241   0.0123 
 -0.0267  -0.0268   1.0000   0.0289   0.0020  -0.0170  -0.0226  -0.0030 
 -0.0267   0.0110   0.0289   1.0000   0.0178  -0.0459   0.0215  -0.0381 
 -0.0210   0.0518   0.0020   0.0178   1.0000   0.0124  -0.0130  -0.0079 
  0.0113  -0.0168  -0.0170  -0.0459   0.0124   1.0000   0.0043   0.0352 
  0.0004   0.0241  -0.0226   0.0215  -0.0130   0.0043   1.0000  -0.0296 
  0.0095   0.0123  -0.0030  -0.0381  -0.0079   0.0352  -0.0296   1.0000 
---------------------------------------

Execution Time: 0.044870 seconds
Exit code: 0
Extracted time: 0.044870

=== cuda (N=500, M=1500, iter=3) ===
Executing CUDA Version
Matrix Size: N=500, M=1500
Using GPU: NVIDIA GeForce MX230
Compute Capability: 6.1
Global Memory: 4.00 GB
--- Input Matrix (Snippet) ---
  0.1784   0.3997   0.1666   0.2121   0.0619   0.0541   0.2757   0.0478 
  0.5231   0.4570   0.4980   0.9980   0.9538   0.4599   0.6245   0.8193 
  0.6835   0.2185   0.1961   0.0248   0.6727   0.5442   0.9639   0.2818 
  0.6730   0.3860   0.7919   0.3859   0.4882   0.1123   0.5655   0.3819 
  0.1672   0.1685   0.5519   0.6728   0.6104   0.7387   0.7906   0.5769 
  0.2896   0.8828   0.9025   0.7990   0.6499   0.1416   0.2104   0.8247 
  0.4815   0.6118   0.5401   0.8225   0.6975   0.4157   0.2738   0.2554 
  0.5062   0.5588   0.9413   0.5000   0.5328   0.1062   0.3400   0.7122 
---------------------------------------

--- Output Correlation Matrix (Snippet) ---
  1.0000   0.0111  -0.0267  -0.0267  -0.0210   0.0113   0.0004   0.0095 
  0.0111   1.0000  -0.0268   0.0110   0.0518  -0.0168   0.0241   0.0123 
 -0.0267  -0.0268   1.0000   0.0289   0.0020  -0.0170  -0.0226  -0.0030 
 -0.0267   0.0110   0.0289   1.0000   0.0178  -0.0459   0.0215  -0.0381 
 -0.0210   0.0518   0.0020   0.0178   1.0000   0.0124  -0.0130  -0.0079 
  0.0113  -0.0168  -0.0170  -0.0459   0.0124   1.0000   0.0043   0.0352 
  0.0004   0.0241  -0.0226   0.0215  -0.0130   0.0043   1.0000  -0.0296 
  0.0095   0.0123  -0.0030  -0.0381  -0.0079   0.0352  -0.0296   1.0000 
---------------------------------------

Execution Time: 0.043851 seconds
Exit code: 0
Extracted time: 0.043851

=== cuda (N=500, M=2000, iter=1) ===
Executing CUDA Version
Matrix Size: N=500, M=2000
Using GPU: NVIDIA GeForce MX230
Compute Capability: 6.1
Global Memory: 4.00 GB
--- Input Matrix (Snippet) ---
  0.1784   0.3997   0.1666   0.2121   0.0619   0.0541   0.2757   0.0478 
  0.2355   0.3513   0.2187   0.2880   0.0186   0.3609   0.1549   0.3504 
  0.7361   0.6262   0.2348   0.0727   0.7465   0.0340   0.4242   0.2949 
  0.1672   0.1685   0.5519   0.6728   0.6104   0.7387   0.7906   0.5769 
  0.9290   0.7971   0.1292   0.8444   0.4470   0.9848   0.7467   0.6753 
  0.6577   0.0369   0.3331   0.8758   0.2217   0.6708   0.6280   0.0000 
  0.9311   0.2895   0.4608   0.4579   0.4643   0.0754   0.2606   0.6549 
  0.2649   0.2373   0.6548   0.4642   0.2228   0.6153   0.1826   0.9288 
---------------------------------------

--- Output Correlation Matrix (Snippet) ---
  1.0000  -0.0069  -0.0270  -0.0283   0.0410  -0.0121  -0.0445  -0.0154 
 -0.0069   1.0000   0.0227   0.0096  -0.0277  -0.0158   0.0245   0.0515 
 -0.0270   0.0227   1.0000   0.0181  -0.0084  -0.0181   0.0164   0.0039 
 -0.0283   0.0096   0.0181   1.0000  -0.0407   0.0316   0.0226   0.0055 
  0.0410  -0.0277  -0.0084  -0.0407   1.0000  -0.0453   0.0127  -0.0128 
 -0.0121  -0.0158  -0.0181   0.0316  -0.0453   1.0000  -0.0070  -0.0285 
 -0.0445   0.0245   0.0164   0.0226   0.0127  -0.0070   1.0000   0.0225 
 -0.0154   0.0515   0.0039   0.0055  -0.0128  -0.0285   0.0225   1.0000 
---------------------------------------

Execution Time: 0.057512 seconds
Exit code: 0
Extracted time: 0.057512

=== cuda (N=500, M=2000, iter=2) ===
Executing CUDA Version
Matrix Size: N=500, M=2000
Using GPU: NVIDIA GeForce MX230
Compute Capability: 6.1
Global Memory: 4.00 GB
--- Input Matrix (Snippet) ---
  0.1784   0.3997   0.1666   0.2121   0.0619   0.0541   0.2757   0.0478 
  0.2355   0.3513   0.2187   0.2880   0.0186   0.3609   0.1549   0.3504 
  0.7361   0.6262   0.2348   0.0727   0.7465   0.0340   0.4242   0.2949 
  0.1672   0.1685   0.5519   0.6728   0.6104   0.7387   0.7906   0.5769 
  0.9290   0.7971   0.1292   0.8444   0.4470   0.9848   0.7467   0.6753 
  0.6577   0.0369   0.3331   0.8758   0.2217   0.6708   0.6280   0.0000 
  0.9311   0.2895   0.4608   0.4579   0.4643   0.0754   0.2606   0.6549 
  0.2649   0.2373   0.6548   0.4642   0.2228   0.6153   0.1826   0.9288 
---------------------------------------

--- Output Correlation Matrix (Snippet) ---
  1.0000  -0.0069  -0.0270  -0.0283   0.0410  -0.0121  -0.0445  -0.0154 
 -0.0069   1.0000   0.0227   0.0096  -0.0277  -0.0158   0.0245   0.0515 
 -0.0270   0.0227   1.0000   0.0181  -0.0084  -0.0181   0.0164   0.0039 
 -0.0283   0.0096   0.0181   1.0000  -0.0407   0.0316   0.0226   0.0055 
  0.0410  -0.0277  -0.0084  -0.0407   1.0000  -0.0453   0.0127  -0.0128 
 -0.0121  -0.0158  -0.0181   0.0316  -0.0453   1.0000  -0.0070  -0.0285 
 -0.0445   0.0245   0.0164   0.0226   0.0127  -0.0070   1.0000   0.0225 
 -0.0154   0.0515   0.0039   0.0055  -0.0128  -0.0285   0.0225   1.0000 
---------------------------------------

Execution Time: 0.058290 seconds
Exit code: 0
Extracted time: 0.058290

=== cuda (N=500, M=2000, iter=3) ===
Executing CUDA Version
Matrix Size: N=500, M=2000
Using GPU: NVIDIA GeForce MX230
Compute Capability: 6.1
Global Memory: 4.00 GB
--- Input Matrix (Snippet) ---
  0.1784   0.3997   0.1666   0.2121   0.0619   0.0541   0.2757   0.0478 
  0.2355   0.3513   0.2187   0.2880   0.0186   0.3609   0.1549   0.3504 
  0.7361   0.6262   0.2348   0.0727   0.7465   0.0340   0.4242   0.2949 
  0.1672   0.1685   0.5519   0.6728   0.6104   0.7387   0.7906   0.5769 
  0.9290   0.7971   0.1292   0.8444   0.4470   0.9848   0.7467   0.6753 
  0.6577   0.0369   0.3331   0.8758   0.2217   0.6708   0.6280   0.0000 
  0.9311   0.2895   0.4608   0.4579   0.4643   0.0754   0.2606   0.6549 
  0.2649   0.2373   0.6548   0.4642   0.2228   0.6153   0.1826   0.9288 
---------------------------------------

--- Output Correlation Matrix (Snippet) ---
  1.0000  -0.0069  -0.0270  -0.0283   0.0410  -0.0121  -0.0445  -0.0154 
 -0.0069   1.0000   0.0227   0.0096  -0.0277  -0.0158   0.0245   0.0515 
 -0.0270   0.0227   1.0000   0.0181  -0.0084  -0.0181   0.0164   0.0039 
 -0.0283   0.0096   0.0181   1.0000  -0.0407   0.0316   0.0226   0.0055 
  0.0410  -0.0277  -0.0084  -0.0407   1.0000  -0.0453   0.0127  -0.0128 
 -0.0121  -0.0158  -0.0181   0.0316  -0.0453   1.0000  -0.0070  -0.0285 
 -0.0445   0.0245   0.0164   0.0226   0.0127  -0.0070   1.0000   0.0225 
 -0.0154   0.0515   0.0039   0.0055  -0.0128  -0.0285   0.0225   1.0000 
---------------------------------------

Execution Time: 0.056777 seconds
Exit code: 0
Extracted time: 0.056777

=== cuda (N=500, M=2500, iter=1) ===
Executing CUDA Version
Matrix Size: N=500, M=2500
Using GPU: NVIDIA GeForce MX230
Compute Capability: 6.1
Global Memory: 4.00 GB
--- Input Matrix (Snippet) ---
  0.1784   0.3997   0.1666   0.2121   0.0619   0.0541   0.2757   0.0478 
  0.2459   0.4850   0.0104   0.8695   0.6495   0.6553   0.0003   0.2781 
  0.9063   0.4440   0.7253   0.1379   0.7956   0.9051   0.0964   0.8206 
  0.2896   0.8828   0.9025   0.7990   0.6499   0.1416   0.2104   0.8247 
  0.6577   0.0369   0.3331   0.8758   0.2217   0.6708   0.6280   0.0000 
  0.0891   0.9237   0.8383   0.8221   0.7560   0.6990   0.3387   0.4892 
  0.7794   0.8132   0.7432   0.9474   0.3793   0.9794   0.6384   0.6187 
  0.0842   0.1832   0.3542   0.9223   0.4774   0.3511   0.6550   0.4676 
---------------------------------------

--- Output Correlation Matrix (Snippet) ---
  1.0000   0.0305  -0.0212   0.0233  -0.0160  -0.0192   0.0017  -0.0016 
  0.0305   1.0000   0.0092   0.0212   0.0022   0.0280  -0.0362  -0.0159 
 -0.0212   0.0092   1.0000  -0.0060   0.0119   0.0228  -0.0218  -0.0016 
  0.0233   0.0212  -0.0060   1.0000  -0.0190  -0.0385  -0.0178   0.0073 
 -0.0160   0.0022   0.0119  -0.0190   1.0000   0.0217   0.0011  -0.0372 
 -0.0192   0.0280   0.0228  -0.0385   0.0217   1.0000  -0.0358  -0.0005 
  0.0017  -0.0362  -0.0218  -0.0178   0.0011  -0.0358   1.0000   0.0276 
 -0.0016  -0.0159  -0.0016   0.0073  -0.0372  -0.0005   0.0276   1.0000 
---------------------------------------

Execution Time: 0.071238 seconds
Exit code: 0
Extracted time: 0.071238

=== cuda (N=500, M=2500, iter=2) ===
Executing CUDA Version
Matrix Size: N=500, M=2500
Using GPU: NVIDIA GeForce MX230
Compute Capability: 6.1
Global Memory: 4.00 GB
--- Input Matrix (Snippet) ---
  0.1784   0.3997   0.1666   0.2121   0.0619   0.0541   0.2757   0.0478 
  0.2459   0.4850   0.0104   0.8695   0.6495   0.6553   0.0003   0.2781 
  0.9063   0.4440   0.7253   0.1379   0.7956   0.9051   0.0964   0.8206 
  0.2896   0.8828   0.9025   0.7990   0.6499   0.1416   0.2104   0.8247 
  0.6577   0.0369   0.3331   0.8758   0.2217   0.6708   0.6280   0.0000 
  0.0891   0.9237   0.8383   0.8221   0.7560   0.6990   0.3387   0.4892 
  0.7794   0.8132   0.7432   0.9474   0.3793   0.9794   0.6384   0.6187 
  0.0842   0.1832   0.3542   0.9223   0.4774   0.3511   0.6550   0.4676 
---------------------------------------

--- Output Correlation Matrix (Snippet) ---
  1.0000   0.0305  -0.0212   0.0233  -0.0160  -0.0192   0.0017  -0.0016 
  0.0305   1.0000   0.0092   0.0212   0.0022   0.0280  -0.0362  -0.0159 
 -0.0212   0.0092   1.0000  -0.0060   0.0119   0.0228  -0.0218  -0.0016 
  0.0233   0.0212  -0.0060   1.0000  -0.0190  -0.0385  -0.0178   0.0073 
 -0.0160   0.0022   0.0119  -0.0190   1.0000   0.0217   0.0011  -0.0372 
 -0.0192   0.0280   0.0228  -0.0385   0.0217   1.0000  -0.0358  -0.0005 
  0.0017  -0.0362  -0.0218  -0.0178   0.0011  -0.0358   1.0000   0.0276 
 -0.0016  -0.0159  -0.0016   0.0073  -0.0372  -0.0005   0.0276   1.0000 
---------------------------------------

Execution Time: 0.072089 seconds
Exit code: 0
Extracted time: 0.072089

=== cuda (N=500, M=2500, iter=3) ===
Executing CUDA Version
Matrix Size: N=500, M=2500
Using GPU: NVIDIA GeForce MX230
Compute Capability: 6.1
Global Memory: 4.00 GB
--- Input Matrix (Snippet) ---
  0.1784   0.3997   0.1666   0.2121   0.0619   0.0541   0.2757   0.0478 
  0.2459   0.4850   0.0104   0.8695   0.6495   0.6553   0.0003   0.2781 
  0.9063   0.4440   0.7253   0.1379   0.7956   0.9051   0.0964   0.8206 
  0.2896   0.8828   0.9025   0.7990   0.6499   0.1416   0.2104   0.8247 
  0.6577   0.0369   0.3331   0.8758   0.2217   0.6708   0.6280   0.0000 
  0.0891   0.9237   0.8383   0.8221   0.7560   0.6990   0.3387   0.4892 
  0.7794   0.8132   0.7432   0.9474   0.3793   0.9794   0.6384   0.6187 
  0.0842   0.1832   0.3542   0.9223   0.4774   0.3511   0.6550   0.4676 
---------------------------------------

--- Output Correlation Matrix (Snippet) ---
  1.0000   0.0305  -0.0212   0.0233  -0.0160  -0.0192   0.0017  -0.0016 
  0.0305   1.0000   0.0092   0.0212   0.0022   0.0280  -0.0362  -0.0159 
 -0.0212   0.0092   1.0000  -0.0060   0.0119   0.0228  -0.0218  -0.0016 
  0.0233   0.0212  -0.0060   1.0000  -0.0190  -0.0385  -0.0178   0.0073 
 -0.0160   0.0022   0.0119  -0.0190   1.0000   0.0217   0.0011  -0.0372 
 -0.0192   0.0280   0.0228  -0.0385   0.0217   1.0000  -0.0358  -0.0005 
  0.0017  -0.0362  -0.0218  -0.0178   0.0011  -0.0358   1.0000   0.0276 
 -0.0016  -0.0159  -0.0016   0.0073  -0.0372  -0.0005   0.0276   1.0000 
---------------------------------------

Execution Time: 0.070494 seconds
Exit code: 0
Extracted time: 0.070494

=== cuda (N=500, M=3000, iter=1) ===
Executing CUDA Version
Matrix Size: N=500, M=3000
Using GPU: NVIDIA GeForce MX230
Compute Capability: 6.1
Global Memory: 4.00 GB
--- Input Matrix (Snippet) ---
  0.1784   0.3997   0.1666   0.2121   0.0619   0.0541   0.2757   0.0478 
  0.6835   0.2185   0.1961   0.0248   0.6727   0.5442   0.9639   0.2818 
  0.1672   0.1685   0.5519   0.6728   0.6104   0.7387   0.7906   0.5769 
  0.4815   0.6118   0.5401   0.8225   0.6975   0.4157   0.2738   0.2554 
  0.9311   0.2895   0.4608   0.4579   0.4643   0.0754   0.2606   0.6549 
  0.7794   0.8132   0.7432   0.9474   0.3793   0.9794   0.6384   0.6187 
  0.1583   0.6916   0.6599   0.6962   0.3418   0.4218   0.2080   0.0566 
  0.5013   0.8661   0.8181   0.8221   0.2707   0.8748   0.9764   0.6529 
---------------------------------------

--- Output Correlation Matrix (Snippet) ---
  1.0000  -0.0079  -0.0189   0.0064  -0.0058   0.0126   0.0067  -0.0029 
 -0.0079   1.0000  -0.0219  -0.0305  -0.0129   0.0147  -0.0086   0.0305 
 -0.0189  -0.0219   1.0000   0.0110   0.0151   0.0069  -0.0076   0.0224 
  0.0064  -0.0305   0.0110   1.0000  -0.0143   0.0036   0.0036  -0.0167 
 -0.0058  -0.0129   0.0151  -0.0143   1.0000   0.0173  -0.0375  -0.0020 
  0.0126   0.0147   0.0069   0.0036   0.0173   1.0000  -0.0245   0.0187 
  0.0067  -0.0086  -0.0076   0.0036  -0.0375  -0.0245   1.0000  -0.0087 
 -0.0029   0.0305   0.0224  -0.0167  -0.0020   0.0187  -0.0087   1.0000 
---------------------------------------

Execution Time: 0.082538 seconds
Exit code: 0
Extracted time: 0.082538

=== cuda (N=500, M=3000, iter=2) ===
Executing CUDA Version
Matrix Size: N=500, M=3000
Using GPU: NVIDIA GeForce MX230
Compute Capability: 6.1
Global Memory: 4.00 GB
--- Input Matrix (Snippet) ---
  0.1784   0.3997   0.1666   0.2121   0.0619   0.0541   0.2757   0.0478 
  0.6835   0.2185   0.1961   0.0248   0.6727   0.5442   0.9639   0.2818 
  0.1672   0.1685   0.5519   0.6728   0.6104   0.7387   0.7906   0.5769 
  0.4815   0.6118   0.5401   0.8225   0.6975   0.4157   0.2738   0.2554 
  0.9311   0.2895   0.4608   0.4579   0.4643   0.0754   0.2606   0.6549 
  0.7794   0.8132   0.7432   0.9474   0.3793   0.9794   0.6384   0.6187 
  0.1583   0.6916   0.6599   0.6962   0.3418   0.4218   0.2080   0.0566 
  0.5013   0.8661   0.8181   0.8221   0.2707   0.8748   0.9764   0.6529 
---------------------------------------

--- Output Correlation Matrix (Snippet) ---
  1.0000  -0.0079  -0.0189   0.0064  -0.0058   0.0126   0.0067  -0.0029 
 -0.0079   1.0000  -0.0219  -0.0305  -0.0129   0.0147  -0.0086   0.0305 
 -0.0189  -0.0219   1.0000   0.0110   0.0151   0.0069  -0.0076   0.0224 
  0.0064  -0.0305   0.0110   1.0000  -0.0143   0.0036   0.0036  -0.0167 
 -0.0058  -0.0129   0.0151  -0.0143   1.0000   0.0173  -0.0375  -0.0020 
  0.0126   0.0147   0.0069   0.0036   0.0173   1.0000  -0.0245   0.0187 
  0.0067  -0.0086  -0.0076   0.0036  -0.0375  -0.0245   1.0000  -0.0087 
 -0.0029   0.0305   0.0224  -0.0167  -0.0020   0.0187  -0.0087   1.0000 
---------------------------------------

Execution Time: 0.082778 seconds
Exit code: 0
Extracted time: 0.082778

=== cuda (N=500, M=3000, iter=3) ===
Executing CUDA Version
Matrix Size: N=500, M=3000
Using GPU: NVIDIA GeForce MX230
Compute Capability: 6.1
Global Memory: 4.00 GB
--- Input Matrix (Snippet) ---
  0.1784   0.3997   0.1666   0.2121   0.0619   0.0541   0.2757   0.0478 
  0.6835   0.2185   0.1961   0.0248   0.6727   0.5442   0.9639   0.2818 
  0.1672   0.1685   0.5519   0.6728   0.6104   0.7387   0.7906   0.5769 
  0.4815   0.6118   0.5401   0.8225   0.6975   0.4157   0.2738   0.2554 
  0.9311   0.2895   0.4608   0.4579   0.4643   0.0754   0.2606   0.6549 
  0.7794   0.8132   0.7432   0.9474   0.3793   0.9794   0.6384   0.6187 
  0.1583   0.6916   0.6599   0.6962   0.3418   0.4218   0.2080   0.0566 
  0.5013   0.8661   0.8181   0.8221   0.2707   0.8748   0.9764   0.6529 
---------------------------------------

--- Output Correlation Matrix (Snippet) ---
  1.0000  -0.0079  -0.0189   0.0064  -0.0058   0.0126   0.0067  -0.0029 
 -0.0079   1.0000  -0.0219  -0.0305  -0.0129   0.0147  -0.0086   0.0305 
 -0.0189  -0.0219   1.0000   0.0110   0.0151   0.0069  -0.0076   0.0224 
  0.0064  -0.0305   0.0110   1.0000  -0.0143   0.0036   0.0036  -0.0167 
 -0.0058  -0.0129   0.0151  -0.0143   1.0000   0.0173  -0.0375  -0.0020 
  0.0126   0.0147   0.0069   0.0036   0.0173   1.0000  -0.0245   0.0187 
  0.0067  -0.0086  -0.0076   0.0036  -0.0375  -0.0245   1.0000  -0.0087 
 -0.0029   0.0305   0.0224  -0.0167  -0.0020   0.0187  -0.0087   1.0000 
---------------------------------------

Execution Time: 0.083391 seconds
Exit code: 0
Extracted time: 0.083391

=== cuda (N=1000, M=500, iter=1) ===
Executing CUDA Version
Matrix Size: N=1000, M=500
Using GPU: NVIDIA GeForce MX230
Compute Capability: 6.1
Global Memory: 4.00 GB
--- Input Matrix (Snippet) ---
  0.1784   0.3997   0.1666   0.2121   0.0619   0.0541   0.2757   0.0478 
  0.7832   0.1713   0.3731   0.1762   0.4492   0.9714   0.9770   0.4063 
  0.8579   0.2793   0.3497   0.6058   0.0737   0.1928   0.5753   0.2738 
  0.5231   0.4570   0.4980   0.9980   0.9538   0.4599   0.6245   0.8193 
  0.2355   0.3513   0.2187   0.2880   0.0186   0.3609   0.1549   0.3504 
  0.2459   0.4850   0.0104   0.8695   0.6495   0.6553   0.0003   0.2781 
  0.6835   0.2185   0.1961   0.0248   0.6727   0.5442   0.9639   0.2818 
  0.7949   0.9540   0.3739   0.6583   0.6555   0.8941   0.8713   0.9372 
---------------------------------------

--- Output Correlation Matrix (Snippet) ---
  1.0000   0.0256   0.0236  -0.0521   0.0384   0.0583   0.0019  -0.0393 
  0.0256   1.0000  -0.0126  -0.0000   0.0707   0.0208   0.0440  -0.0621 
  0.0236  -0.0126   1.0000  -0.0210  -0.0033   0.0142  -0.0386   0.0410 
 -0.0521  -0.0000  -0.0210   1.0000   0.0182   0.0262  -0.0804  -0.0467 
  0.0384   0.0707  -0.0033   0.0182   1.0000   0.0061  -0.0249  -0.0272 
  0.0583   0.0208   0.0142   0.0262   0.0061   1.0000  -0.1227   0.0816 
  0.0019   0.0440  -0.0386  -0.0804  -0.0249  -0.1227   1.0000   0.0038 
 -0.0393  -0.0621   0.0410  -0.0467  -0.0272   0.0816   0.0038   1.0000 
---------------------------------------

Execution Time: 0.059794 seconds
Exit code: 0
Extracted time: 0.059794

=== cuda (N=1000, M=500, iter=2) ===
Executing CUDA Version
Matrix Size: N=1000, M=500
Using GPU: NVIDIA GeForce MX230
Compute Capability: 6.1
Global Memory: 4.00 GB
--- Input Matrix (Snippet) ---
  0.1784   0.3997   0.1666   0.2121   0.0619   0.0541   0.2757   0.0478 
  0.7832   0.1713   0.3731   0.1762   0.4492   0.9714   0.9770   0.4063 
  0.8579   0.2793   0.3497   0.6058   0.0737   0.1928   0.5753   0.2738 
  0.5231   0.4570   0.4980   0.9980   0.9538   0.4599   0.6245   0.8193 
  0.2355   0.3513   0.2187   0.2880   0.0186   0.3609   0.1549   0.3504 
  0.2459   0.4850   0.0104   0.8695   0.6495   0.6553   0.0003   0.2781 
  0.6835   0.2185   0.1961   0.0248   0.6727   0.5442   0.9639   0.2818 
  0.7949   0.9540   0.3739   0.6583   0.6555   0.8941   0.8713   0.9372 
---------------------------------------

--- Output Correlation Matrix (Snippet) ---
  1.0000   0.0256   0.0236  -0.0521   0.0384   0.0583   0.0019  -0.0393 
  0.0256   1.0000  -0.0126  -0.0000   0.0707   0.0208   0.0440  -0.0621 
  0.0236  -0.0126   1.0000  -0.0210  -0.0033   0.0142  -0.0386   0.0410 
 -0.0521  -0.0000  -0.0210   1.0000   0.0182   0.0262  -0.0804  -0.0467 
  0.0384   0.0707  -0.0033   0.0182   1.0000   0.0061  -0.0249  -0.0272 
  0.0583   0.0208   0.0142   0.0262   0.0061   1.0000  -0.1227   0.0816 
  0.0019   0.0440  -0.0386  -0.0804  -0.0249  -0.1227   1.0000   0.0038 
 -0.0393  -0.0621   0.0410  -0.0467  -0.0272   0.0816   0.0038   1.0000 
---------------------------------------

Execution Time: 0.059091 seconds
Exit code: 0
Extracted time: 0.059091

=== cuda (N=1000, M=500, iter=3) ===
Executing CUDA Version
Matrix Size: N=1000, M=500
Using GPU: NVIDIA GeForce MX230
Compute Capability: 6.1
Global Memory: 4.00 GB
--- Input Matrix (Snippet) ---
  0.1784   0.3997   0.1666   0.2121   0.0619   0.0541   0.2757   0.0478 
  0.7832   0.1713   0.3731   0.1762   0.4492   0.9714   0.9770   0.4063 
  0.8579   0.2793   0.3497   0.6058   0.0737   0.1928   0.5753   0.2738 
  0.5231   0.4570   0.4980   0.9980   0.9538   0.4599   0.6245   0.8193 
  0.2355   0.3513   0.2187   0.2880   0.0186   0.3609   0.1549   0.3504 
  0.2459   0.4850   0.0104   0.8695   0.6495   0.6553   0.0003   0.2781 
  0.6835   0.2185   0.1961   0.0248   0.6727   0.5442   0.9639   0.2818 
  0.7949   0.9540   0.3739   0.6583   0.6555   0.8941   0.8713   0.9372 
---------------------------------------

--- Output Correlation Matrix (Snippet) ---
  1.0000   0.0256   0.0236  -0.0521   0.0384   0.0583   0.0019  -0.0393 
  0.0256   1.0000  -0.0126  -0.0000   0.0707   0.0208   0.0440  -0.0621 
  0.0236  -0.0126   1.0000  -0.0210  -0.0033   0.0142  -0.0386   0.0410 
 -0.0521  -0.0000  -0.0210   1.0000   0.0182   0.0262  -0.0804  -0.0467 
  0.0384   0.0707  -0.0033   0.0182   1.0000   0.0061  -0.0249  -0.0272 
  0.0583   0.0208   0.0142   0.0262   0.0061   1.0000  -0.1227   0.0816 
  0.0019   0.0440  -0.0386  -0.0804  -0.0249  -0.1227   1.0000   0.0038 
 -0.0393  -0.0621   0.0410  -0.0467  -0.0272   0.0816   0.0038   1.0000 
---------------------------------------

Execution Time: 0.060522 seconds
Exit code: 0
Extracted time: 0.060522

=== cuda (N=1000, M=1000, iter=1) ===
Executing CUDA Version
Matrix Size: N=1000, M=1000
Using GPU: NVIDIA GeForce MX230
Compute Capability: 6.1
Global Memory: 4.00 GB
--- Input Matrix (Snippet) ---
  0.1784   0.3997   0.1666   0.2121   0.0619   0.0541   0.2757   0.0478 
  0.8579   0.2793   0.3497   0.6058   0.0737   0.1928   0.5753   0.2738 
  0.2355   0.3513   0.2187   0.2880   0.0186   0.3609   0.1549   0.3504 
  0.6835   0.2185   0.1961   0.0248   0.6727   0.5442   0.9639   0.2818 
  0.7361   0.6262   0.2348   0.0727   0.7465   0.0340   0.4242   0.2949 
  0.9063   0.4440   0.7253   0.1379   0.7956   0.9051   0.0964   0.8206 
  0.1672   0.1685   0.5519   0.6728   0.6104   0.7387   0.7906   0.5769 
  0.3751   0.2483   0.8508   0.0803   0.3567   0.4930   0.2261   0.4608 
---------------------------------------

--- Output Correlation Matrix (Snippet) ---
  1.0000   0.0109   0.0293  -0.0304   0.0102   0.0139   0.0044  -0.0106 
  0.0109   1.0000   0.0119  -0.0427  -0.0041  -0.0632  -0.0605  -0.0605 
  0.0293   0.0119   1.0000   0.0276   0.0204   0.0119   0.0083   0.0077 
 -0.0304  -0.0427   0.0276   1.0000   0.0269   0.0239   0.0206   0.0100 
  0.0102  -0.0041   0.0204   0.0269   1.0000   0.0015  -0.0140  -0.0381 
  0.0139  -0.0632   0.0119   0.0239   0.0015   1.0000  -0.0124   0.0481 
  0.0044  -0.0605   0.0083   0.0206  -0.0140  -0.0124   1.0000   0.0370 
 -0.0106  -0.0605   0.0077   0.0100  -0.0381   0.0481   0.0370   1.0000 
---------------------------------------

Execution Time: 0.109441 seconds
Exit code: 0
Extracted time: 0.109441

=== cuda (N=1000, M=1000, iter=2) ===
Executing CUDA Version
Matrix Size: N=1000, M=1000
Using GPU: NVIDIA GeForce MX230
Compute Capability: 6.1
Global Memory: 4.00 GB
--- Input Matrix (Snippet) ---
  0.1784   0.3997   0.1666   0.2121   0.0619   0.0541   0.2757   0.0478 
  0.8579   0.2793   0.3497   0.6058   0.0737   0.1928   0.5753   0.2738 
  0.2355   0.3513   0.2187   0.2880   0.0186   0.3609   0.1549   0.3504 
  0.6835   0.2185   0.1961   0.0248   0.6727   0.5442   0.9639   0.2818 
  0.7361   0.6262   0.2348   0.0727   0.7465   0.0340   0.4242   0.2949 
  0.9063   0.4440   0.7253   0.1379   0.7956   0.9051   0.0964   0.8206 
  0.1672   0.1685   0.5519   0.6728   0.6104   0.7387   0.7906   0.5769 
  0.3751   0.2483   0.8508   0.0803   0.3567   0.4930   0.2261   0.4608 
---------------------------------------

--- Output Correlation Matrix (Snippet) ---
  1.0000   0.0109   0.0293  -0.0304   0.0102   0.0139   0.0044  -0.0106 
  0.0109   1.0000   0.0119  -0.0427  -0.0041  -0.0632  -0.0605  -0.0605 
  0.0293   0.0119   1.0000   0.0276   0.0204   0.0119   0.0083   0.0077 
 -0.0304  -0.0427   0.0276   1.0000   0.0269   0.0239   0.0206   0.0100 
  0.0102  -0.0041   0.0204   0.0269   1.0000   0.0015  -0.0140  -0.0381 
  0.0139  -0.0632   0.0119   0.0239   0.0015   1.0000  -0.0124   0.0481 
  0.0044  -0.0605   0.0083   0.0206  -0.0140  -0.0124   1.0000   0.0370 
 -0.0106  -0.0605   0.0077   0.0100  -0.0381   0.0481   0.0370   1.0000 
---------------------------------------

Execution Time: 0.109342 seconds
Exit code: 0
Extracted time: 0.109342

=== cuda (N=1000, M=1000, iter=3) ===
Executing CUDA Version
Matrix Size: N=1000, M=1000
Using GPU: NVIDIA GeForce MX230
Compute Capability: 6.1
Global Memory: 4.00 GB
--- Input Matrix (Snippet) ---
  0.1784   0.3997   0.1666   0.2121   0.0619   0.0541   0.2757   0.0478 
  0.8579   0.2793   0.3497   0.6058   0.0737   0.1928   0.5753   0.2738 
  0.2355   0.3513   0.2187   0.2880   0.0186   0.3609   0.1549   0.3504 
  0.6835   0.2185   0.1961   0.0248   0.6727   0.5442   0.9639   0.2818 
  0.7361   0.6262   0.2348   0.0727   0.7465   0.0340   0.4242   0.2949 
  0.9063   0.4440   0.7253   0.1379   0.7956   0.9051   0.0964   0.8206 
  0.1672   0.1685   0.5519   0.6728   0.6104   0.7387   0.7906   0.5769 
  0.3751   0.2483   0.8508   0.0803   0.3567   0.4930   0.2261   0.4608 
---------------------------------------

--- Output Correlation Matrix (Snippet) ---
  1.0000   0.0109   0.0293  -0.0304   0.0102   0.0139   0.0044  -0.0106 
  0.0109   1.0000   0.0119  -0.0427  -0.0041  -0.0632  -0.0605  -0.0605 
  0.0293   0.0119   1.0000   0.0276   0.0204   0.0119   0.0083   0.0077 
 -0.0304  -0.0427   0.0276   1.0000   0.0269   0.0239   0.0206   0.0100 
  0.0102  -0.0041   0.0204   0.0269   1.0000   0.0015  -0.0140  -0.0381 
  0.0139  -0.0632   0.0119   0.0239   0.0015   1.0000  -0.0124   0.0481 
  0.0044  -0.0605   0.0083   0.0206  -0.0140  -0.0124   1.0000   0.0370 
 -0.0106  -0.0605   0.0077   0.0100  -0.0381   0.0481   0.0370   1.0000 
---------------------------------------

Execution Time: 0.109184 seconds
Exit code: 0
Extracted time: 0.109184

=== cuda (N=1000, M=1500, iter=1) ===
Executing CUDA Version
Matrix Size: N=1000, M=1500
Using GPU: NVIDIA GeForce MX230
Compute Capability: 6.1
Global Memory: 4.00 GB
--- Input Matrix (Snippet) ---
  0.1784   0.3997   0.1666   0.2121   0.0619   0.0541   0.2757   0.0478 
  0.5231   0.4570   0.4980   0.9980   0.9538   0.4599   0.6245   0.8193 
  0.6835   0.2185   0.1961   0.0248   0.6727   0.5442   0.9639   0.2818 
  0.6730   0.3860   0.7919   0.3859   0.4882   0.1123   0.5655   0.3819 
  0.1672   0.1685   0.5519   0.6728   0.6104   0.7387   0.7906   0.5769 
  0.2896   0.8828   0.9025   0.7990   0.6499   0.1416   0.2104   0.8247 
  0.4815   0.6118   0.5401   0.8225   0.6975   0.4157   0.2738   0.2554 
  0.5062   0.5588   0.9413   0.5000   0.5328   0.1062   0.3400   0.7122 
---------------------------------------

--- Output Correlation Matrix (Snippet) ---
  1.0000   0.0111  -0.0267  -0.0267  -0.0210   0.0113   0.0004   0.0095 
  0.0111   1.0000  -0.0268   0.0110   0.0518  -0.0168   0.0241   0.0123 
 -0.0267  -0.0268   1.0000   0.0289   0.0020  -0.0170  -0.0226  -0.0030 
 -0.0267   0.0110   0.0289   1.0000   0.0178  -0.0459   0.0215  -0.0381 
 -0.0210   0.0518   0.0020   0.0178   1.0000   0.0124  -0.0130  -0.0079 
  0.0113  -0.0168  -0.0170  -0.0459   0.0124   1.0000   0.0043   0.0352 
  0.0004   0.0241  -0.0226   0.0215  -0.0130   0.0043   1.0000  -0.0296 
  0.0095   0.0123  -0.0030  -0.0381  -0.0079   0.0352  -0.0296   1.0000 
---------------------------------------

Execution Time: 0.158349 seconds
Exit code: 0
Extracted time: 0.158349

=== cuda (N=1000, M=1500, iter=2) ===
Executing CUDA Version
Matrix Size: N=1000, M=1500
Using GPU: NVIDIA GeForce MX230
Compute Capability: 6.1
Global Memory: 4.00 GB
--- Input Matrix (Snippet) ---
  0.1784   0.3997   0.1666   0.2121   0.0619   0.0541   0.2757   0.0478 
  0.5231   0.4570   0.4980   0.9980   0.9538   0.4599   0.6245   0.8193 
  0.6835   0.2185   0.1961   0.0248   0.6727   0.5442   0.9639   0.2818 
  0.6730   0.3860   0.7919   0.3859   0.4882   0.1123   0.5655   0.3819 
  0.1672   0.1685   0.5519   0.6728   0.6104   0.7387   0.7906   0.5769 
  0.2896   0.8828   0.9025   0.7990   0.6499   0.1416   0.2104   0.8247 
  0.4815   0.6118   0.5401   0.8225   0.6975   0.4157   0.2738   0.2554 
  0.5062   0.5588   0.9413   0.5000   0.5328   0.1062   0.3400   0.7122 
---------------------------------------

--- Output Correlation Matrix (Snippet) ---
  1.0000   0.0111  -0.0267  -0.0267  -0.0210   0.0113   0.0004   0.0095 
  0.0111   1.0000  -0.0268   0.0110   0.0518  -0.0168   0.0241   0.0123 
 -0.0267  -0.0268   1.0000   0.0289   0.0020  -0.0170  -0.0226  -0.0030 
 -0.0267   0.0110   0.0289   1.0000   0.0178  -0.0459   0.0215  -0.0381 
 -0.0210   0.0518   0.0020   0.0178   1.0000   0.0124  -0.0130  -0.0079 
  0.0113  -0.0168  -0.0170  -0.0459   0.0124   1.0000   0.0043   0.0352 
  0.0004   0.0241  -0.0226   0.0215  -0.0130   0.0043   1.0000  -0.0296 
  0.0095   0.0123  -0.0030  -0.0381  -0.0079   0.0352  -0.0296   1.0000 
---------------------------------------

Execution Time: 0.155903 seconds
Exit code: 0
Extracted time: 0.155903

=== cuda (N=1000, M=1500, iter=3) ===
Executing CUDA Version
Matrix Size: N=1000, M=1500
Using GPU: NVIDIA GeForce MX230
Compute Capability: 6.1
Global Memory: 4.00 GB
--- Input Matrix (Snippet) ---
  0.1784   0.3997   0.1666   0.2121   0.0619   0.0541   0.2757   0.0478 
  0.5231   0.4570   0.4980   0.9980   0.9538   0.4599   0.6245   0.8193 
  0.6835   0.2185   0.1961   0.0248   0.6727   0.5442   0.9639   0.2818 
  0.6730   0.3860   0.7919   0.3859   0.4882   0.1123   0.5655   0.3819 
  0.1672   0.1685   0.5519   0.6728   0.6104   0.7387   0.7906   0.5769 
  0.2896   0.8828   0.9025   0.7990   0.6499   0.1416   0.2104   0.8247 
  0.4815   0.6118   0.5401   0.8225   0.6975   0.4157   0.2738   0.2554 
  0.5062   0.5588   0.9413   0.5000   0.5328   0.1062   0.3400   0.7122 
---------------------------------------

--- Output Correlation Matrix (Snippet) ---
  1.0000   0.0111  -0.0267  -0.0267  -0.0210   0.0113   0.0004   0.0095 
  0.0111   1.0000  -0.0268   0.0110   0.0518  -0.0168   0.0241   0.0123 
 -0.0267  -0.0268   1.0000   0.0289   0.0020  -0.0170  -0.0226  -0.0030 
 -0.0267   0.0110   0.0289   1.0000   0.0178  -0.0459   0.0215  -0.0381 
 -0.0210   0.0518   0.0020   0.0178   1.0000   0.0124  -0.0130  -0.0079 
  0.0113  -0.0168  -0.0170  -0.0459   0.0124   1.0000   0.0043   0.0352 
  0.0004   0.0241  -0.0226   0.0215  -0.0130   0.0043   1.0000  -0.0296 
  0.0095   0.0123  -0.0030  -0.0381  -0.0079   0.0352  -0.0296   1.0000 
---------------------------------------

Execution Time: 0.155585 seconds
Exit code: 0
Extracted time: 0.155585

=== cuda (N=1000, M=2000, iter=1) ===
Executing CUDA Version
Matrix Size: N=1000, M=2000
Using GPU: NVIDIA GeForce MX230
Compute Capability: 6.1
Global Memory: 4.00 GB
--- Input Matrix (Snippet) ---
  0.1784   0.3997   0.1666   0.2121   0.0619   0.0541   0.2757   0.0478 
  0.2355   0.3513   0.2187   0.2880   0.0186   0.3609   0.1549   0.3504 
  0.7361   0.6262   0.2348   0.0727   0.7465   0.0340   0.4242   0.2949 
  0.1672   0.1685   0.5519   0.6728   0.6104   0.7387   0.7906   0.5769 
  0.9290   0.7971   0.1292   0.8444   0.4470   0.9848   0.7467   0.6753 
  0.6577   0.0369   0.3331   0.8758   0.2217   0.6708   0.6280   0.0000 
  0.9311   0.2895   0.4608   0.4579   0.4643   0.0754   0.2606   0.6549 
  0.2649   0.2373   0.6548   0.4642   0.2228   0.6153   0.1826   0.9288 
---------------------------------------

--- Output Correlation Matrix (Snippet) ---
  1.0000  -0.0069  -0.0270  -0.0283   0.0410  -0.0121  -0.0445  -0.0154 
 -0.0069   1.0000   0.0227   0.0096  -0.0277  -0.0158   0.0245   0.0515 
 -0.0270   0.0227   1.0000   0.0181  -0.0084  -0.0181   0.0164   0.0039 
 -0.0283   0.0096   0.0181   1.0000  -0.0407   0.0316   0.0226   0.0055 
  0.0410  -0.0277  -0.0084  -0.0407   1.0000  -0.0453   0.0127  -0.0128 
 -0.0121  -0.0158  -0.0181   0.0316  -0.0453   1.0000  -0.0070  -0.0285 
 -0.0445   0.0245   0.0164   0.0226   0.0127  -0.0070   1.0000   0.0225 
 -0.0154   0.0515   0.0039   0.0055  -0.0128  -0.0285   0.0225   1.0000 
---------------------------------------

Execution Time: 0.210330 seconds
Exit code: 0
Extracted time: 0.210330

=== cuda (N=1000, M=2000, iter=2) ===
Executing CUDA Version
Matrix Size: N=1000, M=2000
Using GPU: NVIDIA GeForce MX230
Compute Capability: 6.1
Global Memory: 4.00 GB
--- Input Matrix (Snippet) ---
  0.1784   0.3997   0.1666   0.2121   0.0619   0.0541   0.2757   0.0478 
  0.2355   0.3513   0.2187   0.2880   0.0186   0.3609   0.1549   0.3504 
  0.7361   0.6262   0.2348   0.0727   0.7465   0.0340   0.4242   0.2949 
  0.1672   0.1685   0.5519   0.6728   0.6104   0.7387   0.7906   0.5769 
  0.9290   0.7971   0.1292   0.8444   0.4470   0.9848   0.7467   0.6753 
  0.6577   0.0369   0.3331   0.8758   0.2217   0.6708   0.6280   0.0000 
  0.9311   0.2895   0.4608   0.4579   0.4643   0.0754   0.2606   0.6549 
  0.2649   0.2373   0.6548   0.4642   0.2228   0.6153   0.1826   0.9288 
---------------------------------------

--- Output Correlation Matrix (Snippet) ---
  1.0000  -0.0069  -0.0270  -0.0283   0.0410  -0.0121  -0.0445  -0.0154 
 -0.0069   1.0000   0.0227   0.0096  -0.0277  -0.0158   0.0245   0.0515 
 -0.0270   0.0227   1.0000   0.0181  -0.0084  -0.0181   0.0164   0.0039 
 -0.0283   0.0096   0.0181   1.0000  -0.0407   0.0316   0.0226   0.0055 
  0.0410  -0.0277  -0.0084  -0.0407   1.0000  -0.0453   0.0127  -0.0128 
 -0.0121  -0.0158  -0.0181   0.0316  -0.0453   1.0000  -0.0070  -0.0285 
 -0.0445   0.0245   0.0164   0.0226   0.0127  -0.0070   1.0000   0.0225 
 -0.0154   0.0515   0.0039   0.0055  -0.0128  -0.0285   0.0225   1.0000 
---------------------------------------

Execution Time: 0.196241 seconds
Exit code: 0
Extracted time: 0.196241

=== cuda (N=1000, M=2000, iter=3) ===
Executing CUDA Version
Matrix Size: N=1000, M=2000
Using GPU: NVIDIA GeForce MX230
Compute Capability: 6.1
Global Memory: 4.00 GB
--- Input Matrix (Snippet) ---
  0.1784   0.3997   0.1666   0.2121   0.0619   0.0541   0.2757   0.0478 
  0.2355   0.3513   0.2187   0.2880   0.0186   0.3609   0.1549   0.3504 
  0.7361   0.6262   0.2348   0.0727   0.7465   0.0340   0.4242   0.2949 
  0.1672   0.1685   0.5519   0.6728   0.6104   0.7387   0.7906   0.5769 
  0.9290   0.7971   0.1292   0.8444   0.4470   0.9848   0.7467   0.6753 
  0.6577   0.0369   0.3331   0.8758   0.2217   0.6708   0.6280   0.0000 
  0.9311   0.2895   0.4608   0.4579   0.4643   0.0754   0.2606   0.6549 
  0.2649   0.2373   0.6548   0.4642   0.2228   0.6153   0.1826   0.9288 
---------------------------------------

--- Output Correlation Matrix (Snippet) ---
  1.0000  -0.0069  -0.0270  -0.0283   0.0410  -0.0121  -0.0445  -0.0154 
 -0.0069   1.0000   0.0227   0.0096  -0.0277  -0.0158   0.0245   0.0515 
 -0.0270   0.0227   1.0000   0.0181  -0.0084  -0.0181   0.0164   0.0039 
 -0.0283   0.0096   0.0181   1.0000  -0.0407   0.0316   0.0226   0.0055 
  0.0410  -0.0277  -0.0084  -0.0407   1.0000  -0.0453   0.0127  -0.0128 
 -0.0121  -0.0158  -0.0181   0.0316  -0.0453   1.0000  -0.0070  -0.0285 
 -0.0445   0.0245   0.0164   0.0226   0.0127  -0.0070   1.0000   0.0225 
 -0.0154   0.0515   0.0039   0.0055  -0.0128  -0.0285   0.0225   1.0000 
---------------------------------------

Execution Time: 0.200639 seconds
Exit code: 0
Extracted time: 0.200639

=== cuda (N=1000, M=2500, iter=1) ===
Executing CUDA Version
Matrix Size: N=1000, M=2500
Using GPU: NVIDIA GeForce MX230
Compute Capability: 6.1
Global Memory: 4.00 GB
--- Input Matrix (Snippet) ---
  0.1784   0.3997   0.1666   0.2121   0.0619   0.0541   0.2757   0.0478 
  0.2459   0.4850   0.0104   0.8695   0.6495   0.6553   0.0003   0.2781 
  0.9063   0.4440   0.7253   0.1379   0.7956   0.9051   0.0964   0.8206 
  0.2896   0.8828   0.9025   0.7990   0.6499   0.1416   0.2104   0.8247 
  0.6577   0.0369   0.3331   0.8758   0.2217   0.6708   0.6280   0.0000 
  0.0891   0.9237   0.8383   0.8221   0.7560   0.6990   0.3387   0.4892 
  0.7794   0.8132   0.7432   0.9474   0.3793   0.9794   0.6384   0.6187 
  0.0842   0.1832   0.3542   0.9223   0.4774   0.3511   0.6550   0.4676 
---------------------------------------

--- Output Correlation Matrix (Snippet) ---
  1.0000   0.0305  -0.0212   0.0233  -0.0160  -0.0192   0.0017  -0.0016 
  0.0305   1.0000   0.0092   0.0212   0.0022   0.0280  -0.0362  -0.0159 
 -0.0212   0.0092   1.0000  -0.0060   0.0119   0.0228  -0.0218  -0.0016 
  0.0233   0.0212  -0.0060   1.0000  -0.0190  -0.0385  -0.0178   0.0073 
 -0.0160   0.0022   0.0119  -0.0190   1.0000   0.0217   0.0011  -0.0372 
 -0.0192   0.0280   0.0228  -0.0385   0.0217   1.0000  -0.0358  -0.0005 
  0.0017  -0.0362  -0.0218  -0.0178   0.0011  -0.0358   1.0000   0.0276 
 -0.0016  -0.0159  -0.0016   0.0073  -0.0372  -0.0005   0.0276   1.0000 
---------------------------------------

Execution Time: 0.251188 seconds
Exit code: 0
Extracted time: 0.251188

=== cuda (N=1000, M=2500, iter=2) ===
Executing CUDA Version
Matrix Size: N=1000, M=2500
Using GPU: NVIDIA GeForce MX230
Compute Capability: 6.1
Global Memory: 4.00 GB
--- Input Matrix (Snippet) ---
  0.1784   0.3997   0.1666   0.2121   0.0619   0.0541   0.2757   0.0478 
  0.2459   0.4850   0.0104   0.8695   0.6495   0.6553   0.0003   0.2781 
  0.9063   0.4440   0.7253   0.1379   0.7956   0.9051   0.0964   0.8206 
  0.2896   0.8828   0.9025   0.7990   0.6499   0.1416   0.2104   0.8247 
  0.6577   0.0369   0.3331   0.8758   0.2217   0.6708   0.6280   0.0000 
  0.0891   0.9237   0.8383   0.8221   0.7560   0.6990   0.3387   0.4892 
  0.7794   0.8132   0.7432   0.9474   0.3793   0.9794   0.6384   0.6187 
  0.0842   0.1832   0.3542   0.9223   0.4774   0.3511   0.6550   0.4676 
---------------------------------------

--- Output Correlation Matrix (Snippet) ---
  1.0000   0.0305  -0.0212   0.0233  -0.0160  -0.0192   0.0017  -0.0016 
  0.0305   1.0000   0.0092   0.0212   0.0022   0.0280  -0.0362  -0.0159 
 -0.0212   0.0092   1.0000  -0.0060   0.0119   0.0228  -0.0218  -0.0016 
  0.0233   0.0212  -0.0060   1.0000  -0.0190  -0.0385  -0.0178   0.0073 
 -0.0160   0.0022   0.0119  -0.0190   1.0000   0.0217   0.0011  -0.0372 
 -0.0192   0.0280   0.0228  -0.0385   0.0217   1.0000  -0.0358  -0.0005 
  0.0017  -0.0362  -0.0218  -0.0178   0.0011  -0.0358   1.0000   0.0276 
 -0.0016  -0.0159  -0.0016   0.0073  -0.0372  -0.0005   0.0276   1.0000 
---------------------------------------

Execution Time: 0.259380 seconds
Exit code: 0
Extracted time: 0.259380

=== cuda (N=1000, M=2500, iter=3) ===
Executing CUDA Version
Matrix Size: N=1000, M=2500
Using GPU: NVIDIA GeForce MX230
Compute Capability: 6.1
Global Memory: 4.00 GB
--- Input Matrix (Snippet) ---
  0.1784   0.3997   0.1666   0.2121   0.0619   0.0541   0.2757   0.0478 
  0.2459   0.4850   0.0104   0.8695   0.6495   0.6553   0.0003   0.2781 
  0.9063   0.4440   0.7253   0.1379   0.7956   0.9051   0.0964   0.8206 
  0.2896   0.8828   0.9025   0.7990   0.6499   0.1416   0.2104   0.8247 
  0.6577   0.0369   0.3331   0.8758   0.2217   0.6708   0.6280   0.0000 
  0.0891   0.9237   0.8383   0.8221   0.7560   0.6990   0.3387   0.4892 
  0.7794   0.8132   0.7432   0.9474   0.3793   0.9794   0.6384   0.6187 
  0.0842   0.1832   0.3542   0.9223   0.4774   0.3511   0.6550   0.4676 
---------------------------------------

--- Output Correlation Matrix (Snippet) ---
  1.0000   0.0305  -0.0212   0.0233  -0.0160  -0.0192   0.0017  -0.0016 
  0.0305   1.0000   0.0092   0.0212   0.0022   0.0280  -0.0362  -0.0159 
 -0.0212   0.0092   1.0000  -0.0060   0.0119   0.0228  -0.0218  -0.0016 
  0.0233   0.0212  -0.0060   1.0000  -0.0190  -0.0385  -0.0178   0.0073 
 -0.0160   0.0022   0.0119  -0.0190   1.0000   0.0217   0.0011  -0.0372 
 -0.0192   0.0280   0.0228  -0.0385   0.0217   1.0000  -0.0358  -0.0005 
  0.0017  -0.0362  -0.0218  -0.0178   0.0011  -0.0358   1.0000   0.0276 
 -0.0016  -0.0159  -0.0016   0.0073  -0.0372  -0.0005   0.0276   1.0000 
---------------------------------------

Execution Time: 0.261153 seconds
Exit code: 0
Extracted time: 0.261153

=== cuda (N=1000, M=3000, iter=1) ===
Executing CUDA Version
Matrix Size: N=1000, M=3000
Using GPU: NVIDIA GeForce MX230
Compute Capability: 6.1
Global Memory: 4.00 GB
--- Input Matrix (Snippet) ---
  0.1784   0.3997   0.1666   0.2121   0.0619   0.0541   0.2757   0.0478 
  0.6835   0.2185   0.1961   0.0248   0.6727   0.5442   0.9639   0.2818 
  0.1672   0.1685   0.5519   0.6728   0.6104   0.7387   0.7906   0.5769 
  0.4815   0.6118   0.5401   0.8225   0.6975   0.4157   0.2738   0.2554 
  0.9311   0.2895   0.4608   0.4579   0.4643   0.0754   0.2606   0.6549 
  0.7794   0.8132   0.7432   0.9474   0.3793   0.9794   0.6384   0.6187 
  0.1583   0.6916   0.6599   0.6962   0.3418   0.4218   0.2080   0.0566 
  0.5013   0.8661   0.8181   0.8221   0.2707   0.8748   0.9764   0.6529 
---------------------------------------

--- Output Correlation Matrix (Snippet) ---
  1.0000  -0.0079  -0.0189   0.0064  -0.0058   0.0126   0.0067  -0.0029 
 -0.0079   1.0000  -0.0219  -0.0305  -0.0129   0.0147  -0.0086   0.0305 
 -0.0189  -0.0219   1.0000   0.0110   0.0151   0.0069  -0.0076   0.0224 
  0.0064  -0.0305   0.0110   1.0000  -0.0143   0.0036   0.0036  -0.0167 
 -0.0058  -0.0129   0.0151  -0.0143   1.0000   0.0173  -0.0375  -0.0020 
  0.0126   0.0147   0.0069   0.0036   0.0173   1.0000  -0.0245   0.0187 
  0.0067  -0.0086  -0.0076   0.0036  -0.0375  -0.0245   1.0000  -0.0087 
 -0.0029   0.0305   0.0224  -0.0167  -0.0020   0.0187  -0.0087   1.0000 
---------------------------------------

Execution Time: 0.302533 seconds
Exit code: 0
Extracted time: 0.302533

=== cuda (N=1000, M=3000, iter=2) ===
Executing CUDA Version
Matrix Size: N=1000, M=3000
Using GPU: NVIDIA GeForce MX230
Compute Capability: 6.1
Global Memory: 4.00 GB
--- Input Matrix (Snippet) ---
  0.1784   0.3997   0.1666   0.2121   0.0619   0.0541   0.2757   0.0478 
  0.6835   0.2185   0.1961   0.0248   0.6727   0.5442   0.9639   0.2818 
  0.1672   0.1685   0.5519   0.6728   0.6104   0.7387   0.7906   0.5769 
  0.4815   0.6118   0.5401   0.8225   0.6975   0.4157   0.2738   0.2554 
  0.9311   0.2895   0.4608   0.4579   0.4643   0.0754   0.2606   0.6549 
  0.7794   0.8132   0.7432   0.9474   0.3793   0.9794   0.6384   0.6187 
  0.1583   0.6916   0.6599   0.6962   0.3418   0.4218   0.2080   0.0566 
  0.5013   0.8661   0.8181   0.8221   0.2707   0.8748   0.9764   0.6529 
---------------------------------------

--- Output Correlation Matrix (Snippet) ---
  1.0000  -0.0079  -0.0189   0.0064  -0.0058   0.0126   0.0067  -0.0029 
 -0.0079   1.0000  -0.0219  -0.0305  -0.0129   0.0147  -0.0086   0.0305 
 -0.0189  -0.0219   1.0000   0.0110   0.0151   0.0069  -0.0076   0.0224 
  0.0064  -0.0305   0.0110   1.0000  -0.0143   0.0036   0.0036  -0.0167 
 -0.0058  -0.0129   0.0151  -0.0143   1.0000   0.0173  -0.0375  -0.0020 
  0.0126   0.0147   0.0069   0.0036   0.0173   1.0000  -0.0245   0.0187 
  0.0067  -0.0086  -0.0076   0.0036  -0.0375  -0.0245   1.0000  -0.0087 
 -0.0029   0.0305   0.0224  -0.0167  -0.0020   0.0187  -0.0087   1.0000 
---------------------------------------

Execution Time: 0.299407 seconds
Exit code: 0
Extracted time: 0.299407

=== cuda (N=1000, M=3000, iter=3) ===
Executing CUDA Version
Matrix Size: N=1000, M=3000
Using GPU: NVIDIA GeForce MX230
Compute Capability: 6.1
Global Memory: 4.00 GB
--- Input Matrix (Snippet) ---
  0.1784   0.3997   0.1666   0.2121   0.0619   0.0541   0.2757   0.0478 
  0.6835   0.2185   0.1961   0.0248   0.6727   0.5442   0.9639   0.2818 
  0.1672   0.1685   0.5519   0.6728   0.6104   0.7387   0.7906   0.5769 
  0.4815   0.6118   0.5401   0.8225   0.6975   0.4157   0.2738   0.2554 
  0.9311   0.2895   0.4608   0.4579   0.4643   0.0754   0.2606   0.6549 
  0.7794   0.8132   0.7432   0.9474   0.3793   0.9794   0.6384   0.6187 
  0.1583   0.6916   0.6599   0.6962   0.3418   0.4218   0.2080   0.0566 
  0.5013   0.8661   0.8181   0.8221   0.2707   0.8748   0.9764   0.6529 
---------------------------------------

--- Output Correlation Matrix (Snippet) ---
  1.0000  -0.0079  -0.0189   0.0064  -0.0058   0.0126   0.0067  -0.0029 
 -0.0079   1.0000  -0.0219  -0.0305  -0.0129   0.0147  -0.0086   0.0305 
 -0.0189  -0.0219   1.0000   0.0110   0.0151   0.0069  -0.0076   0.0224 
  0.0064  -0.0305   0.0110   1.0000  -0.0143   0.0036   0.0036  -0.0167 
 -0.0058  -0.0129   0.0151  -0.0143   1.0000   0.0173  -0.0375  -0.0020 
  0.0126   0.0147   0.0069   0.0036   0.0173   1.0000  -0.0245   0.0187 
  0.0067  -0.0086  -0.0076   0.0036  -0.0375  -0.0245   1.0000  -0.0087 
 -0.0029   0.0305   0.0224  -0.0167  -0.0020   0.0187  -0.0087   1.0000 
---------------------------------------

Execution Time: 0.305814 seconds
Exit code: 0
Extracted time: 0.305814

=== cuda (N=1500, M=500, iter=1) ===
Executing CUDA Version
Matrix Size: N=1500, M=500
Using GPU: NVIDIA GeForce MX230
Compute Capability: 6.1
Global Memory: 4.00 GB
--- Input Matrix (Snippet) ---
  0.1784   0.3997   0.1666   0.2121   0.0619   0.0541   0.2757   0.0478 
  0.7832   0.1713   0.3731   0.1762   0.4492   0.9714   0.9770   0.4063 
  0.8579   0.2793   0.3497   0.6058   0.0737   0.1928   0.5753   0.2738 
  0.5231   0.4570   0.4980   0.9980   0.9538   0.4599   0.6245   0.8193 
  0.2355   0.3513   0.2187   0.2880   0.0186   0.3609   0.1549   0.3504 
  0.2459   0.4850   0.0104   0.8695   0.6495   0.6553   0.0003   0.2781 
  0.6835   0.2185   0.1961   0.0248   0.6727   0.5442   0.9639   0.2818 
  0.7949   0.9540   0.3739   0.6583   0.6555   0.8941   0.8713   0.9372 
---------------------------------------

--- Output Correlation Matrix (Snippet) ---
  1.0000   0.0256   0.0236  -0.0521   0.0384   0.0583   0.0019  -0.0393 
  0.0256   1.0000  -0.0126  -0.0000   0.0707   0.0208   0.0440  -0.0621 
  0.0236  -0.0126   1.0000  -0.0210  -0.0033   0.0142  -0.0386   0.0410 
 -0.0521  -0.0000  -0.0210   1.0000   0.0182   0.0262  -0.0804  -0.0467 
  0.0384   0.0707  -0.0033   0.0182   1.0000   0.0061  -0.0249  -0.0272 
  0.0583   0.0208   0.0142   0.0262   0.0061   1.0000  -0.1227   0.0816 
  0.0019   0.0440  -0.0386  -0.0804  -0.0249  -0.1227   1.0000   0.0038 
 -0.0393  -0.0621   0.0410  -0.0467  -0.0272   0.0816   0.0038   1.0000 
---------------------------------------

Execution Time: 0.127292 seconds
Exit code: 0
Extracted time: 0.127292

=== cuda (N=1500, M=500, iter=2) ===
Executing CUDA Version
Matrix Size: N=1500, M=500
Using GPU: NVIDIA GeForce MX230
Compute Capability: 6.1
Global Memory: 4.00 GB
--- Input Matrix (Snippet) ---
  0.1784   0.3997   0.1666   0.2121   0.0619   0.0541   0.2757   0.0478 
  0.7832   0.1713   0.3731   0.1762   0.4492   0.9714   0.9770   0.4063 
  0.8579   0.2793   0.3497   0.6058   0.0737   0.1928   0.5753   0.2738 
  0.5231   0.4570   0.4980   0.9980   0.9538   0.4599   0.6245   0.8193 
  0.2355   0.3513   0.2187   0.2880   0.0186   0.3609   0.1549   0.3504 
  0.2459   0.4850   0.0104   0.8695   0.6495   0.6553   0.0003   0.2781 
  0.6835   0.2185   0.1961   0.0248   0.6727   0.5442   0.9639   0.2818 
  0.7949   0.9540   0.3739   0.6583   0.6555   0.8941   0.8713   0.9372 
---------------------------------------

--- Output Correlation Matrix (Snippet) ---
  1.0000   0.0256   0.0236  -0.0521   0.0384   0.0583   0.0019  -0.0393 
  0.0256   1.0000  -0.0126  -0.0000   0.0707   0.0208   0.0440  -0.0621 
  0.0236  -0.0126   1.0000  -0.0210  -0.0033   0.0142  -0.0386   0.0410 
 -0.0521  -0.0000  -0.0210   1.0000   0.0182   0.0262  -0.0804  -0.0467 
  0.0384   0.0707  -0.0033   0.0182   1.0000   0.0061  -0.0249  -0.0272 
  0.0583   0.0208   0.0142   0.0262   0.0061   1.0000  -0.1227   0.0816 
  0.0019   0.0440  -0.0386  -0.0804  -0.0249  -0.1227   1.0000   0.0038 
 -0.0393  -0.0621   0.0410  -0.0467  -0.0272   0.0816   0.0038   1.0000 
---------------------------------------

Execution Time: 0.128678 seconds
Exit code: 0
Extracted time: 0.128678

=== cuda (N=1500, M=500, iter=3) ===
Executing CUDA Version
Matrix Size: N=1500, M=500
Using GPU: NVIDIA GeForce MX230
Compute Capability: 6.1
Global Memory: 4.00 GB
--- Input Matrix (Snippet) ---
  0.1784   0.3997   0.1666   0.2121   0.0619   0.0541   0.2757   0.0478 
  0.7832   0.1713   0.3731   0.1762   0.4492   0.9714   0.9770   0.4063 
  0.8579   0.2793   0.3497   0.6058   0.0737   0.1928   0.5753   0.2738 
  0.5231   0.4570   0.4980   0.9980   0.9538   0.4599   0.6245   0.8193 
  0.2355   0.3513   0.2187   0.2880   0.0186   0.3609   0.1549   0.3504 
  0.2459   0.4850   0.0104   0.8695   0.6495   0.6553   0.0003   0.2781 
  0.6835   0.2185   0.1961   0.0248   0.6727   0.5442   0.9639   0.2818 
  0.7949   0.9540   0.3739   0.6583   0.6555   0.8941   0.8713   0.9372 
---------------------------------------

--- Output Correlation Matrix (Snippet) ---
  1.0000   0.0256   0.0236  -0.0521   0.0384   0.0583   0.0019  -0.0393 
  0.0256   1.0000  -0.0126  -0.0000   0.0707   0.0208   0.0440  -0.0621 
  0.0236  -0.0126   1.0000  -0.0210  -0.0033   0.0142  -0.0386   0.0410 
 -0.0521  -0.0000  -0.0210   1.0000   0.0182   0.0262  -0.0804  -0.0467 
  0.0384   0.0707  -0.0033   0.0182   1.0000   0.0061  -0.0249  -0.0272 
  0.0583   0.0208   0.0142   0.0262   0.0061   1.0000  -0.1227   0.0816 
  0.0019   0.0440  -0.0386  -0.0804  -0.0249  -0.1227   1.0000   0.0038 
 -0.0393  -0.0621   0.0410  -0.0467  -0.0272   0.0816   0.0038   1.0000 
---------------------------------------

Execution Time: 0.128500 seconds
Exit code: 0
Extracted time: 0.128500

=== cuda (N=1500, M=1000, iter=1) ===
Executing CUDA Version
Matrix Size: N=1500, M=1000
Using GPU: NVIDIA GeForce MX230
Compute Capability: 6.1
Global Memory: 4.00 GB
--- Input Matrix (Snippet) ---
  0.1784   0.3997   0.1666   0.2121   0.0619   0.0541   0.2757   0.0478 
  0.8579   0.2793   0.3497   0.6058   0.0737   0.1928   0.5753   0.2738 
  0.2355   0.3513   0.2187   0.2880   0.0186   0.3609   0.1549   0.3504 
  0.6835   0.2185   0.1961   0.0248   0.6727   0.5442   0.9639   0.2818 
  0.7361   0.6262   0.2348   0.0727   0.7465   0.0340   0.4242   0.2949 
  0.9063   0.4440   0.7253   0.1379   0.7956   0.9051   0.0964   0.8206 
  0.1672   0.1685   0.5519   0.6728   0.6104   0.7387   0.7906   0.5769 
  0.3751   0.2483   0.8508   0.0803   0.3567   0.4930   0.2261   0.4608 
---------------------------------------

--- Output Correlation Matrix (Snippet) ---
  1.0000   0.0109   0.0293  -0.0304   0.0102   0.0139   0.0044  -0.0106 
  0.0109   1.0000   0.0119  -0.0427  -0.0041  -0.0632  -0.0605  -0.0605 
  0.0293   0.0119   1.0000   0.0276   0.0204   0.0119   0.0083   0.0077 
 -0.0304  -0.0427   0.0276   1.0000   0.0269   0.0239   0.0206   0.0100 
  0.0102  -0.0041   0.0204   0.0269   1.0000   0.0015  -0.0140  -0.0381 
  0.0139  -0.0632   0.0119   0.0239   0.0015   1.0000  -0.0124   0.0481 
  0.0044  -0.0605   0.0083   0.0206  -0.0140  -0.0124   1.0000   0.0370 
 -0.0106  -0.0605   0.0077   0.0100  -0.0381   0.0481   0.0370   1.0000 
---------------------------------------

Execution Time: 0.227305 seconds
Exit code: 0
Extracted time: 0.227305

=== cuda (N=1500, M=1000, iter=2) ===
Executing CUDA Version
Matrix Size: N=1500, M=1000
Using GPU: NVIDIA GeForce MX230
Compute Capability: 6.1
Global Memory: 4.00 GB
--- Input Matrix (Snippet) ---
  0.1784   0.3997   0.1666   0.2121   0.0619   0.0541   0.2757   0.0478 
  0.8579   0.2793   0.3497   0.6058   0.0737   0.1928   0.5753   0.2738 
  0.2355   0.3513   0.2187   0.2880   0.0186   0.3609   0.1549   0.3504 
  0.6835   0.2185   0.1961   0.0248   0.6727   0.5442   0.9639   0.2818 
  0.7361   0.6262   0.2348   0.0727   0.7465   0.0340   0.4242   0.2949 
  0.9063   0.4440   0.7253   0.1379   0.7956   0.9051   0.0964   0.8206 
  0.1672   0.1685   0.5519   0.6728   0.6104   0.7387   0.7906   0.5769 
  0.3751   0.2483   0.8508   0.0803   0.3567   0.4930   0.2261   0.4608 
---------------------------------------

--- Output Correlation Matrix (Snippet) ---
  1.0000   0.0109   0.0293  -0.0304   0.0102   0.0139   0.0044  -0.0106 
  0.0109   1.0000   0.0119  -0.0427  -0.0041  -0.0632  -0.0605  -0.0605 
  0.0293   0.0119   1.0000   0.0276   0.0204   0.0119   0.0083   0.0077 
 -0.0304  -0.0427   0.0276   1.0000   0.0269   0.0239   0.0206   0.0100 
  0.0102  -0.0041   0.0204   0.0269   1.0000   0.0015  -0.0140  -0.0381 
  0.0139  -0.0632   0.0119   0.0239   0.0015   1.0000  -0.0124   0.0481 
  0.0044  -0.0605   0.0083   0.0206  -0.0140  -0.0124   1.0000   0.0370 
 -0.0106  -0.0605   0.0077   0.0100  -0.0381   0.0481   0.0370   1.0000 
---------------------------------------

Execution Time: 0.238602 seconds
Exit code: 0
Extracted time: 0.238602

=== cuda (N=1500, M=1000, iter=3) ===
Executing CUDA Version
Matrix Size: N=1500, M=1000
Using GPU: NVIDIA GeForce MX230
Compute Capability: 6.1
Global Memory: 4.00 GB
--- Input Matrix (Snippet) ---
  0.1784   0.3997   0.1666   0.2121   0.0619   0.0541   0.2757   0.0478 
  0.8579   0.2793   0.3497   0.6058   0.0737   0.1928   0.5753   0.2738 
  0.2355   0.3513   0.2187   0.2880   0.0186   0.3609   0.1549   0.3504 
  0.6835   0.2185   0.1961   0.0248   0.6727   0.5442   0.9639   0.2818 
  0.7361   0.6262   0.2348   0.0727   0.7465   0.0340   0.4242   0.2949 
  0.9063   0.4440   0.7253   0.1379   0.7956   0.9051   0.0964   0.8206 
  0.1672   0.1685   0.5519   0.6728   0.6104   0.7387   0.7906   0.5769 
  0.3751   0.2483   0.8508   0.0803   0.3567   0.4930   0.2261   0.4608 
---------------------------------------

--- Output Correlation Matrix (Snippet) ---
  1.0000   0.0109   0.0293  -0.0304   0.0102   0.0139   0.0044  -0.0106 
  0.0109   1.0000   0.0119  -0.0427  -0.0041  -0.0632  -0.0605  -0.0605 
  0.0293   0.0119   1.0000   0.0276   0.0204   0.0119   0.0083   0.0077 
 -0.0304  -0.0427   0.0276   1.0000   0.0269   0.0239   0.0206   0.0100 
  0.0102  -0.0041   0.0204   0.0269   1.0000   0.0015  -0.0140  -0.0381 
  0.0139  -0.0632   0.0119   0.0239   0.0015   1.0000  -0.0124   0.0481 
  0.0044  -0.0605   0.0083   0.0206  -0.0140  -0.0124   1.0000   0.0370 
 -0.0106  -0.0605   0.0077   0.0100  -0.0381   0.0481   0.0370   1.0000 
---------------------------------------

Execution Time: 0.227508 seconds
Exit code: 0
Extracted time: 0.227508

=== cuda (N=1500, M=1500, iter=1) ===
Executing CUDA Version
Matrix Size: N=1500, M=1500
Using GPU: NVIDIA GeForce MX230
Compute Capability: 6.1
Global Memory: 4.00 GB
--- Input Matrix (Snippet) ---
  0.1784   0.3997   0.1666   0.2121   0.0619   0.0541   0.2757   0.0478 
  0.5231   0.4570   0.4980   0.9980   0.9538   0.4599   0.6245   0.8193 
  0.6835   0.2185   0.1961   0.0248   0.6727   0.5442   0.9639   0.2818 
  0.6730   0.3860   0.7919   0.3859   0.4882   0.1123   0.5655   0.3819 
  0.1672   0.1685   0.5519   0.6728   0.6104   0.7387   0.7906   0.5769 
  0.2896   0.8828   0.9025   0.7990   0.6499   0.1416   0.2104   0.8247 
  0.4815   0.6118   0.5401   0.8225   0.6975   0.4157   0.2738   0.2554 
  0.5062   0.5588   0.9413   0.5000   0.5328   0.1062   0.3400   0.7122 
---------------------------------------

--- Output Correlation Matrix (Snippet) ---
  1.0000   0.0111  -0.0267  -0.0267  -0.0210   0.0113   0.0004   0.0095 
  0.0111   1.0000  -0.0268   0.0110   0.0518  -0.0168   0.0241   0.0123 
 -0.0267  -0.0268   1.0000   0.0289   0.0020  -0.0170  -0.0226  -0.0030 
 -0.0267   0.0110   0.0289   1.0000   0.0178  -0.0459   0.0215  -0.0381 
 -0.0210   0.0518   0.0020   0.0178   1.0000   0.0124  -0.0130  -0.0079 
  0.0113  -0.0168  -0.0170  -0.0459   0.0124   1.0000   0.0043   0.0352 
  0.0004   0.0241  -0.0226   0.0215  -0.0130   0.0043   1.0000  -0.0296 
  0.0095   0.0123  -0.0030  -0.0381  -0.0079   0.0352  -0.0296   1.0000 
---------------------------------------

Execution Time: 0.332613 seconds
Exit code: 0
Extracted time: 0.332613

=== cuda (N=1500, M=1500, iter=2) ===
Executing CUDA Version
Matrix Size: N=1500, M=1500
Using GPU: NVIDIA GeForce MX230
Compute Capability: 6.1
Global Memory: 4.00 GB
--- Input Matrix (Snippet) ---
  0.1784   0.3997   0.1666   0.2121   0.0619   0.0541   0.2757   0.0478 
  0.5231   0.4570   0.4980   0.9980   0.9538   0.4599   0.6245   0.8193 
  0.6835   0.2185   0.1961   0.0248   0.6727   0.5442   0.9639   0.2818 
  0.6730   0.3860   0.7919   0.3859   0.4882   0.1123   0.5655   0.3819 
  0.1672   0.1685   0.5519   0.6728   0.6104   0.7387   0.7906   0.5769 
  0.2896   0.8828   0.9025   0.7990   0.6499   0.1416   0.2104   0.8247 
  0.4815   0.6118   0.5401   0.8225   0.6975   0.4157   0.2738   0.2554 
  0.5062   0.5588   0.9413   0.5000   0.5328   0.1062   0.3400   0.7122 
---------------------------------------

--- Output Correlation Matrix (Snippet) ---
  1.0000   0.0111  -0.0267  -0.0267  -0.0210   0.0113   0.0004   0.0095 
  0.0111   1.0000  -0.0268   0.0110   0.0518  -0.0168   0.0241   0.0123 
 -0.0267  -0.0268   1.0000   0.0289   0.0020  -0.0170  -0.0226  -0.0030 
 -0.0267   0.0110   0.0289   1.0000   0.0178  -0.0459   0.0215  -0.0381 
 -0.0210   0.0518   0.0020   0.0178   1.0000   0.0124  -0.0130  -0.0079 
  0.0113  -0.0168  -0.0170  -0.0459   0.0124   1.0000   0.0043   0.0352 
  0.0004   0.0241  -0.0226   0.0215  -0.0130   0.0043   1.0000  -0.0296 
  0.0095   0.0123  -0.0030  -0.0381  -0.0079   0.0352  -0.0296   1.0000 
---------------------------------------

Execution Time: 0.343455 seconds
Exit code: 0
Extracted time: 0.343455

=== cuda (N=1500, M=1500, iter=3) ===
Executing CUDA Version
Matrix Size: N=1500, M=1500
Using GPU: NVIDIA GeForce MX230
Compute Capability: 6.1
Global Memory: 4.00 GB
--- Input Matrix (Snippet) ---
  0.1784   0.3997   0.1666   0.2121   0.0619   0.0541   0.2757   0.0478 
  0.5231   0.4570   0.4980   0.9980   0.9538   0.4599   0.6245   0.8193 
  0.6835   0.2185   0.1961   0.0248   0.6727   0.5442   0.9639   0.2818 
  0.6730   0.3860   0.7919   0.3859   0.4882   0.1123   0.5655   0.3819 
  0.1672   0.1685   0.5519   0.6728   0.6104   0.7387   0.7906   0.5769 
  0.2896   0.8828   0.9025   0.7990   0.6499   0.1416   0.2104   0.8247 
  0.4815   0.6118   0.5401   0.8225   0.6975   0.4157   0.2738   0.2554 
  0.5062   0.5588   0.9413   0.5000   0.5328   0.1062   0.3400   0.7122 
---------------------------------------

--- Output Correlation Matrix (Snippet) ---
  1.0000   0.0111  -0.0267  -0.0267  -0.0210   0.0113   0.0004   0.0095 
  0.0111   1.0000  -0.0268   0.0110   0.0518  -0.0168   0.0241   0.0123 
 -0.0267  -0.0268   1.0000   0.0289   0.0020  -0.0170  -0.0226  -0.0030 
 -0.0267   0.0110   0.0289   1.0000   0.0178  -0.0459   0.0215  -0.0381 
 -0.0210   0.0518   0.0020   0.0178   1.0000   0.0124  -0.0130  -0.0079 
  0.0113  -0.0168  -0.0170  -0.0459   0.0124   1.0000   0.0043   0.0352 
  0.0004   0.0241  -0.0226   0.0215  -0.0130   0.0043   1.0000  -0.0296 
  0.0095   0.0123  -0.0030  -0.0381  -0.0079   0.0352  -0.0296   1.0000 
---------------------------------------

Execution Time: 0.327543 seconds
Exit code: 0
Extracted time: 0.327543

=== cuda (N=1500, M=2000, iter=1) ===
Executing CUDA Version
Matrix Size: N=1500, M=2000
Using GPU: NVIDIA GeForce MX230
Compute Capability: 6.1
Global Memory: 4.00 GB
--- Input Matrix (Snippet) ---
  0.1784   0.3997   0.1666   0.2121   0.0619   0.0541   0.2757   0.0478 
  0.2355   0.3513   0.2187   0.2880   0.0186   0.3609   0.1549   0.3504 
  0.7361   0.6262   0.2348   0.0727   0.7465   0.0340   0.4242   0.2949 
  0.1672   0.1685   0.5519   0.6728   0.6104   0.7387   0.7906   0.5769 
  0.9290   0.7971   0.1292   0.8444   0.4470   0.9848   0.7467   0.6753 
  0.6577   0.0369   0.3331   0.8758   0.2217   0.6708   0.6280   0.0000 
  0.9311   0.2895   0.4608   0.4579   0.4643   0.0754   0.2606   0.6549 
  0.2649   0.2373   0.6548   0.4642   0.2228   0.6153   0.1826   0.9288 
---------------------------------------

--- Output Correlation Matrix (Snippet) ---
  1.0000  -0.0069  -0.0270  -0.0283   0.0410  -0.0121  -0.0445  -0.0154 
 -0.0069   1.0000   0.0227   0.0096  -0.0277  -0.0158   0.0245   0.0515 
 -0.0270   0.0227   1.0000   0.0181  -0.0084  -0.0181   0.0164   0.0039 
 -0.0283   0.0096   0.0181   1.0000  -0.0407   0.0316   0.0226   0.0055 
  0.0410  -0.0277  -0.0084  -0.0407   1.0000  -0.0453   0.0127  -0.0128 
 -0.0121  -0.0158  -0.0181   0.0316  -0.0453   1.0000  -0.0070  -0.0285 
 -0.0445   0.0245   0.0164   0.0226   0.0127  -0.0070   1.0000   0.0225 
 -0.0154   0.0515   0.0039   0.0055  -0.0128  -0.0285   0.0225   1.0000 
---------------------------------------

Execution Time: 0.426805 seconds
Exit code: 0
Extracted time: 0.426805

=== cuda (N=1500, M=2000, iter=2) ===
Executing CUDA Version
Matrix Size: N=1500, M=2000
Using GPU: NVIDIA GeForce MX230
Compute Capability: 6.1
Global Memory: 4.00 GB
--- Input Matrix (Snippet) ---
  0.1784   0.3997   0.1666   0.2121   0.0619   0.0541   0.2757   0.0478 
  0.2355   0.3513   0.2187   0.2880   0.0186   0.3609   0.1549   0.3504 
  0.7361   0.6262   0.2348   0.0727   0.7465   0.0340   0.4242   0.2949 
  0.1672   0.1685   0.5519   0.6728   0.6104   0.7387   0.7906   0.5769 
  0.9290   0.7971   0.1292   0.8444   0.4470   0.9848   0.7467   0.6753 
  0.6577   0.0369   0.3331   0.8758   0.2217   0.6708   0.6280   0.0000 
  0.9311   0.2895   0.4608   0.4579   0.4643   0.0754   0.2606   0.6549 
  0.2649   0.2373   0.6548   0.4642   0.2228   0.6153   0.1826   0.9288 
---------------------------------------

--- Output Correlation Matrix (Snippet) ---
  1.0000  -0.0069  -0.0270  -0.0283   0.0410  -0.0121  -0.0445  -0.0154 
 -0.0069   1.0000   0.0227   0.0096  -0.0277  -0.0158   0.0245   0.0515 
 -0.0270   0.0227   1.0000   0.0181  -0.0084  -0.0181   0.0164   0.0039 
 -0.0283   0.0096   0.0181   1.0000  -0.0407   0.0316   0.0226   0.0055 
  0.0410  -0.0277  -0.0084  -0.0407   1.0000  -0.0453   0.0127  -0.0128 
 -0.0121  -0.0158  -0.0181   0.0316  -0.0453   1.0000  -0.0070  -0.0285 
 -0.0445   0.0245   0.0164   0.0226   0.0127  -0.0070   1.0000   0.0225 
 -0.0154   0.0515   0.0039   0.0055  -0.0128  -0.0285   0.0225   1.0000 
---------------------------------------

Execution Time: 0.431980 seconds
Exit code: 0
Extracted time: 0.431980

=== cuda (N=1500, M=2000, iter=3) ===
Executing CUDA Version
Matrix Size: N=1500, M=2000
Using GPU: NVIDIA GeForce MX230
Compute Capability: 6.1
Global Memory: 4.00 GB
--- Input Matrix (Snippet) ---
  0.1784   0.3997   0.1666   0.2121   0.0619   0.0541   0.2757   0.0478 
  0.2355   0.3513   0.2187   0.2880   0.0186   0.3609   0.1549   0.3504 
  0.7361   0.6262   0.2348   0.0727   0.7465   0.0340   0.4242   0.2949 
  0.1672   0.1685   0.5519   0.6728   0.6104   0.7387   0.7906   0.5769 
  0.9290   0.7971   0.1292   0.8444   0.4470   0.9848   0.7467   0.6753 
  0.6577   0.0369   0.3331   0.8758   0.2217   0.6708   0.6280   0.0000 
  0.9311   0.2895   0.4608   0.4579   0.4643   0.0754   0.2606   0.6549 
  0.2649   0.2373   0.6548   0.4642   0.2228   0.6153   0.1826   0.9288 
---------------------------------------

--- Output Correlation Matrix (Snippet) ---
  1.0000  -0.0069  -0.0270  -0.0283   0.0410  -0.0121  -0.0445  -0.0154 
 -0.0069   1.0000   0.0227   0.0096  -0.0277  -0.0158   0.0245   0.0515 
 -0.0270   0.0227   1.0000   0.0181  -0.0084  -0.0181   0.0164   0.0039 
 -0.0283   0.0096   0.0181   1.0000  -0.0407   0.0316   0.0226   0.0055 
  0.0410  -0.0277  -0.0084  -0.0407   1.0000  -0.0453   0.0127  -0.0128 
 -0.0121  -0.0158  -0.0181   0.0316  -0.0453   1.0000  -0.0070  -0.0285 
 -0.0445   0.0245   0.0164   0.0226   0.0127  -0.0070   1.0000   0.0225 
 -0.0154   0.0515   0.0039   0.0055  -0.0128  -0.0285   0.0225   1.0000 
---------------------------------------

Execution Time: 0.430926 seconds
Exit code: 0
Extracted time: 0.430926

=== cuda (N=1500, M=2500, iter=1) ===
Executing CUDA Version
Matrix Size: N=1500, M=2500
Using GPU: NVIDIA GeForce MX230
Compute Capability: 6.1
Global Memory: 4.00 GB
--- Input Matrix (Snippet) ---
  0.1784   0.3997   0.1666   0.2121   0.0619   0.0541   0.2757   0.0478 
  0.2459   0.4850   0.0104   0.8695   0.6495   0.6553   0.0003   0.2781 
  0.9063   0.4440   0.7253   0.1379   0.7956   0.9051   0.0964   0.8206 
  0.2896   0.8828   0.9025   0.7990   0.6499   0.1416   0.2104   0.8247 
  0.6577   0.0369   0.3331   0.8758   0.2217   0.6708   0.6280   0.0000 
  0.0891   0.9237   0.8383   0.8221   0.7560   0.6990   0.3387   0.4892 
  0.7794   0.8132   0.7432   0.9474   0.3793   0.9794   0.6384   0.6187 
  0.0842   0.1832   0.3542   0.9223   0.4774   0.3511   0.6550   0.4676 
---------------------------------------

--- Output Correlation Matrix (Snippet) ---
  1.0000   0.0305  -0.0212   0.0233  -0.0160  -0.0192   0.0017  -0.0016 
  0.0305   1.0000   0.0092   0.0212   0.0022   0.0280  -0.0362  -0.0159 
 -0.0212   0.0092   1.0000  -0.0060   0.0119   0.0228  -0.0218  -0.0016 
  0.0233   0.0212  -0.0060   1.0000  -0.0190  -0.0385  -0.0178   0.0073 
 -0.0160   0.0022   0.0119  -0.0190   1.0000   0.0217   0.0011  -0.0372 
 -0.0192   0.0280   0.0228  -0.0385   0.0217   1.0000  -0.0358  -0.0005 
  0.0017  -0.0362  -0.0218  -0.0178   0.0011  -0.0358   1.0000   0.0276 
 -0.0016  -0.0159  -0.0016   0.0073  -0.0372  -0.0005   0.0276   1.0000 
---------------------------------------

Execution Time: 0.558673 seconds
Exit code: 0
Extracted time: 0.558673

=== cuda (N=1500, M=2500, iter=2) ===
Executing CUDA Version
Matrix Size: N=1500, M=2500
Using GPU: NVIDIA GeForce MX230
Compute Capability: 6.1
Global Memory: 4.00 GB
--- Input Matrix (Snippet) ---
  0.1784   0.3997   0.1666   0.2121   0.0619   0.0541   0.2757   0.0478 
  0.2459   0.4850   0.0104   0.8695   0.6495   0.6553   0.0003   0.2781 
  0.9063   0.4440   0.7253   0.1379   0.7956   0.9051   0.0964   0.8206 
  0.2896   0.8828   0.9025   0.7990   0.6499   0.1416   0.2104   0.8247 
  0.6577   0.0369   0.3331   0.8758   0.2217   0.6708   0.6280   0.0000 
  0.0891   0.9237   0.8383   0.8221   0.7560   0.6990   0.3387   0.4892 
  0.7794   0.8132   0.7432   0.9474   0.3793   0.9794   0.6384   0.6187 
  0.0842   0.1832   0.3542   0.9223   0.4774   0.3511   0.6550   0.4676 
---------------------------------------

--- Output Correlation Matrix (Snippet) ---
  1.0000   0.0305  -0.0212   0.0233  -0.0160  -0.0192   0.0017  -0.0016 
  0.0305   1.0000   0.0092   0.0212   0.0022   0.0280  -0.0362  -0.0159 
 -0.0212   0.0092   1.0000  -0.0060   0.0119   0.0228  -0.0218  -0.0016 
  0.0233   0.0212  -0.0060   1.0000  -0.0190  -0.0385  -0.0178   0.0073 
 -0.0160   0.0022   0.0119  -0.0190   1.0000   0.0217   0.0011  -0.0372 
 -0.0192   0.0280   0.0228  -0.0385   0.0217   1.0000  -0.0358  -0.0005 
  0.0017  -0.0362  -0.0218  -0.0178   0.0011  -0.0358   1.0000   0.0276 
 -0.0016  -0.0159  -0.0016   0.0073  -0.0372  -0.0005   0.0276   1.0000 
---------------------------------------

Execution Time: 0.541484 seconds
Exit code: 0
Extracted time: 0.541484

=== cuda (N=1500, M=2500, iter=3) ===
Executing CUDA Version
Matrix Size: N=1500, M=2500
Using GPU: NVIDIA GeForce MX230
Compute Capability: 6.1
Global Memory: 4.00 GB
--- Input Matrix (Snippet) ---
  0.1784   0.3997   0.1666   0.2121   0.0619   0.0541   0.2757   0.0478 
  0.2459   0.4850   0.0104   0.8695   0.6495   0.6553   0.0003   0.2781 
  0.9063   0.4440   0.7253   0.1379   0.7956   0.9051   0.0964   0.8206 
  0.2896   0.8828   0.9025   0.7990   0.6499   0.1416   0.2104   0.8247 
  0.6577   0.0369   0.3331   0.8758   0.2217   0.6708   0.6280   0.0000 
  0.0891   0.9237   0.8383   0.8221   0.7560   0.6990   0.3387   0.4892 
  0.7794   0.8132   0.7432   0.9474   0.3793   0.9794   0.6384   0.6187 
  0.0842   0.1832   0.3542   0.9223   0.4774   0.3511   0.6550   0.4676 
---------------------------------------

--- Output Correlation Matrix (Snippet) ---
  1.0000   0.0305  -0.0212   0.0233  -0.0160  -0.0192   0.0017  -0.0016 
  0.0305   1.0000   0.0092   0.0212   0.0022   0.0280  -0.0362  -0.0159 
 -0.0212   0.0092   1.0000  -0.0060   0.0119   0.0228  -0.0218  -0.0016 
  0.0233   0.0212  -0.0060   1.0000  -0.0190  -0.0385  -0.0178   0.0073 
 -0.0160   0.0022   0.0119  -0.0190   1.0000   0.0217   0.0011  -0.0372 
 -0.0192   0.0280   0.0228  -0.0385   0.0217   1.0000  -0.0358  -0.0005 
  0.0017  -0.0362  -0.0218  -0.0178   0.0011  -0.0358   1.0000   0.0276 
 -0.0016  -0.0159  -0.0016   0.0073  -0.0372  -0.0005   0.0276   1.0000 
---------------------------------------

Execution Time: 0.550607 seconds
Exit code: 0
Extracted time: 0.550607

=== cuda (N=1500, M=3000, iter=1) ===
Executing CUDA Version
Matrix Size: N=1500, M=3000
Using GPU: NVIDIA GeForce MX230
Compute Capability: 6.1
Global Memory: 4.00 GB
--- Input Matrix (Snippet) ---
  0.1784   0.3997   0.1666   0.2121   0.0619   0.0541   0.2757   0.0478 
  0.6835   0.2185   0.1961   0.0248   0.6727   0.5442   0.9639   0.2818 
  0.1672   0.1685   0.5519   0.6728   0.6104   0.7387   0.7906   0.5769 
  0.4815   0.6118   0.5401   0.8225   0.6975   0.4157   0.2738   0.2554 
  0.9311   0.2895   0.4608   0.4579   0.4643   0.0754   0.2606   0.6549 
  0.7794   0.8132   0.7432   0.9474   0.3793   0.9794   0.6384   0.6187 
  0.1583   0.6916   0.6599   0.6962   0.3418   0.4218   0.2080   0.0566 
  0.5013   0.8661   0.8181   0.8221   0.2707   0.8748   0.9764   0.6529 
---------------------------------------

--- Output Correlation Matrix (Snippet) ---
  1.0000  -0.0079  -0.0189   0.0064  -0.0058   0.0126   0.0067  -0.0029 
 -0.0079   1.0000  -0.0219  -0.0305  -0.0129   0.0147  -0.0086   0.0305 
 -0.0189  -0.0219   1.0000   0.0110   0.0151   0.0069  -0.0076   0.0224 
  0.0064  -0.0305   0.0110   1.0000  -0.0143   0.0036   0.0036  -0.0167 
 -0.0058  -0.0129   0.0151  -0.0143   1.0000   0.0173  -0.0375  -0.0020 
  0.0126   0.0147   0.0069   0.0036   0.0173   1.0000  -0.0245   0.0187 
  0.0067  -0.0086  -0.0076   0.0036  -0.0375  -0.0245   1.0000  -0.0087 
 -0.0029   0.0305   0.0224  -0.0167  -0.0020   0.0187  -0.0087   1.0000 
---------------------------------------

Execution Time: 0.625324 seconds
Exit code: 0
Extracted time: 0.625324

=== cuda (N=1500, M=3000, iter=2) ===
Executing CUDA Version
Matrix Size: N=1500, M=3000
Using GPU: NVIDIA GeForce MX230
Compute Capability: 6.1
Global Memory: 4.00 GB
--- Input Matrix (Snippet) ---
  0.1784   0.3997   0.1666   0.2121   0.0619   0.0541   0.2757   0.0478 
  0.6835   0.2185   0.1961   0.0248   0.6727   0.5442   0.9639   0.2818 
  0.1672   0.1685   0.5519   0.6728   0.6104   0.7387   0.7906   0.5769 
  0.4815   0.6118   0.5401   0.8225   0.6975   0.4157   0.2738   0.2554 
  0.9311   0.2895   0.4608   0.4579   0.4643   0.0754   0.2606   0.6549 
  0.7794   0.8132   0.7432   0.9474   0.3793   0.9794   0.6384   0.6187 
  0.1583   0.6916   0.6599   0.6962   0.3418   0.4218   0.2080   0.0566 
  0.5013   0.8661   0.8181   0.8221   0.2707   0.8748   0.9764   0.6529 
---------------------------------------

--- Output Correlation Matrix (Snippet) ---
  1.0000  -0.0079  -0.0189   0.0064  -0.0058   0.0126   0.0067  -0.0029 
 -0.0079   1.0000  -0.0219  -0.0305  -0.0129   0.0147  -0.0086   0.0305 
 -0.0189  -0.0219   1.0000   0.0110   0.0151   0.0069  -0.0076   0.0224 
  0.0064  -0.0305   0.0110   1.0000  -0.0143   0.0036   0.0036  -0.0167 
 -0.0058  -0.0129   0.0151  -0.0143   1.0000   0.0173  -0.0375  -0.0020 
  0.0126   0.0147   0.0069   0.0036   0.0173   1.0000  -0.0245   0.0187 
  0.0067  -0.0086  -0.0076   0.0036  -0.0375  -0.0245   1.0000  -0.0087 
 -0.0029   0.0305   0.0224  -0.0167  -0.0020   0.0187  -0.0087   1.0000 
---------------------------------------

Execution Time: 0.648213 seconds
Exit code: 0
Extracted time: 0.648213

=== cuda (N=1500, M=3000, iter=3) ===
Executing CUDA Version
Matrix Size: N=1500, M=3000
Using GPU: NVIDIA GeForce MX230
Compute Capability: 6.1
Global Memory: 4.00 GB
--- Input Matrix (Snippet) ---
  0.1784   0.3997   0.1666   0.2121   0.0619   0.0541   0.2757   0.0478 
  0.6835   0.2185   0.1961   0.0248   0.6727   0.5442   0.9639   0.2818 
  0.1672   0.1685   0.5519   0.6728   0.6104   0.7387   0.7906   0.5769 
  0.4815   0.6118   0.5401   0.8225   0.6975   0.4157   0.2738   0.2554 
  0.9311   0.2895   0.4608   0.4579   0.4643   0.0754   0.2606   0.6549 
  0.7794   0.8132   0.7432   0.9474   0.3793   0.9794   0.6384   0.6187 
  0.1583   0.6916   0.6599   0.6962   0.3418   0.4218   0.2080   0.0566 
  0.5013   0.8661   0.8181   0.8221   0.2707   0.8748   0.9764   0.6529 
---------------------------------------

--- Output Correlation Matrix (Snippet) ---
  1.0000  -0.0079  -0.0189   0.0064  -0.0058   0.0126   0.0067  -0.0029 
 -0.0079   1.0000  -0.0219  -0.0305  -0.0129   0.0147  -0.0086   0.0305 
 -0.0189  -0.0219   1.0000   0.0110   0.0151   0.0069  -0.0076   0.0224 
  0.0064  -0.0305   0.0110   1.0000  -0.0143   0.0036   0.0036  -0.0167 
 -0.0058  -0.0129   0.0151  -0.0143   1.0000   0.0173  -0.0375  -0.0020 
  0.0126   0.0147   0.0069   0.0036   0.0173   1.0000  -0.0245   0.0187 
  0.0067  -0.0086  -0.0076   0.0036  -0.0375  -0.0245   1.0000  -0.0087 
 -0.0029   0.0305   0.0224  -0.0167  -0.0020   0.0187  -0.0087   1.0000 
---------------------------------------

Execution Time: 0.647420 seconds
Exit code: 0
Extracted time: 0.647420

=== cuda (N=2000, M=500, iter=1) ===
Executing CUDA Version
Matrix Size: N=2000, M=500
Using GPU: NVIDIA GeForce MX230
Compute Capability: 6.1
Global Memory: 4.00 GB
--- Input Matrix (Snippet) ---
  0.1784   0.3997   0.1666   0.2121   0.0619   0.0541   0.2757   0.0478 
  0.7832   0.1713   0.3731   0.1762   0.4492   0.9714   0.9770   0.4063 
  0.8579   0.2793   0.3497   0.6058   0.0737   0.1928   0.5753   0.2738 
  0.5231   0.4570   0.4980   0.9980   0.9538   0.4599   0.6245   0.8193 
  0.2355   0.3513   0.2187   0.2880   0.0186   0.3609   0.1549   0.3504 
  0.2459   0.4850   0.0104   0.8695   0.6495   0.6553   0.0003   0.2781 
  0.6835   0.2185   0.1961   0.0248   0.6727   0.5442   0.9639   0.2818 
  0.7949   0.9540   0.3739   0.6583   0.6555   0.8941   0.8713   0.9372 
---------------------------------------

--- Output Correlation Matrix (Snippet) ---
  1.0000   0.0256   0.0236  -0.0521   0.0384   0.0583   0.0019  -0.0393 
  0.0256   1.0000  -0.0126  -0.0000   0.0707   0.0208   0.0440  -0.0621 
  0.0236  -0.0126   1.0000  -0.0210  -0.0033   0.0142  -0.0386   0.0410 
 -0.0521  -0.0000  -0.0210   1.0000   0.0182   0.0262  -0.0804  -0.0467 
  0.0384   0.0707  -0.0033   0.0182   1.0000   0.0061  -0.0249  -0.0272 
  0.0583   0.0208   0.0142   0.0262   0.0061   1.0000  -0.1227   0.0816 
  0.0019   0.0440  -0.0386  -0.0804  -0.0249  -0.1227   1.0000   0.0038 
 -0.0393  -0.0621   0.0410  -0.0467  -0.0272   0.0816   0.0038   1.0000 
---------------------------------------

Execution Time: 0.215800 seconds
Exit code: 0
Extracted time: 0.215800

=== cuda (N=2000, M=500, iter=2) ===
Executing CUDA Version
Matrix Size: N=2000, M=500
Using GPU: NVIDIA GeForce MX230
Compute Capability: 6.1
Global Memory: 4.00 GB
--- Input Matrix (Snippet) ---
  0.1784   0.3997   0.1666   0.2121   0.0619   0.0541   0.2757   0.0478 
  0.7832   0.1713   0.3731   0.1762   0.4492   0.9714   0.9770   0.4063 
  0.8579   0.2793   0.3497   0.6058   0.0737   0.1928   0.5753   0.2738 
  0.5231   0.4570   0.4980   0.9980   0.9538   0.4599   0.6245   0.8193 
  0.2355   0.3513   0.2187   0.2880   0.0186   0.3609   0.1549   0.3504 
  0.2459   0.4850   0.0104   0.8695   0.6495   0.6553   0.0003   0.2781 
  0.6835   0.2185   0.1961   0.0248   0.6727   0.5442   0.9639   0.2818 
  0.7949   0.9540   0.3739   0.6583   0.6555   0.8941   0.8713   0.9372 
---------------------------------------

--- Output Correlation Matrix (Snippet) ---
  1.0000   0.0256   0.0236  -0.0521   0.0384   0.0583   0.0019  -0.0393 
  0.0256   1.0000  -0.0126  -0.0000   0.0707   0.0208   0.0440  -0.0621 
  0.0236  -0.0126   1.0000  -0.0210  -0.0033   0.0142  -0.0386   0.0410 
 -0.0521  -0.0000  -0.0210   1.0000   0.0182   0.0262  -0.0804  -0.0467 
  0.0384   0.0707  -0.0033   0.0182   1.0000   0.0061  -0.0249  -0.0272 
  0.0583   0.0208   0.0142   0.0262   0.0061   1.0000  -0.1227   0.0816 
  0.0019   0.0440  -0.0386  -0.0804  -0.0249  -0.1227   1.0000   0.0038 
 -0.0393  -0.0621   0.0410  -0.0467  -0.0272   0.0816   0.0038   1.0000 
---------------------------------------

Execution Time: 0.218297 seconds
Exit code: 0
Extracted time: 0.218297

=== cuda (N=2000, M=500, iter=3) ===
Executing CUDA Version
Matrix Size: N=2000, M=500
Using GPU: NVIDIA GeForce MX230
Compute Capability: 6.1
Global Memory: 4.00 GB
--- Input Matrix (Snippet) ---
  0.1784   0.3997   0.1666   0.2121   0.0619   0.0541   0.2757   0.0478 
  0.7832   0.1713   0.3731   0.1762   0.4492   0.9714   0.9770   0.4063 
  0.8579   0.2793   0.3497   0.6058   0.0737   0.1928   0.5753   0.2738 
  0.5231   0.4570   0.4980   0.9980   0.9538   0.4599   0.6245   0.8193 
  0.2355   0.3513   0.2187   0.2880   0.0186   0.3609   0.1549   0.3504 
  0.2459   0.4850   0.0104   0.8695   0.6495   0.6553   0.0003   0.2781 
  0.6835   0.2185   0.1961   0.0248   0.6727   0.5442   0.9639   0.2818 
  0.7949   0.9540   0.3739   0.6583   0.6555   0.8941   0.8713   0.9372 
---------------------------------------

--- Output Correlation Matrix (Snippet) ---
  1.0000   0.0256   0.0236  -0.0521   0.0384   0.0583   0.0019  -0.0393 
  0.0256   1.0000  -0.0126  -0.0000   0.0707   0.0208   0.0440  -0.0621 
  0.0236  -0.0126   1.0000  -0.0210  -0.0033   0.0142  -0.0386   0.0410 
 -0.0521  -0.0000  -0.0210   1.0000   0.0182   0.0262  -0.0804  -0.0467 
  0.0384   0.0707  -0.0033   0.0182   1.0000   0.0061  -0.0249  -0.0272 
  0.0583   0.0208   0.0142   0.0262   0.0061   1.0000  -0.1227   0.0816 
  0.0019   0.0440  -0.0386  -0.0804  -0.0249  -0.1227   1.0000   0.0038 
 -0.0393  -0.0621   0.0410  -0.0467  -0.0272   0.0816   0.0038   1.0000 
---------------------------------------

Execution Time: 0.218153 seconds
Exit code: 0
Extracted time: 0.218153

=== cuda (N=2000, M=1000, iter=1) ===
Executing CUDA Version
Matrix Size: N=2000, M=1000
Using GPU: NVIDIA GeForce MX230
Compute Capability: 6.1
Global Memory: 4.00 GB
--- Input Matrix (Snippet) ---
  0.1784   0.3997   0.1666   0.2121   0.0619   0.0541   0.2757   0.0478 
  0.8579   0.2793   0.3497   0.6058   0.0737   0.1928   0.5753   0.2738 
  0.2355   0.3513   0.2187   0.2880   0.0186   0.3609   0.1549   0.3504 
  0.6835   0.2185   0.1961   0.0248   0.6727   0.5442   0.9639   0.2818 
  0.7361   0.6262   0.2348   0.0727   0.7465   0.0340   0.4242   0.2949 
  0.9063   0.4440   0.7253   0.1379   0.7956   0.9051   0.0964   0.8206 
  0.1672   0.1685   0.5519   0.6728   0.6104   0.7387   0.7906   0.5769 
  0.3751   0.2483   0.8508   0.0803   0.3567   0.4930   0.2261   0.4608 
---------------------------------------

--- Output Correlation Matrix (Snippet) ---
  1.0000   0.0109   0.0293  -0.0304   0.0102   0.0139   0.0044  -0.0106 
  0.0109   1.0000   0.0119  -0.0427  -0.0041  -0.0632  -0.0605  -0.0605 
  0.0293   0.0119   1.0000   0.0276   0.0204   0.0119   0.0083   0.0077 
 -0.0304  -0.0427   0.0276   1.0000   0.0269   0.0239   0.0206   0.0100 
  0.0102  -0.0041   0.0204   0.0269   1.0000   0.0015  -0.0140  -0.0381 
  0.0139  -0.0632   0.0119   0.0239   0.0015   1.0000  -0.0124   0.0481 
  0.0044  -0.0605   0.0083   0.0206  -0.0140  -0.0124   1.0000   0.0370 
 -0.0106  -0.0605   0.0077   0.0100  -0.0381   0.0481   0.0370   1.0000 
---------------------------------------

Execution Time: 0.404530 seconds
Exit code: 0
Extracted time: 0.404530

=== cuda (N=2000, M=1000, iter=2) ===
Executing CUDA Version
Matrix Size: N=2000, M=1000
Using GPU: NVIDIA GeForce MX230
Compute Capability: 6.1
Global Memory: 4.00 GB
--- Input Matrix (Snippet) ---
  0.1784   0.3997   0.1666   0.2121   0.0619   0.0541   0.2757   0.0478 
  0.8579   0.2793   0.3497   0.6058   0.0737   0.1928   0.5753   0.2738 
  0.2355   0.3513   0.2187   0.2880   0.0186   0.3609   0.1549   0.3504 
  0.6835   0.2185   0.1961   0.0248   0.6727   0.5442   0.9639   0.2818 
  0.7361   0.6262   0.2348   0.0727   0.7465   0.0340   0.4242   0.2949 
  0.9063   0.4440   0.7253   0.1379   0.7956   0.9051   0.0964   0.8206 
  0.1672   0.1685   0.5519   0.6728   0.6104   0.7387   0.7906   0.5769 
  0.3751   0.2483   0.8508   0.0803   0.3567   0.4930   0.2261   0.4608 
---------------------------------------

--- Output Correlation Matrix (Snippet) ---
  1.0000   0.0109   0.0293  -0.0304   0.0102   0.0139   0.0044  -0.0106 
  0.0109   1.0000   0.0119  -0.0427  -0.0041  -0.0632  -0.0605  -0.0605 
  0.0293   0.0119   1.0000   0.0276   0.0204   0.0119   0.0083   0.0077 
 -0.0304  -0.0427   0.0276   1.0000   0.0269   0.0239   0.0206   0.0100 
  0.0102  -0.0041   0.0204   0.0269   1.0000   0.0015  -0.0140  -0.0381 
  0.0139  -0.0632   0.0119   0.0239   0.0015   1.0000  -0.0124   0.0481 
  0.0044  -0.0605   0.0083   0.0206  -0.0140  -0.0124   1.0000   0.0370 
 -0.0106  -0.0605   0.0077   0.0100  -0.0381   0.0481   0.0370   1.0000 
---------------------------------------

Execution Time: 0.408125 seconds
Exit code: 0
Extracted time: 0.408125

=== cuda (N=2000, M=1000, iter=3) ===
Executing CUDA Version
Matrix Size: N=2000, M=1000
Using GPU: NVIDIA GeForce MX230
Compute Capability: 6.1
Global Memory: 4.00 GB
--- Input Matrix (Snippet) ---
  0.1784   0.3997   0.1666   0.2121   0.0619   0.0541   0.2757   0.0478 
  0.8579   0.2793   0.3497   0.6058   0.0737   0.1928   0.5753   0.2738 
  0.2355   0.3513   0.2187   0.2880   0.0186   0.3609   0.1549   0.3504 
  0.6835   0.2185   0.1961   0.0248   0.6727   0.5442   0.9639   0.2818 
  0.7361   0.6262   0.2348   0.0727   0.7465   0.0340   0.4242   0.2949 
  0.9063   0.4440   0.7253   0.1379   0.7956   0.9051   0.0964   0.8206 
  0.1672   0.1685   0.5519   0.6728   0.6104   0.7387   0.7906   0.5769 
  0.3751   0.2483   0.8508   0.0803   0.3567   0.4930   0.2261   0.4608 
---------------------------------------

--- Output Correlation Matrix (Snippet) ---
  1.0000   0.0109   0.0293  -0.0304   0.0102   0.0139   0.0044  -0.0106 
  0.0109   1.0000   0.0119  -0.0427  -0.0041  -0.0632  -0.0605  -0.0605 
  0.0293   0.0119   1.0000   0.0276   0.0204   0.0119   0.0083   0.0077 
 -0.0304  -0.0427   0.0276   1.0000   0.0269   0.0239   0.0206   0.0100 
  0.0102  -0.0041   0.0204   0.0269   1.0000   0.0015  -0.0140  -0.0381 
  0.0139  -0.0632   0.0119   0.0239   0.0015   1.0000  -0.0124   0.0481 
  0.0044  -0.0605   0.0083   0.0206  -0.0140  -0.0124   1.0000   0.0370 
 -0.0106  -0.0605   0.0077   0.0100  -0.0381   0.0481   0.0370   1.0000 
---------------------------------------

Execution Time: 0.406978 seconds
Exit code: 0
Extracted time: 0.406978

=== cuda (N=2000, M=1500, iter=1) ===
Executing CUDA Version
Matrix Size: N=2000, M=1500
Using GPU: NVIDIA GeForce MX230
Compute Capability: 6.1
Global Memory: 4.00 GB
--- Input Matrix (Snippet) ---
  0.1784   0.3997   0.1666   0.2121   0.0619   0.0541   0.2757   0.0478 
  0.5231   0.4570   0.4980   0.9980   0.9538   0.4599   0.6245   0.8193 
  0.6835   0.2185   0.1961   0.0248   0.6727   0.5442   0.9639   0.2818 
  0.6730   0.3860   0.7919   0.3859   0.4882   0.1123   0.5655   0.3819 
  0.1672   0.1685   0.5519   0.6728   0.6104   0.7387   0.7906   0.5769 
  0.2896   0.8828   0.9025   0.7990   0.6499   0.1416   0.2104   0.8247 
  0.4815   0.6118   0.5401   0.8225   0.6975   0.4157   0.2738   0.2554 
  0.5062   0.5588   0.9413   0.5000   0.5328   0.1062   0.3400   0.7122 
---------------------------------------

--- Output Correlation Matrix (Snippet) ---
  1.0000   0.0111  -0.0267  -0.0267  -0.0210   0.0113   0.0004   0.0095 
  0.0111   1.0000  -0.0268   0.0110   0.0518  -0.0168   0.0241   0.0123 
 -0.0267  -0.0268   1.0000   0.0289   0.0020  -0.0170  -0.0226  -0.0030 
 -0.0267   0.0110   0.0289   1.0000   0.0178  -0.0459   0.0215  -0.0381 
 -0.0210   0.0518   0.0020   0.0178   1.0000   0.0124  -0.0130  -0.0079 
  0.0113  -0.0168  -0.0170  -0.0459   0.0124   1.0000   0.0043   0.0352 
  0.0004   0.0241  -0.0226   0.0215  -0.0130   0.0043   1.0000  -0.0296 
  0.0095   0.0123  -0.0030  -0.0381  -0.0079   0.0352  -0.0296   1.0000 
---------------------------------------

Execution Time: 0.586630 seconds
Exit code: 0
Extracted time: 0.586630

=== cuda (N=2000, M=1500, iter=2) ===
Executing CUDA Version
Matrix Size: N=2000, M=1500
Using GPU: NVIDIA GeForce MX230
Compute Capability: 6.1
Global Memory: 4.00 GB
--- Input Matrix (Snippet) ---
  0.1784   0.3997   0.1666   0.2121   0.0619   0.0541   0.2757   0.0478 
  0.5231   0.4570   0.4980   0.9980   0.9538   0.4599   0.6245   0.8193 
  0.6835   0.2185   0.1961   0.0248   0.6727   0.5442   0.9639   0.2818 
  0.6730   0.3860   0.7919   0.3859   0.4882   0.1123   0.5655   0.3819 
  0.1672   0.1685   0.5519   0.6728   0.6104   0.7387   0.7906   0.5769 
  0.2896   0.8828   0.9025   0.7990   0.6499   0.1416   0.2104   0.8247 
  0.4815   0.6118   0.5401   0.8225   0.6975   0.4157   0.2738   0.2554 
  0.5062   0.5588   0.9413   0.5000   0.5328   0.1062   0.3400   0.7122 
---------------------------------------

--- Output Correlation Matrix (Snippet) ---
  1.0000   0.0111  -0.0267  -0.0267  -0.0210   0.0113   0.0004   0.0095 
  0.0111   1.0000  -0.0268   0.0110   0.0518  -0.0168   0.0241   0.0123 
 -0.0267  -0.0268   1.0000   0.0289   0.0020  -0.0170  -0.0226  -0.0030 
 -0.0267   0.0110   0.0289   1.0000   0.0178  -0.0459   0.0215  -0.0381 
 -0.0210   0.0518   0.0020   0.0178   1.0000   0.0124  -0.0130  -0.0079 
  0.0113  -0.0168  -0.0170  -0.0459   0.0124   1.0000   0.0043   0.0352 
  0.0004   0.0241  -0.0226   0.0215  -0.0130   0.0043   1.0000  -0.0296 
  0.0095   0.0123  -0.0030  -0.0381  -0.0079   0.0352  -0.0296   1.0000 
---------------------------------------

Execution Time: 0.573825 seconds
Exit code: 0
Extracted time: 0.573825

=== cuda (N=2000, M=1500, iter=3) ===
Executing CUDA Version
Matrix Size: N=2000, M=1500
Using GPU: NVIDIA GeForce MX230
Compute Capability: 6.1
Global Memory: 4.00 GB
--- Input Matrix (Snippet) ---
  0.1784   0.3997   0.1666   0.2121   0.0619   0.0541   0.2757   0.0478 
  0.5231   0.4570   0.4980   0.9980   0.9538   0.4599   0.6245   0.8193 
  0.6835   0.2185   0.1961   0.0248   0.6727   0.5442   0.9639   0.2818 
  0.6730   0.3860   0.7919   0.3859   0.4882   0.1123   0.5655   0.3819 
  0.1672   0.1685   0.5519   0.6728   0.6104   0.7387   0.7906   0.5769 
  0.2896   0.8828   0.9025   0.7990   0.6499   0.1416   0.2104   0.8247 
  0.4815   0.6118   0.5401   0.8225   0.6975   0.4157   0.2738   0.2554 
  0.5062   0.5588   0.9413   0.5000   0.5328   0.1062   0.3400   0.7122 
---------------------------------------

--- Output Correlation Matrix (Snippet) ---
  1.0000   0.0111  -0.0267  -0.0267  -0.0210   0.0113   0.0004   0.0095 
  0.0111   1.0000  -0.0268   0.0110   0.0518  -0.0168   0.0241   0.0123 
 -0.0267  -0.0268   1.0000   0.0289   0.0020  -0.0170  -0.0226  -0.0030 
 -0.0267   0.0110   0.0289   1.0000   0.0178  -0.0459   0.0215  -0.0381 
 -0.0210   0.0518   0.0020   0.0178   1.0000   0.0124  -0.0130  -0.0079 
  0.0113  -0.0168  -0.0170  -0.0459   0.0124   1.0000   0.0043   0.0352 
  0.0004   0.0241  -0.0226   0.0215  -0.0130   0.0043   1.0000  -0.0296 
  0.0095   0.0123  -0.0030  -0.0381  -0.0079   0.0352  -0.0296   1.0000 
---------------------------------------

Execution Time: 0.584642 seconds
Exit code: 0
Extracted time: 0.584642

=== cuda (N=2000, M=2000, iter=1) ===
Executing CUDA Version
Matrix Size: N=2000, M=2000
Using GPU: NVIDIA GeForce MX230
Compute Capability: 6.1
Global Memory: 4.00 GB
--- Input Matrix (Snippet) ---
  0.1784   0.3997   0.1666   0.2121   0.0619   0.0541   0.2757   0.0478 
  0.2355   0.3513   0.2187   0.2880   0.0186   0.3609   0.1549   0.3504 
  0.7361   0.6262   0.2348   0.0727   0.7465   0.0340   0.4242   0.2949 
  0.1672   0.1685   0.5519   0.6728   0.6104   0.7387   0.7906   0.5769 
  0.9290   0.7971   0.1292   0.8444   0.4470   0.9848   0.7467   0.6753 
  0.6577   0.0369   0.3331   0.8758   0.2217   0.6708   0.6280   0.0000 
  0.9311   0.2895   0.4608   0.4579   0.4643   0.0754   0.2606   0.6549 
  0.2649   0.2373   0.6548   0.4642   0.2228   0.6153   0.1826   0.9288 
---------------------------------------

--- Output Correlation Matrix (Snippet) ---
  1.0000  -0.0069  -0.0270  -0.0283   0.0410  -0.0121  -0.0445  -0.0154 
 -0.0069   1.0000   0.0227   0.0096  -0.0277  -0.0158   0.0245   0.0515 
 -0.0270   0.0227   1.0000   0.0181  -0.0084  -0.0181   0.0164   0.0039 
 -0.0283   0.0096   0.0181   1.0000  -0.0407   0.0316   0.0226   0.0055 
  0.0410  -0.0277  -0.0084  -0.0407   1.0000  -0.0453   0.0127  -0.0128 
 -0.0121  -0.0158  -0.0181   0.0316  -0.0453   1.0000  -0.0070  -0.0285 
 -0.0445   0.0245   0.0164   0.0226   0.0127  -0.0070   1.0000   0.0225 
 -0.0154   0.0515   0.0039   0.0055  -0.0128  -0.0285   0.0225   1.0000 
---------------------------------------

Execution Time: 0.750764 seconds
Exit code: 0
Extracted time: 0.750764

=== cuda (N=2000, M=2000, iter=2) ===
Executing CUDA Version
Matrix Size: N=2000, M=2000
Using GPU: NVIDIA GeForce MX230
Compute Capability: 6.1
Global Memory: 4.00 GB
--- Input Matrix (Snippet) ---
  0.1784   0.3997   0.1666   0.2121   0.0619   0.0541   0.2757   0.0478 
  0.2355   0.3513   0.2187   0.2880   0.0186   0.3609   0.1549   0.3504 
  0.7361   0.6262   0.2348   0.0727   0.7465   0.0340   0.4242   0.2949 
  0.1672   0.1685   0.5519   0.6728   0.6104   0.7387   0.7906   0.5769 
  0.9290   0.7971   0.1292   0.8444   0.4470   0.9848   0.7467   0.6753 
  0.6577   0.0369   0.3331   0.8758   0.2217   0.6708   0.6280   0.0000 
  0.9311   0.2895   0.4608   0.4579   0.4643   0.0754   0.2606   0.6549 
  0.2649   0.2373   0.6548   0.4642   0.2228   0.6153   0.1826   0.9288 
---------------------------------------

--- Output Correlation Matrix (Snippet) ---
  1.0000  -0.0069  -0.0270  -0.0283   0.0410  -0.0121  -0.0445  -0.0154 
 -0.0069   1.0000   0.0227   0.0096  -0.0277  -0.0158   0.0245   0.0515 
 -0.0270   0.0227   1.0000   0.0181  -0.0084  -0.0181   0.0164   0.0039 
 -0.0283   0.0096   0.0181   1.0000  -0.0407   0.0316   0.0226   0.0055 
  0.0410  -0.0277  -0.0084  -0.0407   1.0000  -0.0453   0.0127  -0.0128 
 -0.0121  -0.0158  -0.0181   0.0316  -0.0453   1.0000  -0.0070  -0.0285 
 -0.0445   0.0245   0.0164   0.0226   0.0127  -0.0070   1.0000   0.0225 
 -0.0154   0.0515   0.0039   0.0055  -0.0128  -0.0285   0.0225   1.0000 
---------------------------------------

Execution Time: 0.759031 seconds
Exit code: 0
Extracted time: 0.759031

=== cuda (N=2000, M=2000, iter=3) ===
Executing CUDA Version
Matrix Size: N=2000, M=2000
Using GPU: NVIDIA GeForce MX230
Compute Capability: 6.1
Global Memory: 4.00 GB
--- Input Matrix (Snippet) ---
  0.1784   0.3997   0.1666   0.2121   0.0619   0.0541   0.2757   0.0478 
  0.2355   0.3513   0.2187   0.2880   0.0186   0.3609   0.1549   0.3504 
  0.7361   0.6262   0.2348   0.0727   0.7465   0.0340   0.4242   0.2949 
  0.1672   0.1685   0.5519   0.6728   0.6104   0.7387   0.7906   0.5769 
  0.9290   0.7971   0.1292   0.8444   0.4470   0.9848   0.7467   0.6753 
  0.6577   0.0369   0.3331   0.8758   0.2217   0.6708   0.6280   0.0000 
  0.9311   0.2895   0.4608   0.4579   0.4643   0.0754   0.2606   0.6549 
  0.2649   0.2373   0.6548   0.4642   0.2228   0.6153   0.1826   0.9288 
---------------------------------------

--- Output Correlation Matrix (Snippet) ---
  1.0000  -0.0069  -0.0270  -0.0283   0.0410  -0.0121  -0.0445  -0.0154 
 -0.0069   1.0000   0.0227   0.0096  -0.0277  -0.0158   0.0245   0.0515 
 -0.0270   0.0227   1.0000   0.0181  -0.0084  -0.0181   0.0164   0.0039 
 -0.0283   0.0096   0.0181   1.0000  -0.0407   0.0316   0.0226   0.0055 
  0.0410  -0.0277  -0.0084  -0.0407   1.0000  -0.0453   0.0127  -0.0128 
 -0.0121  -0.0158  -0.0181   0.0316  -0.0453   1.0000  -0.0070  -0.0285 
 -0.0445   0.0245   0.0164   0.0226   0.0127  -0.0070   1.0000   0.0225 
 -0.0154   0.0515   0.0039   0.0055  -0.0128  -0.0285   0.0225   1.0000 
---------------------------------------

Execution Time: 0.744221 seconds
Exit code: 0
Extracted time: 0.744221

=== cuda (N=2000, M=2500, iter=1) ===
Executing CUDA Version
Matrix Size: N=2000, M=2500
Using GPU: NVIDIA GeForce MX230
Compute Capability: 6.1
Global Memory: 4.00 GB
--- Input Matrix (Snippet) ---
  0.1784   0.3997   0.1666   0.2121   0.0619   0.0541   0.2757   0.0478 
  0.2459   0.4850   0.0104   0.8695   0.6495   0.6553   0.0003   0.2781 
  0.9063   0.4440   0.7253   0.1379   0.7956   0.9051   0.0964   0.8206 
  0.2896   0.8828   0.9025   0.7990   0.6499   0.1416   0.2104   0.8247 
  0.6577   0.0369   0.3331   0.8758   0.2217   0.6708   0.6280   0.0000 
  0.0891   0.9237   0.8383   0.8221   0.7560   0.6990   0.3387   0.4892 
  0.7794   0.8132   0.7432   0.9474   0.3793   0.9794   0.6384   0.6187 
  0.0842   0.1832   0.3542   0.9223   0.4774   0.3511   0.6550   0.4676 
---------------------------------------

--- Output Correlation Matrix (Snippet) ---
  1.0000   0.0305  -0.0212   0.0233  -0.0160  -0.0192   0.0017  -0.0016 
  0.0305   1.0000   0.0092   0.0212   0.0022   0.0280  -0.0362  -0.0159 
 -0.0212   0.0092   1.0000  -0.0060   0.0119   0.0228  -0.0218  -0.0016 
  0.0233   0.0212  -0.0060   1.0000  -0.0190  -0.0385  -0.0178   0.0073 
 -0.0160   0.0022   0.0119  -0.0190   1.0000   0.0217   0.0011  -0.0372 
 -0.0192   0.0280   0.0228  -0.0385   0.0217   1.0000  -0.0358  -0.0005 
  0.0017  -0.0362  -0.0218  -0.0178   0.0011  -0.0358   1.0000   0.0276 
 -0.0016  -0.0159  -0.0016   0.0073  -0.0372  -0.0005   0.0276   1.0000 
---------------------------------------

Execution Time: 0.965577 seconds
Exit code: 0
Extracted time: 0.965577

=== cuda (N=2000, M=2500, iter=2) ===
Executing CUDA Version
Matrix Size: N=2000, M=2500
Using GPU: NVIDIA GeForce MX230
Compute Capability: 6.1
Global Memory: 4.00 GB
--- Input Matrix (Snippet) ---
  0.1784   0.3997   0.1666   0.2121   0.0619   0.0541   0.2757   0.0478 
  0.2459   0.4850   0.0104   0.8695   0.6495   0.6553   0.0003   0.2781 
  0.9063   0.4440   0.7253   0.1379   0.7956   0.9051   0.0964   0.8206 
  0.2896   0.8828   0.9025   0.7990   0.6499   0.1416   0.2104   0.8247 
  0.6577   0.0369   0.3331   0.8758   0.2217   0.6708   0.6280   0.0000 
  0.0891   0.9237   0.8383   0.8221   0.7560   0.6990   0.3387   0.4892 
  0.7794   0.8132   0.7432   0.9474   0.3793   0.9794   0.6384   0.6187 
  0.0842   0.1832   0.3542   0.9223   0.4774   0.3511   0.6550   0.4676 
---------------------------------------

--- Output Correlation Matrix (Snippet) ---
  1.0000   0.0305  -0.0212   0.0233  -0.0160  -0.0192   0.0017  -0.0016 
  0.0305   1.0000   0.0092   0.0212   0.0022   0.0280  -0.0362  -0.0159 
 -0.0212   0.0092   1.0000  -0.0060   0.0119   0.0228  -0.0218  -0.0016 
  0.0233   0.0212  -0.0060   1.0000  -0.0190  -0.0385  -0.0178   0.0073 
 -0.0160   0.0022   0.0119  -0.0190   1.0000   0.0217   0.0011  -0.0372 
 -0.0192   0.0280   0.0228  -0.0385   0.0217   1.0000  -0.0358  -0.0005 
  0.0017  -0.0362  -0.0218  -0.0178   0.0011  -0.0358   1.0000   0.0276 
 -0.0016  -0.0159  -0.0016   0.0073  -0.0372  -0.0005   0.0276   1.0000 
---------------------------------------

Execution Time: 0.966455 seconds
Exit code: 0
Extracted time: 0.966455

=== cuda (N=2000, M=2500, iter=3) ===
Executing CUDA Version
Matrix Size: N=2000, M=2500
Using GPU: NVIDIA GeForce MX230
Compute Capability: 6.1
Global Memory: 4.00 GB
--- Input Matrix (Snippet) ---
  0.1784   0.3997   0.1666   0.2121   0.0619   0.0541   0.2757   0.0478 
  0.2459   0.4850   0.0104   0.8695   0.6495   0.6553   0.0003   0.2781 
  0.9063   0.4440   0.7253   0.1379   0.7956   0.9051   0.0964   0.8206 
  0.2896   0.8828   0.9025   0.7990   0.6499   0.1416   0.2104   0.8247 
  0.6577   0.0369   0.3331   0.8758   0.2217   0.6708   0.6280   0.0000 
  0.0891   0.9237   0.8383   0.8221   0.7560   0.6990   0.3387   0.4892 
  0.7794   0.8132   0.7432   0.9474   0.3793   0.9794   0.6384   0.6187 
  0.0842   0.1832   0.3542   0.9223   0.4774   0.3511   0.6550   0.4676 
---------------------------------------

--- Output Correlation Matrix (Snippet) ---
  1.0000   0.0305  -0.0212   0.0233  -0.0160  -0.0192   0.0017  -0.0016 
  0.0305   1.0000   0.0092   0.0212   0.0022   0.0280  -0.0362  -0.0159 
 -0.0212   0.0092   1.0000  -0.0060   0.0119   0.0228  -0.0218  -0.0016 
  0.0233   0.0212  -0.0060   1.0000  -0.0190  -0.0385  -0.0178   0.0073 
 -0.0160   0.0022   0.0119  -0.0190   1.0000   0.0217   0.0011  -0.0372 
 -0.0192   0.0280   0.0228  -0.0385   0.0217   1.0000  -0.0358  -0.0005 
  0.0017  -0.0362  -0.0218  -0.0178   0.0011  -0.0358   1.0000   0.0276 
 -0.0016  -0.0159  -0.0016   0.0073  -0.0372  -0.0005   0.0276   1.0000 
---------------------------------------

Execution Time: 0.965327 seconds
Exit code: 0
Extracted time: 0.965327

=== cuda (N=2000, M=3000, iter=1) ===
Executing CUDA Version
Matrix Size: N=2000, M=3000
Using GPU: NVIDIA GeForce MX230
Compute Capability: 6.1
Global Memory: 4.00 GB
--- Input Matrix (Snippet) ---
  0.1784   0.3997   0.1666   0.2121   0.0619   0.0541   0.2757   0.0478 
  0.6835   0.2185   0.1961   0.0248   0.6727   0.5442   0.9639   0.2818 
  0.1672   0.1685   0.5519   0.6728   0.6104   0.7387   0.7906   0.5769 
  0.4815   0.6118   0.5401   0.8225   0.6975   0.4157   0.2738   0.2554 
  0.9311   0.2895   0.4608   0.4579   0.4643   0.0754   0.2606   0.6549 
  0.7794   0.8132   0.7432   0.9474   0.3793   0.9794   0.6384   0.6187 
  0.1583   0.6916   0.6599   0.6962   0.3418   0.4218   0.2080   0.0566 
  0.5013   0.8661   0.8181   0.8221   0.2707   0.8748   0.9764   0.6529 
---------------------------------------

--- Output Correlation Matrix (Snippet) ---
  1.0000  -0.0079  -0.0189   0.0064  -0.0058   0.0126   0.0067  -0.0029 
 -0.0079   1.0000  -0.0219  -0.0305  -0.0129   0.0147  -0.0086   0.0305 
 -0.0189  -0.0219   1.0000   0.0110   0.0151   0.0069  -0.0076   0.0224 
  0.0064  -0.0305   0.0110   1.0000  -0.0143   0.0036   0.0036  -0.0167 
 -0.0058  -0.0129   0.0151  -0.0143   1.0000   0.0173  -0.0375  -0.0020 
  0.0126   0.0147   0.0069   0.0036   0.0173   1.0000  -0.0245   0.0187 
  0.0067  -0.0086  -0.0076   0.0036  -0.0375  -0.0245   1.0000  -0.0087 
 -0.0029   0.0305   0.0224  -0.0167  -0.0020   0.0187  -0.0087   1.0000 
---------------------------------------

Execution Time: 1.124626 seconds
Exit code: 0
Extracted time: 1.124626

=== cuda (N=2000, M=3000, iter=2) ===
Executing CUDA Version
Matrix Size: N=2000, M=3000
Using GPU: NVIDIA GeForce MX230
Compute Capability: 6.1
Global Memory: 4.00 GB
--- Input Matrix (Snippet) ---
  0.1784   0.3997   0.1666   0.2121   0.0619   0.0541   0.2757   0.0478 
  0.6835   0.2185   0.1961   0.0248   0.6727   0.5442   0.9639   0.2818 
  0.1672   0.1685   0.5519   0.6728   0.6104   0.7387   0.7906   0.5769 
  0.4815   0.6118   0.5401   0.8225   0.6975   0.4157   0.2738   0.2554 
  0.9311   0.2895   0.4608   0.4579   0.4643   0.0754   0.2606   0.6549 
  0.7794   0.8132   0.7432   0.9474   0.3793   0.9794   0.6384   0.6187 
  0.1583   0.6916   0.6599   0.6962   0.3418   0.4218   0.2080   0.0566 
  0.5013   0.8661   0.8181   0.8221   0.2707   0.8748   0.9764   0.6529 
---------------------------------------

--- Output Correlation Matrix (Snippet) ---
  1.0000  -0.0079  -0.0189   0.0064  -0.0058   0.0126   0.0067  -0.0029 
 -0.0079   1.0000  -0.0219  -0.0305  -0.0129   0.0147  -0.0086   0.0305 
 -0.0189  -0.0219   1.0000   0.0110   0.0151   0.0069  -0.0076   0.0224 
  0.0064  -0.0305   0.0110   1.0000  -0.0143   0.0036   0.0036  -0.0167 
 -0.0058  -0.0129   0.0151  -0.0143   1.0000   0.0173  -0.0375  -0.0020 
  0.0126   0.0147   0.0069   0.0036   0.0173   1.0000  -0.0245   0.0187 
  0.0067  -0.0086  -0.0076   0.0036  -0.0375  -0.0245   1.0000  -0.0087 
 -0.0029   0.0305   0.0224  -0.0167  -0.0020   0.0187  -0.0087   1.0000 
---------------------------------------

Execution Time: 1.121805 seconds
Exit code: 0
Extracted time: 1.121805

=== cuda (N=2000, M=3000, iter=3) ===
Executing CUDA Version
Matrix Size: N=2000, M=3000
Using GPU: NVIDIA GeForce MX230
Compute Capability: 6.1
Global Memory: 4.00 GB
--- Input Matrix (Snippet) ---
  0.1784   0.3997   0.1666   0.2121   0.0619   0.0541   0.2757   0.0478 
  0.6835   0.2185   0.1961   0.0248   0.6727   0.5442   0.9639   0.2818 
  0.1672   0.1685   0.5519   0.6728   0.6104   0.7387   0.7906   0.5769 
  0.4815   0.6118   0.5401   0.8225   0.6975   0.4157   0.2738   0.2554 
  0.9311   0.2895   0.4608   0.4579   0.4643   0.0754   0.2606   0.6549 
  0.7794   0.8132   0.7432   0.9474   0.3793   0.9794   0.6384   0.6187 
  0.1583   0.6916   0.6599   0.6962   0.3418   0.4218   0.2080   0.0566 
  0.5013   0.8661   0.8181   0.8221   0.2707   0.8748   0.9764   0.6529 
---------------------------------------

--- Output Correlation Matrix (Snippet) ---
  1.0000  -0.0079  -0.0189   0.0064  -0.0058   0.0126   0.0067  -0.0029 
 -0.0079   1.0000  -0.0219  -0.0305  -0.0129   0.0147  -0.0086   0.0305 
 -0.0189  -0.0219   1.0000   0.0110   0.0151   0.0069  -0.0076   0.0224 
  0.0064  -0.0305   0.0110   1.0000  -0.0143   0.0036   0.0036  -0.0167 
 -0.0058  -0.0129   0.0151  -0.0143   1.0000   0.0173  -0.0375  -0.0020 
  0.0126   0.0147   0.0069   0.0036   0.0173   1.0000  -0.0245   0.0187 
  0.0067  -0.0086  -0.0076   0.0036  -0.0375  -0.0245   1.0000  -0.0087 
 -0.0029   0.0305   0.0224  -0.0167  -0.0020   0.0187  -0.0087   1.0000 
---------------------------------------

Execution Time: 1.124087 seconds
Exit code: 0
Extracted time: 1.124087

=== hybrid (N=100, M=500, iter=1) ===
Executing Hybrid (OpenMP + CUDA) Version
Matrix Size: N=100, M=500
OpenMP threads: 8
GPU 0: NVIDIA GeForce MX230 (Compute 6.1, 4.00 GB)
--- Input Matrix (Snippet) ---
  0.1784   0.3997   0.1666   0.2121   0.0619   0.0541   0.2757   0.0478 
  0.7832   0.1713   0.3731   0.1762   0.4492   0.9714   0.9770   0.4063 
  0.8579   0.2793   0.3497   0.6058   0.0737   0.1928   0.5753   0.2738 
  0.5231   0.4570   0.4980   0.9980   0.9538   0.4599   0.6245   0.8193 
  0.2355   0.3513   0.2187   0.2880   0.0186   0.3609   0.1549   0.3504 
  0.2459   0.4850   0.0104   0.8695   0.6495   0.6553   0.0003   0.2781 
  0.6835   0.2185   0.1961   0.0248   0.6727   0.5442   0.9639   0.2818 
  0.7949   0.9540   0.3739   0.6583   0.6555   0.8941   0.8713   0.9372 
---------------------------------------

Using simple hybrid approach: CPU data preparation + GPU computation
--- Output Correlation Matrix (Snippet) ---
  1.0000   0.0256   0.0236  -0.0521   0.0384   0.0583   0.0019  -0.0393 
  0.0256   1.0000  -0.0126  -0.0000   0.0707   0.0208   0.0440  -0.0621 
  0.0236  -0.0126   1.0000  -0.0210  -0.0033   0.0142  -0.0386   0.0410 
 -0.0521  -0.0000  -0.0210   1.0000   0.0182   0.0262  -0.0804  -0.0467 
  0.0384   0.0707  -0.0033   0.0182   1.0000   0.0061  -0.0249  -0.0272 
  0.0583   0.0208   0.0142   0.0262   0.0061   1.0000  -0.1227   0.0816 
  0.0019   0.0440  -0.0386  -0.0804  -0.0249  -0.1227   1.0000   0.0038 
 -0.0393  -0.0621   0.0410  -0.0467  -0.0272   0.0816   0.0038   1.0000 
---------------------------------------

Execution Time: 0.107833 seconds
Exit code: 0
Extracted time: 0.107833

=== hybrid (N=100, M=500, iter=2) ===
Executing Hybrid (OpenMP + CUDA) Version
Matrix Size: N=100, M=500
OpenMP threads: 8
GPU 0: NVIDIA GeForce MX230 (Compute 6.1, 4.00 GB)
--- Input Matrix (Snippet) ---
  0.1784   0.3997   0.1666   0.2121   0.0619   0.0541   0.2757   0.0478 
  0.7832   0.1713   0.3731   0.1762   0.4492   0.9714   0.9770   0.4063 
  0.8579   0.2793   0.3497   0.6058   0.0737   0.1928   0.5753   0.2738 
  0.5231   0.4570   0.4980   0.9980   0.9538   0.4599   0.6245   0.8193 
  0.2355   0.3513   0.2187   0.2880   0.0186   0.3609   0.1549   0.3504 
  0.2459   0.4850   0.0104   0.8695   0.6495   0.6553   0.0003   0.2781 
  0.6835   0.2185   0.1961   0.0248   0.6727   0.5442   0.9639   0.2818 
  0.7949   0.9540   0.3739   0.6583   0.6555   0.8941   0.8713   0.9372 
---------------------------------------

Using simple hybrid approach: CPU data preparation + GPU computation
--- Output Correlation Matrix (Snippet) ---
  1.0000   0.0256   0.0236  -0.0521   0.0384   0.0583   0.0019  -0.0393 
  0.0256   1.0000  -0.0126  -0.0000   0.0707   0.0208   0.0440  -0.0621 
  0.0236  -0.0126   1.0000  -0.0210  -0.0033   0.0142  -0.0386   0.0410 
 -0.0521  -0.0000  -0.0210   1.0000   0.0182   0.0262  -0.0804  -0.0467 
  0.0384   0.0707  -0.0033   0.0182   1.0000   0.0061  -0.0249  -0.0272 
  0.0583   0.0208   0.0142   0.0262   0.0061   1.0000  -0.1227   0.0816 
  0.0019   0.0440  -0.0386  -0.0804  -0.0249  -0.1227   1.0000   0.0038 
 -0.0393  -0.0621   0.0410  -0.0467  -0.0272   0.0816   0.0038   1.0000 
---------------------------------------

Execution Time: 0.099799 seconds
Exit code: 0
Extracted time: 0.099799

=== hybrid (N=100, M=500, iter=3) ===
Executing Hybrid (OpenMP + CUDA) Version
Matrix Size: N=100, M=500
OpenMP threads: 8
GPU 0: NVIDIA GeForce MX230 (Compute 6.1, 4.00 GB)
--- Input Matrix (Snippet) ---
  0.1784   0.3997   0.1666   0.2121   0.0619   0.0541   0.2757   0.0478 
  0.7832   0.1713   0.3731   0.1762   0.4492   0.9714   0.9770   0.4063 
  0.8579   0.2793   0.3497   0.6058   0.0737   0.1928   0.5753   0.2738 
  0.5231   0.4570   0.4980   0.9980   0.9538   0.4599   0.6245   0.8193 
  0.2355   0.3513   0.2187   0.2880   0.0186   0.3609   0.1549   0.3504 
  0.2459   0.4850   0.0104   0.8695   0.6495   0.6553   0.0003   0.2781 
  0.6835   0.2185   0.1961   0.0248   0.6727   0.5442   0.9639   0.2818 
  0.7949   0.9540   0.3739   0.6583   0.6555   0.8941   0.8713   0.9372 
---------------------------------------

Using simple hybrid approach: CPU data preparation + GPU computation
--- Output Correlation Matrix (Snippet) ---
  1.0000   0.0256   0.0236  -0.0521   0.0384   0.0583   0.0019  -0.0393 
  0.0256   1.0000  -0.0126  -0.0000   0.0707   0.0208   0.0440  -0.0621 
  0.0236  -0.0126   1.0000  -0.0210  -0.0033   0.0142  -0.0386   0.0410 
 -0.0521  -0.0000  -0.0210   1.0000   0.0182   0.0262  -0.0804  -0.0467 
  0.0384   0.0707  -0.0033   0.0182   1.0000   0.0061  -0.0249  -0.0272 
  0.0583   0.0208   0.0142   0.0262   0.0061   1.0000  -0.1227   0.0816 
  0.0019   0.0440  -0.0386  -0.0804  -0.0249  -0.1227   1.0000   0.0038 
 -0.0393  -0.0621   0.0410  -0.0467  -0.0272   0.0816   0.0038   1.0000 
---------------------------------------

Execution Time: 0.100181 seconds
Exit code: 0
Extracted time: 0.100181

=== hybrid (N=100, M=1000, iter=1) ===
Executing Hybrid (OpenMP + CUDA) Version
Matrix Size: N=100, M=1000
OpenMP threads: 8
GPU 0: NVIDIA GeForce MX230 (Compute 6.1, 4.00 GB)
--- Input Matrix (Snippet) ---
  0.1784   0.3997   0.1666   0.2121   0.0619   0.0541   0.2757   0.0478 
  0.8579   0.2793   0.3497   0.6058   0.0737   0.1928   0.5753   0.2738 
  0.2355   0.3513   0.2187   0.2880   0.0186   0.3609   0.1549   0.3504 
  0.6835   0.2185   0.1961   0.0248   0.6727   0.5442   0.9639   0.2818 
  0.7361   0.6262   0.2348   0.0727   0.7465   0.0340   0.4242   0.2949 
  0.9063   0.4440   0.7253   0.1379   0.7956   0.9051   0.0964   0.8206 
  0.1672   0.1685   0.5519   0.6728   0.6104   0.7387   0.7906   0.5769 
  0.3751   0.2483   0.8508   0.0803   0.3567   0.4930   0.2261   0.4608 
---------------------------------------

Using simple hybrid approach: CPU data preparation + GPU computation
--- Output Correlation Matrix (Snippet) ---
  1.0000   0.0109   0.0293  -0.0304   0.0102   0.0139   0.0044  -0.0106 
  0.0109   1.0000   0.0119  -0.0427  -0.0041  -0.0632  -0.0605  -0.0605 
  0.0293   0.0119   1.0000   0.0276   0.0204   0.0119   0.0083   0.0077 
 -0.0304  -0.0427   0.0276   1.0000   0.0269   0.0239   0.0206   0.0100 
  0.0102  -0.0041   0.0204   0.0269   1.0000   0.0015  -0.0140  -0.0381 
  0.0139  -0.0632   0.0119   0.0239   0.0015   1.0000  -0.0124   0.0481 
  0.0044  -0.0605   0.0083   0.0206  -0.0140  -0.0124   1.0000   0.0370 
 -0.0106  -0.0605   0.0077   0.0100  -0.0381   0.0481   0.0370   1.0000 
---------------------------------------

Execution Time: 0.091445 seconds
Exit code: 0
Extracted time: 0.091445

=== hybrid (N=100, M=1000, iter=2) ===
Executing Hybrid (OpenMP + CUDA) Version
Matrix Size: N=100, M=1000
OpenMP threads: 8
GPU 0: NVIDIA GeForce MX230 (Compute 6.1, 4.00 GB)
--- Input Matrix (Snippet) ---
  0.1784   0.3997   0.1666   0.2121   0.0619   0.0541   0.2757   0.0478 
  0.8579   0.2793   0.3497   0.6058   0.0737   0.1928   0.5753   0.2738 
  0.2355   0.3513   0.2187   0.2880   0.0186   0.3609   0.1549   0.3504 
  0.6835   0.2185   0.1961   0.0248   0.6727   0.5442   0.9639   0.2818 
  0.7361   0.6262   0.2348   0.0727   0.7465   0.0340   0.4242   0.2949 
  0.9063   0.4440   0.7253   0.1379   0.7956   0.9051   0.0964   0.8206 
  0.1672   0.1685   0.5519   0.6728   0.6104   0.7387   0.7906   0.5769 
  0.3751   0.2483   0.8508   0.0803   0.3567   0.4930   0.2261   0.4608 
---------------------------------------

Using simple hybrid approach: CPU data preparation + GPU computation
--- Output Correlation Matrix (Snippet) ---
  1.0000   0.0109   0.0293  -0.0304   0.0102   0.0139   0.0044  -0.0106 
  0.0109   1.0000   0.0119  -0.0427  -0.0041  -0.0632  -0.0605  -0.0605 
  0.0293   0.0119   1.0000   0.0276   0.0204   0.0119   0.0083   0.0077 
 -0.0304  -0.0427   0.0276   1.0000   0.0269   0.0239   0.0206   0.0100 
  0.0102  -0.0041   0.0204   0.0269   1.0000   0.0015  -0.0140  -0.0381 
  0.0139  -0.0632   0.0119   0.0239   0.0015   1.0000  -0.0124   0.0481 
  0.0044  -0.0605   0.0083   0.0206  -0.0140  -0.0124   1.0000   0.0370 
 -0.0106  -0.0605   0.0077   0.0100  -0.0381   0.0481   0.0370   1.0000 
---------------------------------------

Execution Time: 0.109232 seconds
Exit code: 0
Extracted time: 0.109232

=== hybrid (N=100, M=1000, iter=3) ===
Executing Hybrid (OpenMP + CUDA) Version
Matrix Size: N=100, M=1000
OpenMP threads: 8
GPU 0: NVIDIA GeForce MX230 (Compute 6.1, 4.00 GB)
--- Input Matrix (Snippet) ---
  0.1784   0.3997   0.1666   0.2121   0.0619   0.0541   0.2757   0.0478 
  0.8579   0.2793   0.3497   0.6058   0.0737   0.1928   0.5753   0.2738 
  0.2355   0.3513   0.2187   0.2880   0.0186   0.3609   0.1549   0.3504 
  0.6835   0.2185   0.1961   0.0248   0.6727   0.5442   0.9639   0.2818 
  0.7361   0.6262   0.2348   0.0727   0.7465   0.0340   0.4242   0.2949 
  0.9063   0.4440   0.7253   0.1379   0.7956   0.9051   0.0964   0.8206 
  0.1672   0.1685   0.5519   0.6728   0.6104   0.7387   0.7906   0.5769 
  0.3751   0.2483   0.8508   0.0803   0.3567   0.4930   0.2261   0.4608 
---------------------------------------

Using simple hybrid approach: CPU data preparation + GPU computation
--- Output Correlation Matrix (Snippet) ---
  1.0000   0.0109   0.0293  -0.0304   0.0102   0.0139   0.0044  -0.0106 
  0.0109   1.0000   0.0119  -0.0427  -0.0041  -0.0632  -0.0605  -0.0605 
  0.0293   0.0119   1.0000   0.0276   0.0204   0.0119   0.0083   0.0077 
 -0.0304  -0.0427   0.0276   1.0000   0.0269   0.0239   0.0206   0.0100 
  0.0102  -0.0041   0.0204   0.0269   1.0000   0.0015  -0.0140  -0.0381 
  0.0139  -0.0632   0.0119   0.0239   0.0015   1.0000  -0.0124   0.0481 
  0.0044  -0.0605   0.0083   0.0206  -0.0140  -0.0124   1.0000   0.0370 
 -0.0106  -0.0605   0.0077   0.0100  -0.0381   0.0481   0.0370   1.0000 
---------------------------------------

Execution Time: 0.104530 seconds
Exit code: 0
Extracted time: 0.104530

=== hybrid (N=100, M=1500, iter=1) ===
Executing Hybrid (OpenMP + CUDA) Version
Matrix Size: N=100, M=1500
OpenMP threads: 8
GPU 0: NVIDIA GeForce MX230 (Compute 6.1, 4.00 GB)
--- Input Matrix (Snippet) ---
  0.1784   0.3997   0.1666   0.2121   0.0619   0.0541   0.2757   0.0478 
  0.5231   0.4570   0.4980   0.9980   0.9538   0.4599   0.6245   0.8193 
  0.6835   0.2185   0.1961   0.0248   0.6727   0.5442   0.9639   0.2818 
  0.6730   0.3860   0.7919   0.3859   0.4882   0.1123   0.5655   0.3819 
  0.1672   0.1685   0.5519   0.6728   0.6104   0.7387   0.7906   0.5769 
  0.2896   0.8828   0.9025   0.7990   0.6499   0.1416   0.2104   0.8247 
  0.4815   0.6118   0.5401   0.8225   0.6975   0.4157   0.2738   0.2554 
  0.5062   0.5588   0.9413   0.5000   0.5328   0.1062   0.3400   0.7122 
---------------------------------------

Using simple hybrid approach: CPU data preparation + GPU computation
--- Output Correlation Matrix (Snippet) ---
  1.0000   0.0111  -0.0267  -0.0267  -0.0210   0.0113   0.0004   0.0095 
  0.0111   1.0000  -0.0268   0.0110   0.0518  -0.0168   0.0241   0.0123 
 -0.0267  -0.0268   1.0000   0.0289   0.0020  -0.0170  -0.0226  -0.0030 
 -0.0267   0.0110   0.0289   1.0000   0.0178  -0.0459   0.0215  -0.0381 
 -0.0210   0.0518   0.0020   0.0178   1.0000   0.0124  -0.0130  -0.0079 
  0.0113  -0.0168  -0.0170  -0.0459   0.0124   1.0000   0.0043   0.0352 
  0.0004   0.0241  -0.0226   0.0215  -0.0130   0.0043   1.0000  -0.0296 
  0.0095   0.0123  -0.0030  -0.0381  -0.0079   0.0352  -0.0296   1.0000 
---------------------------------------

Execution Time: 0.116175 seconds
Exit code: 0
Extracted time: 0.116175

=== hybrid (N=100, M=1500, iter=2) ===
Executing Hybrid (OpenMP + CUDA) Version
Matrix Size: N=100, M=1500
OpenMP threads: 8
GPU 0: NVIDIA GeForce MX230 (Compute 6.1, 4.00 GB)
--- Input Matrix (Snippet) ---
  0.1784   0.3997   0.1666   0.2121   0.0619   0.0541   0.2757   0.0478 
  0.5231   0.4570   0.4980   0.9980   0.9538   0.4599   0.6245   0.8193 
  0.6835   0.2185   0.1961   0.0248   0.6727   0.5442   0.9639   0.2818 
  0.6730   0.3860   0.7919   0.3859   0.4882   0.1123   0.5655   0.3819 
  0.1672   0.1685   0.5519   0.6728   0.6104   0.7387   0.7906   0.5769 
  0.2896   0.8828   0.9025   0.7990   0.6499   0.1416   0.2104   0.8247 
  0.4815   0.6118   0.5401   0.8225   0.6975   0.4157   0.2738   0.2554 
  0.5062   0.5588   0.9413   0.5000   0.5328   0.1062   0.3400   0.7122 
---------------------------------------

Using simple hybrid approach: CPU data preparation + GPU computation
--- Output Correlation Matrix (Snippet) ---
  1.0000   0.0111  -0.0267  -0.0267  -0.0210   0.0113   0.0004   0.0095 
  0.0111   1.0000  -0.0268   0.0110   0.0518  -0.0168   0.0241   0.0123 
 -0.0267  -0.0268   1.0000   0.0289   0.0020  -0.0170  -0.0226  -0.0030 
 -0.0267   0.0110   0.0289   1.0000   0.0178  -0.0459   0.0215  -0.0381 
 -0.0210   0.0518   0.0020   0.0178   1.0000   0.0124  -0.0130  -0.0079 
  0.0113  -0.0168  -0.0170  -0.0459   0.0124   1.0000   0.0043   0.0352 
  0.0004   0.0241  -0.0226   0.0215  -0.0130   0.0043   1.0000  -0.0296 
  0.0095   0.0123  -0.0030  -0.0381  -0.0079   0.0352  -0.0296   1.0000 
---------------------------------------

Execution Time: 0.108826 seconds
Exit code: 0
Extracted time: 0.108826

=== hybrid (N=100, M=1500, iter=3) ===
Executing Hybrid (OpenMP + CUDA) Version
Matrix Size: N=100, M=1500
OpenMP threads: 8
GPU 0: NVIDIA GeForce MX230 (Compute 6.1, 4.00 GB)
--- Input Matrix (Snippet) ---
  0.1784   0.3997   0.1666   0.2121   0.0619   0.0541   0.2757   0.0478 
  0.5231   0.4570   0.4980   0.9980   0.9538   0.4599   0.6245   0.8193 
  0.6835   0.2185   0.1961   0.0248   0.6727   0.5442   0.9639   0.2818 
  0.6730   0.3860   0.7919   0.3859   0.4882   0.1123   0.5655   0.3819 
  0.1672   0.1685   0.5519   0.6728   0.6104   0.7387   0.7906   0.5769 
  0.2896   0.8828   0.9025   0.7990   0.6499   0.1416   0.2104   0.8247 
  0.4815   0.6118   0.5401   0.8225   0.6975   0.4157   0.2738   0.2554 
  0.5062   0.5588   0.9413   0.5000   0.5328   0.1062   0.3400   0.7122 
---------------------------------------

Using simple hybrid approach: CPU data preparation + GPU computation
--- Output Correlation Matrix (Snippet) ---
  1.0000   0.0111  -0.0267  -0.0267  -0.0210   0.0113   0.0004   0.0095 
  0.0111   1.0000  -0.0268   0.0110   0.0518  -0.0168   0.0241   0.0123 
 -0.0267  -0.0268   1.0000   0.0289   0.0020  -0.0170  -0.0226  -0.0030 
 -0.0267   0.0110   0.0289   1.0000   0.0178  -0.0459   0.0215  -0.0381 
 -0.0210   0.0518   0.0020   0.0178   1.0000   0.0124  -0.0130  -0.0079 
  0.0113  -0.0168  -0.0170  -0.0459   0.0124   1.0000   0.0043   0.0352 
  0.0004   0.0241  -0.0226   0.0215  -0.0130   0.0043   1.0000  -0.0296 
  0.0095   0.0123  -0.0030  -0.0381  -0.0079   0.0352  -0.0296   1.0000 
---------------------------------------

Execution Time: 0.098214 seconds
Exit code: 0
Extracted time: 0.098214

=== hybrid (N=100, M=2000, iter=1) ===
Executing Hybrid (OpenMP + CUDA) Version
Matrix Size: N=100, M=2000
OpenMP threads: 8
GPU 0: NVIDIA GeForce MX230 (Compute 6.1, 4.00 GB)
--- Input Matrix (Snippet) ---
  0.1784   0.3997   0.1666   0.2121   0.0619   0.0541   0.2757   0.0478 
  0.2355   0.3513   0.2187   0.2880   0.0186   0.3609   0.1549   0.3504 
  0.7361   0.6262   0.2348   0.0727   0.7465   0.0340   0.4242   0.2949 
  0.1672   0.1685   0.5519   0.6728   0.6104   0.7387   0.7906   0.5769 
  0.9290   0.7971   0.1292   0.8444   0.4470   0.9848   0.7467   0.6753 
  0.6577   0.0369   0.3331   0.8758   0.2217   0.6708   0.6280   0.0000 
  0.9311   0.2895   0.4608   0.4579   0.4643   0.0754   0.2606   0.6549 
  0.2649   0.2373   0.6548   0.4642   0.2228   0.6153   0.1826   0.9288 
---------------------------------------

Using simple hybrid approach: CPU data preparation + GPU computation
--- Output Correlation Matrix (Snippet) ---
  1.0000  -0.0069  -0.0270  -0.0283   0.0410  -0.0121  -0.0445  -0.0154 
 -0.0069   1.0000   0.0227   0.0096  -0.0277  -0.0158   0.0245   0.0515 
 -0.0270   0.0227   1.0000   0.0181  -0.0084  -0.0181   0.0164   0.0039 
 -0.0283   0.0096   0.0181   1.0000  -0.0407   0.0316   0.0226   0.0055 
  0.0410  -0.0277  -0.0084  -0.0407   1.0000  -0.0453   0.0127  -0.0128 
 -0.0121  -0.0158  -0.0181   0.0316  -0.0453   1.0000  -0.0070  -0.0285 
 -0.0445   0.0245   0.0164   0.0226   0.0127  -0.0070   1.0000   0.0225 
 -0.0154   0.0515   0.0039   0.0055  -0.0128  -0.0285   0.0225   1.0000 
---------------------------------------

Execution Time: 0.107219 seconds
Exit code: 0
Extracted time: 0.107219

=== hybrid (N=100, M=2000, iter=2) ===
Executing Hybrid (OpenMP + CUDA) Version
Matrix Size: N=100, M=2000
OpenMP threads: 8
GPU 0: NVIDIA GeForce MX230 (Compute 6.1, 4.00 GB)
--- Input Matrix (Snippet) ---
  0.1784   0.3997   0.1666   0.2121   0.0619   0.0541   0.2757   0.0478 
  0.2355   0.3513   0.2187   0.2880   0.0186   0.3609   0.1549   0.3504 
  0.7361   0.6262   0.2348   0.0727   0.7465   0.0340   0.4242   0.2949 
  0.1672   0.1685   0.5519   0.6728   0.6104   0.7387   0.7906   0.5769 
  0.9290   0.7971   0.1292   0.8444   0.4470   0.9848   0.7467   0.6753 
  0.6577   0.0369   0.3331   0.8758   0.2217   0.6708   0.6280   0.0000 
  0.9311   0.2895   0.4608   0.4579   0.4643   0.0754   0.2606   0.6549 
  0.2649   0.2373   0.6548   0.4642   0.2228   0.6153   0.1826   0.9288 
---------------------------------------

Using simple hybrid approach: CPU data preparation + GPU computation
--- Output Correlation Matrix (Snippet) ---
  1.0000  -0.0069  -0.0270  -0.0283   0.0410  -0.0121  -0.0445  -0.0154 
 -0.0069   1.0000   0.0227   0.0096  -0.0277  -0.0158   0.0245   0.0515 
 -0.0270   0.0227   1.0000   0.0181  -0.0084  -0.0181   0.0164   0.0039 
 -0.0283   0.0096   0.0181   1.0000  -0.0407   0.0316   0.0226   0.0055 
  0.0410  -0.0277  -0.0084  -0.0407   1.0000  -0.0453   0.0127  -0.0128 
 -0.0121  -0.0158  -0.0181   0.0316  -0.0453   1.0000  -0.0070  -0.0285 
 -0.0445   0.0245   0.0164   0.0226   0.0127  -0.0070   1.0000   0.0225 
 -0.0154   0.0515   0.0039   0.0055  -0.0128  -0.0285   0.0225   1.0000 
---------------------------------------

Execution Time: 0.107784 seconds
Exit code: 0
Extracted time: 0.107784

=== hybrid (N=100, M=2000, iter=3) ===
Executing Hybrid (OpenMP + CUDA) Version
Matrix Size: N=100, M=2000
OpenMP threads: 8
GPU 0: NVIDIA GeForce MX230 (Compute 6.1, 4.00 GB)
--- Input Matrix (Snippet) ---
  0.1784   0.3997   0.1666   0.2121   0.0619   0.0541   0.2757   0.0478 
  0.2355   0.3513   0.2187   0.2880   0.0186   0.3609   0.1549   0.3504 
  0.7361   0.6262   0.2348   0.0727   0.7465   0.0340   0.4242   0.2949 
  0.1672   0.1685   0.5519   0.6728   0.6104   0.7387   0.7906   0.5769 
  0.9290   0.7971   0.1292   0.8444   0.4470   0.9848   0.7467   0.6753 
  0.6577   0.0369   0.3331   0.8758   0.2217   0.6708   0.6280   0.0000 
  0.9311   0.2895   0.4608   0.4579   0.4643   0.0754   0.2606   0.6549 
  0.2649   0.2373   0.6548   0.4642   0.2228   0.6153   0.1826   0.9288 
---------------------------------------

Using simple hybrid approach: CPU data preparation + GPU computation
--- Output Correlation Matrix (Snippet) ---
  1.0000  -0.0069  -0.0270  -0.0283   0.0410  -0.0121  -0.0445  -0.0154 
 -0.0069   1.0000   0.0227   0.0096  -0.0277  -0.0158   0.0245   0.0515 
 -0.0270   0.0227   1.0000   0.0181  -0.0084  -0.0181   0.0164   0.0039 
 -0.0283   0.0096   0.0181   1.0000  -0.0407   0.0316   0.0226   0.0055 
  0.0410  -0.0277  -0.0084  -0.0407   1.0000  -0.0453   0.0127  -0.0128 
 -0.0121  -0.0158  -0.0181   0.0316  -0.0453   1.0000  -0.0070  -0.0285 
 -0.0445   0.0245   0.0164   0.0226   0.0127  -0.0070   1.0000   0.0225 
 -0.0154   0.0515   0.0039   0.0055  -0.0128  -0.0285   0.0225   1.0000 
---------------------------------------

Execution Time: 0.110095 seconds
Exit code: 0
Extracted time: 0.110095

=== hybrid (N=100, M=2500, iter=1) ===
Executing Hybrid (OpenMP + CUDA) Version
Matrix Size: N=100, M=2500
OpenMP threads: 8
GPU 0: NVIDIA GeForce MX230 (Compute 6.1, 4.00 GB)
--- Input Matrix (Snippet) ---
  0.1784   0.3997   0.1666   0.2121   0.0619   0.0541   0.2757   0.0478 
  0.2459   0.4850   0.0104   0.8695   0.6495   0.6553   0.0003   0.2781 
  0.9063   0.4440   0.7253   0.1379   0.7956   0.9051   0.0964   0.8206 
  0.2896   0.8828   0.9025   0.7990   0.6499   0.1416   0.2104   0.8247 
  0.6577   0.0369   0.3331   0.8758   0.2217   0.6708   0.6280   0.0000 
  0.0891   0.9237   0.8383   0.8221   0.7560   0.6990   0.3387   0.4892 
  0.7794   0.8132   0.7432   0.9474   0.3793   0.9794   0.6384   0.6187 
  0.0842   0.1832   0.3542   0.9223   0.4774   0.3511   0.6550   0.4676 
---------------------------------------

Using simple hybrid approach: CPU data preparation + GPU computation
--- Output Correlation Matrix (Snippet) ---
  1.0000   0.0305  -0.0212   0.0233  -0.0160  -0.0192   0.0017  -0.0016 
  0.0305   1.0000   0.0092   0.0212   0.0022   0.0280  -0.0362  -0.0159 
 -0.0212   0.0092   1.0000  -0.0060   0.0119   0.0228  -0.0218  -0.0016 
  0.0233   0.0212  -0.0060   1.0000  -0.0190  -0.0385  -0.0178   0.0073 
 -0.0160   0.0022   0.0119  -0.0190   1.0000   0.0217   0.0011  -0.0372 
 -0.0192   0.0280   0.0228  -0.0385   0.0217   1.0000  -0.0358  -0.0005 
  0.0017  -0.0362  -0.0218  -0.0178   0.0011  -0.0358   1.0000   0.0276 
 -0.0016  -0.0159  -0.0016   0.0073  -0.0372  -0.0005   0.0276   1.0000 
---------------------------------------

Execution Time: 0.125049 seconds
Exit code: 0
Extracted time: 0.125049

=== hybrid (N=100, M=2500, iter=2) ===
Executing Hybrid (OpenMP + CUDA) Version
Matrix Size: N=100, M=2500
OpenMP threads: 8
GPU 0: NVIDIA GeForce MX230 (Compute 6.1, 4.00 GB)
--- Input Matrix (Snippet) ---
  0.1784   0.3997   0.1666   0.2121   0.0619   0.0541   0.2757   0.0478 
  0.2459   0.4850   0.0104   0.8695   0.6495   0.6553   0.0003   0.2781 
  0.9063   0.4440   0.7253   0.1379   0.7956   0.9051   0.0964   0.8206 
  0.2896   0.8828   0.9025   0.7990   0.6499   0.1416   0.2104   0.8247 
  0.6577   0.0369   0.3331   0.8758   0.2217   0.6708   0.6280   0.0000 
  0.0891   0.9237   0.8383   0.8221   0.7560   0.6990   0.3387   0.4892 
  0.7794   0.8132   0.7432   0.9474   0.3793   0.9794   0.6384   0.6187 
  0.0842   0.1832   0.3542   0.9223   0.4774   0.3511   0.6550   0.4676 
---------------------------------------

Using simple hybrid approach: CPU data preparation + GPU computation
--- Output Correlation Matrix (Snippet) ---
  1.0000   0.0305  -0.0212   0.0233  -0.0160  -0.0192   0.0017  -0.0016 
  0.0305   1.0000   0.0092   0.0212   0.0022   0.0280  -0.0362  -0.0159 
 -0.0212   0.0092   1.0000  -0.0060   0.0119   0.0228  -0.0218  -0.0016 
  0.0233   0.0212  -0.0060   1.0000  -0.0190  -0.0385  -0.0178   0.0073 
 -0.0160   0.0022   0.0119  -0.0190   1.0000   0.0217   0.0011  -0.0372 
 -0.0192   0.0280   0.0228  -0.0385   0.0217   1.0000  -0.0358  -0.0005 
  0.0017  -0.0362  -0.0218  -0.0178   0.0011  -0.0358   1.0000   0.0276 
 -0.0016  -0.0159  -0.0016   0.0073  -0.0372  -0.0005   0.0276   1.0000 
---------------------------------------

Execution Time: 0.108193 seconds
Exit code: 0
Extracted time: 0.108193

=== hybrid (N=100, M=2500, iter=3) ===
Executing Hybrid (OpenMP + CUDA) Version
Matrix Size: N=100, M=2500
OpenMP threads: 8
GPU 0: NVIDIA GeForce MX230 (Compute 6.1, 4.00 GB)
--- Input Matrix (Snippet) ---
  0.1784   0.3997   0.1666   0.2121   0.0619   0.0541   0.2757   0.0478 
  0.2459   0.4850   0.0104   0.8695   0.6495   0.6553   0.0003   0.2781 
  0.9063   0.4440   0.7253   0.1379   0.7956   0.9051   0.0964   0.8206 
  0.2896   0.8828   0.9025   0.7990   0.6499   0.1416   0.2104   0.8247 
  0.6577   0.0369   0.3331   0.8758   0.2217   0.6708   0.6280   0.0000 
  0.0891   0.9237   0.8383   0.8221   0.7560   0.6990   0.3387   0.4892 
  0.7794   0.8132   0.7432   0.9474   0.3793   0.9794   0.6384   0.6187 
  0.0842   0.1832   0.3542   0.9223   0.4774   0.3511   0.6550   0.4676 
---------------------------------------

Using simple hybrid approach: CPU data preparation + GPU computation
--- Output Correlation Matrix (Snippet) ---
  1.0000   0.0305  -0.0212   0.0233  -0.0160  -0.0192   0.0017  -0.0016 
  0.0305   1.0000   0.0092   0.0212   0.0022   0.0280  -0.0362  -0.0159 
 -0.0212   0.0092   1.0000  -0.0060   0.0119   0.0228  -0.0218  -0.0016 
  0.0233   0.0212  -0.0060   1.0000  -0.0190  -0.0385  -0.0178   0.0073 
 -0.0160   0.0022   0.0119  -0.0190   1.0000   0.0217   0.0011  -0.0372 
 -0.0192   0.0280   0.0228  -0.0385   0.0217   1.0000  -0.0358  -0.0005 
  0.0017  -0.0362  -0.0218  -0.0178   0.0011  -0.0358   1.0000   0.0276 
 -0.0016  -0.0159  -0.0016   0.0073  -0.0372  -0.0005   0.0276   1.0000 
---------------------------------------

Execution Time: 0.098157 seconds
Exit code: 0
Extracted time: 0.098157

=== hybrid (N=100, M=3000, iter=1) ===
Executing Hybrid (OpenMP + CUDA) Version
Matrix Size: N=100, M=3000
OpenMP threads: 8
GPU 0: NVIDIA GeForce MX230 (Compute 6.1, 4.00 GB)
--- Input Matrix (Snippet) ---
  0.1784   0.3997   0.1666   0.2121   0.0619   0.0541   0.2757   0.0478 
  0.6835   0.2185   0.1961   0.0248   0.6727   0.5442   0.9639   0.2818 
  0.1672   0.1685   0.5519   0.6728   0.6104   0.7387   0.7906   0.5769 
  0.4815   0.6118   0.5401   0.8225   0.6975   0.4157   0.2738   0.2554 
  0.9311   0.2895   0.4608   0.4579   0.4643   0.0754   0.2606   0.6549 
  0.7794   0.8132   0.7432   0.9474   0.3793   0.9794   0.6384   0.6187 
  0.1583   0.6916   0.6599   0.6962   0.3418   0.4218   0.2080   0.0566 
  0.5013   0.8661   0.8181   0.8221   0.2707   0.8748   0.9764   0.6529 
---------------------------------------

Using simple hybrid approach: CPU data preparation + GPU computation
--- Output Correlation Matrix (Snippet) ---
  1.0000  -0.0079  -0.0189   0.0064  -0.0058   0.0126   0.0067  -0.0029 
 -0.0079   1.0000  -0.0219  -0.0305  -0.0129   0.0147  -0.0086   0.0305 
 -0.0189  -0.0219   1.0000   0.0110   0.0151   0.0069  -0.0076   0.0224 
  0.0064  -0.0305   0.0110   1.0000  -0.0143   0.0036   0.0036  -0.0167 
 -0.0058  -0.0129   0.0151  -0.0143   1.0000   0.0173  -0.0375  -0.0020 
  0.0126   0.0147   0.0069   0.0036   0.0173   1.0000  -0.0245   0.0187 
  0.0067  -0.0086  -0.0076   0.0036  -0.0375  -0.0245   1.0000  -0.0087 
 -0.0029   0.0305   0.0224  -0.0167  -0.0020   0.0187  -0.0087   1.0000 
---------------------------------------

Execution Time: 0.123523 seconds
Exit code: 0
Extracted time: 0.123523

=== hybrid (N=100, M=3000, iter=2) ===
Executing Hybrid (OpenMP + CUDA) Version
Matrix Size: N=100, M=3000
OpenMP threads: 8
GPU 0: NVIDIA GeForce MX230 (Compute 6.1, 4.00 GB)
--- Input Matrix (Snippet) ---
  0.1784   0.3997   0.1666   0.2121   0.0619   0.0541   0.2757   0.0478 
  0.6835   0.2185   0.1961   0.0248   0.6727   0.5442   0.9639   0.2818 
  0.1672   0.1685   0.5519   0.6728   0.6104   0.7387   0.7906   0.5769 
  0.4815   0.6118   0.5401   0.8225   0.6975   0.4157   0.2738   0.2554 
  0.9311   0.2895   0.4608   0.4579   0.4643   0.0754   0.2606   0.6549 
  0.7794   0.8132   0.7432   0.9474   0.3793   0.9794   0.6384   0.6187 
  0.1583   0.6916   0.6599   0.6962   0.3418   0.4218   0.2080   0.0566 
  0.5013   0.8661   0.8181   0.8221   0.2707   0.8748   0.9764   0.6529 
---------------------------------------

Using simple hybrid approach: CPU data preparation + GPU computation
--- Output Correlation Matrix (Snippet) ---
  1.0000  -0.0079  -0.0189   0.0064  -0.0058   0.0126   0.0067  -0.0029 
 -0.0079   1.0000  -0.0219  -0.0305  -0.0129   0.0147  -0.0086   0.0305 
 -0.0189  -0.0219   1.0000   0.0110   0.0151   0.0069  -0.0076   0.0224 
  0.0064  -0.0305   0.0110   1.0000  -0.0143   0.0036   0.0036  -0.0167 
 -0.0058  -0.0129   0.0151  -0.0143   1.0000   0.0173  -0.0375  -0.0020 
  0.0126   0.0147   0.0069   0.0036   0.0173   1.0000  -0.0245   0.0187 
  0.0067  -0.0086  -0.0076   0.0036  -0.0375  -0.0245   1.0000  -0.0087 
 -0.0029   0.0305   0.0224  -0.0167  -0.0020   0.0187  -0.0087   1.0000 
---------------------------------------

Execution Time: 0.112495 seconds
Exit code: 0
Extracted time: 0.112495

=== hybrid (N=100, M=3000, iter=3) ===
Executing Hybrid (OpenMP + CUDA) Version
Matrix Size: N=100, M=3000
OpenMP threads: 8
GPU 0: NVIDIA GeForce MX230 (Compute 6.1, 4.00 GB)
--- Input Matrix (Snippet) ---
  0.1784   0.3997   0.1666   0.2121   0.0619   0.0541   0.2757   0.0478 
  0.6835   0.2185   0.1961   0.0248   0.6727   0.5442   0.9639   0.2818 
  0.1672   0.1685   0.5519   0.6728   0.6104   0.7387   0.7906   0.5769 
  0.4815   0.6118   0.5401   0.8225   0.6975   0.4157   0.2738   0.2554 
  0.9311   0.2895   0.4608   0.4579   0.4643   0.0754   0.2606   0.6549 
  0.7794   0.8132   0.7432   0.9474   0.3793   0.9794   0.6384   0.6187 
  0.1583   0.6916   0.6599   0.6962   0.3418   0.4218   0.2080   0.0566 
  0.5013   0.8661   0.8181   0.8221   0.2707   0.8748   0.9764   0.6529 
---------------------------------------

Using simple hybrid approach: CPU data preparation + GPU computation
--- Output Correlation Matrix (Snippet) ---
  1.0000  -0.0079  -0.0189   0.0064  -0.0058   0.0126   0.0067  -0.0029 
 -0.0079   1.0000  -0.0219  -0.0305  -0.0129   0.0147  -0.0086   0.0305 
 -0.0189  -0.0219   1.0000   0.0110   0.0151   0.0069  -0.0076   0.0224 
  0.0064  -0.0305   0.0110   1.0000  -0.0143   0.0036   0.0036  -0.0167 
 -0.0058  -0.0129   0.0151  -0.0143   1.0000   0.0173  -0.0375  -0.0020 
  0.0126   0.0147   0.0069   0.0036   0.0173   1.0000  -0.0245   0.0187 
  0.0067  -0.0086  -0.0076   0.0036  -0.0375  -0.0245   1.0000  -0.0087 
 -0.0029   0.0305   0.0224  -0.0167  -0.0020   0.0187  -0.0087   1.0000 
---------------------------------------

Execution Time: 0.106788 seconds
Exit code: 0
Extracted time: 0.106788

=== hybrid (N=200, M=500, iter=1) ===
Executing Hybrid (OpenMP + CUDA) Version
Matrix Size: N=200, M=500
OpenMP threads: 8
GPU 0: NVIDIA GeForce MX230 (Compute 6.1, 4.00 GB)
--- Input Matrix (Snippet) ---
  0.1784   0.3997   0.1666   0.2121   0.0619   0.0541   0.2757   0.0478 
  0.7832   0.1713   0.3731   0.1762   0.4492   0.9714   0.9770   0.4063 
  0.8579   0.2793   0.3497   0.6058   0.0737   0.1928   0.5753   0.2738 
  0.5231   0.4570   0.4980   0.9980   0.9538   0.4599   0.6245   0.8193 
  0.2355   0.3513   0.2187   0.2880   0.0186   0.3609   0.1549   0.3504 
  0.2459   0.4850   0.0104   0.8695   0.6495   0.6553   0.0003   0.2781 
  0.6835   0.2185   0.1961   0.0248   0.6727   0.5442   0.9639   0.2818 
  0.7949   0.9540   0.3739   0.6583   0.6555   0.8941   0.8713   0.9372 
---------------------------------------

Using simple hybrid approach: CPU data preparation + GPU computation
--- Output Correlation Matrix (Snippet) ---
  1.0000   0.0256   0.0236  -0.0521   0.0384   0.0583   0.0019  -0.0393 
  0.0256   1.0000  -0.0126  -0.0000   0.0707   0.0208   0.0440  -0.0621 
  0.0236  -0.0126   1.0000  -0.0210  -0.0033   0.0142  -0.0386   0.0410 
 -0.0521  -0.0000  -0.0210   1.0000   0.0182   0.0262  -0.0804  -0.0467 
  0.0384   0.0707  -0.0033   0.0182   1.0000   0.0061  -0.0249  -0.0272 
  0.0583   0.0208   0.0142   0.0262   0.0061   1.0000  -0.1227   0.0816 
  0.0019   0.0440  -0.0386  -0.0804  -0.0249  -0.1227   1.0000   0.0038 
 -0.0393  -0.0621   0.0410  -0.0467  -0.0272   0.0816   0.0038   1.0000 
---------------------------------------

Execution Time: 0.099822 seconds
Exit code: 0
Extracted time: 0.099822

=== hybrid (N=200, M=500, iter=2) ===
Executing Hybrid (OpenMP + CUDA) Version
Matrix Size: N=200, M=500
OpenMP threads: 8
GPU 0: NVIDIA GeForce MX230 (Compute 6.1, 4.00 GB)
--- Input Matrix (Snippet) ---
  0.1784   0.3997   0.1666   0.2121   0.0619   0.0541   0.2757   0.0478 
  0.7832   0.1713   0.3731   0.1762   0.4492   0.9714   0.9770   0.4063 
  0.8579   0.2793   0.3497   0.6058   0.0737   0.1928   0.5753   0.2738 
  0.5231   0.4570   0.4980   0.9980   0.9538   0.4599   0.6245   0.8193 
  0.2355   0.3513   0.2187   0.2880   0.0186   0.3609   0.1549   0.3504 
  0.2459   0.4850   0.0104   0.8695   0.6495   0.6553   0.0003   0.2781 
  0.6835   0.2185   0.1961   0.0248   0.6727   0.5442   0.9639   0.2818 
  0.7949   0.9540   0.3739   0.6583   0.6555   0.8941   0.8713   0.9372 
---------------------------------------

Using simple hybrid approach: CPU data preparation + GPU computation
--- Output Correlation Matrix (Snippet) ---
  1.0000   0.0256   0.0236  -0.0521   0.0384   0.0583   0.0019  -0.0393 
  0.0256   1.0000  -0.0126  -0.0000   0.0707   0.0208   0.0440  -0.0621 
  0.0236  -0.0126   1.0000  -0.0210  -0.0033   0.0142  -0.0386   0.0410 
 -0.0521  -0.0000  -0.0210   1.0000   0.0182   0.0262  -0.0804  -0.0467 
  0.0384   0.0707  -0.0033   0.0182   1.0000   0.0061  -0.0249  -0.0272 
  0.0583   0.0208   0.0142   0.0262   0.0061   1.0000  -0.1227   0.0816 
  0.0019   0.0440  -0.0386  -0.0804  -0.0249  -0.1227   1.0000   0.0038 
 -0.0393  -0.0621   0.0410  -0.0467  -0.0272   0.0816   0.0038   1.0000 
---------------------------------------

Execution Time: 0.100694 seconds
Exit code: 0
Extracted time: 0.100694

=== hybrid (N=200, M=500, iter=3) ===
Executing Hybrid (OpenMP + CUDA) Version
Matrix Size: N=200, M=500
OpenMP threads: 8
GPU 0: NVIDIA GeForce MX230 (Compute 6.1, 4.00 GB)
--- Input Matrix (Snippet) ---
  0.1784   0.3997   0.1666   0.2121   0.0619   0.0541   0.2757   0.0478 
  0.7832   0.1713   0.3731   0.1762   0.4492   0.9714   0.9770   0.4063 
  0.8579   0.2793   0.3497   0.6058   0.0737   0.1928   0.5753   0.2738 
  0.5231   0.4570   0.4980   0.9980   0.9538   0.4599   0.6245   0.8193 
  0.2355   0.3513   0.2187   0.2880   0.0186   0.3609   0.1549   0.3504 
  0.2459   0.4850   0.0104   0.8695   0.6495   0.6553   0.0003   0.2781 
  0.6835   0.2185   0.1961   0.0248   0.6727   0.5442   0.9639   0.2818 
  0.7949   0.9540   0.3739   0.6583   0.6555   0.8941   0.8713   0.9372 
---------------------------------------

Using simple hybrid approach: CPU data preparation + GPU computation
--- Output Correlation Matrix (Snippet) ---
  1.0000   0.0256   0.0236  -0.0521   0.0384   0.0583   0.0019  -0.0393 
  0.0256   1.0000  -0.0126  -0.0000   0.0707   0.0208   0.0440  -0.0621 
  0.0236  -0.0126   1.0000  -0.0210  -0.0033   0.0142  -0.0386   0.0410 
 -0.0521  -0.0000  -0.0210   1.0000   0.0182   0.0262  -0.0804  -0.0467 
  0.0384   0.0707  -0.0033   0.0182   1.0000   0.0061  -0.0249  -0.0272 
  0.0583   0.0208   0.0142   0.0262   0.0061   1.0000  -0.1227   0.0816 
  0.0019   0.0440  -0.0386  -0.0804  -0.0249  -0.1227   1.0000   0.0038 
 -0.0393  -0.0621   0.0410  -0.0467  -0.0272   0.0816   0.0038   1.0000 
---------------------------------------

Execution Time: 0.103387 seconds
Exit code: 0
Extracted time: 0.103387

=== hybrid (N=200, M=1000, iter=1) ===
Executing Hybrid (OpenMP + CUDA) Version
Matrix Size: N=200, M=1000
OpenMP threads: 8
GPU 0: NVIDIA GeForce MX230 (Compute 6.1, 4.00 GB)
--- Input Matrix (Snippet) ---
  0.1784   0.3997   0.1666   0.2121   0.0619   0.0541   0.2757   0.0478 
  0.8579   0.2793   0.3497   0.6058   0.0737   0.1928   0.5753   0.2738 
  0.2355   0.3513   0.2187   0.2880   0.0186   0.3609   0.1549   0.3504 
  0.6835   0.2185   0.1961   0.0248   0.6727   0.5442   0.9639   0.2818 
  0.7361   0.6262   0.2348   0.0727   0.7465   0.0340   0.4242   0.2949 
  0.9063   0.4440   0.7253   0.1379   0.7956   0.9051   0.0964   0.8206 
  0.1672   0.1685   0.5519   0.6728   0.6104   0.7387   0.7906   0.5769 
  0.3751   0.2483   0.8508   0.0803   0.3567   0.4930   0.2261   0.4608 
---------------------------------------

Using simple hybrid approach: CPU data preparation + GPU computation
--- Output Correlation Matrix (Snippet) ---
  1.0000   0.0109   0.0293  -0.0304   0.0102   0.0139   0.0044  -0.0106 
  0.0109   1.0000   0.0119  -0.0427  -0.0041  -0.0632  -0.0605  -0.0605 
  0.0293   0.0119   1.0000   0.0276   0.0204   0.0119   0.0083   0.0077 
 -0.0304  -0.0427   0.0276   1.0000   0.0269   0.0239   0.0206   0.0100 
  0.0102  -0.0041   0.0204   0.0269   1.0000   0.0015  -0.0140  -0.0381 
  0.0139  -0.0632   0.0119   0.0239   0.0015   1.0000  -0.0124   0.0481 
  0.0044  -0.0605   0.0083   0.0206  -0.0140  -0.0124   1.0000   0.0370 
 -0.0106  -0.0605   0.0077   0.0100  -0.0381   0.0481   0.0370   1.0000 
---------------------------------------

Execution Time: 0.107232 seconds
Exit code: 0
Extracted time: 0.107232

=== hybrid (N=200, M=1000, iter=2) ===
Executing Hybrid (OpenMP + CUDA) Version
Matrix Size: N=200, M=1000
OpenMP threads: 8
GPU 0: NVIDIA GeForce MX230 (Compute 6.1, 4.00 GB)
--- Input Matrix (Snippet) ---
  0.1784   0.3997   0.1666   0.2121   0.0619   0.0541   0.2757   0.0478 
  0.8579   0.2793   0.3497   0.6058   0.0737   0.1928   0.5753   0.2738 
  0.2355   0.3513   0.2187   0.2880   0.0186   0.3609   0.1549   0.3504 
  0.6835   0.2185   0.1961   0.0248   0.6727   0.5442   0.9639   0.2818 
  0.7361   0.6262   0.2348   0.0727   0.7465   0.0340   0.4242   0.2949 
  0.9063   0.4440   0.7253   0.1379   0.7956   0.9051   0.0964   0.8206 
  0.1672   0.1685   0.5519   0.6728   0.6104   0.7387   0.7906   0.5769 
  0.3751   0.2483   0.8508   0.0803   0.3567   0.4930   0.2261   0.4608 
---------------------------------------

Using simple hybrid approach: CPU data preparation + GPU computation
--- Output Correlation Matrix (Snippet) ---
  1.0000   0.0109   0.0293  -0.0304   0.0102   0.0139   0.0044  -0.0106 
  0.0109   1.0000   0.0119  -0.0427  -0.0041  -0.0632  -0.0605  -0.0605 
  0.0293   0.0119   1.0000   0.0276   0.0204   0.0119   0.0083   0.0077 
 -0.0304  -0.0427   0.0276   1.0000   0.0269   0.0239   0.0206   0.0100 
  0.0102  -0.0041   0.0204   0.0269   1.0000   0.0015  -0.0140  -0.0381 
  0.0139  -0.0632   0.0119   0.0239   0.0015   1.0000  -0.0124   0.0481 
  0.0044  -0.0605   0.0083   0.0206  -0.0140  -0.0124   1.0000   0.0370 
 -0.0106  -0.0605   0.0077   0.0100  -0.0381   0.0481   0.0370   1.0000 
---------------------------------------

Execution Time: 0.113558 seconds
Exit code: 0
Extracted time: 0.113558

=== hybrid (N=200, M=1000, iter=3) ===
Executing Hybrid (OpenMP + CUDA) Version
Matrix Size: N=200, M=1000
OpenMP threads: 8
GPU 0: NVIDIA GeForce MX230 (Compute 6.1, 4.00 GB)
--- Input Matrix (Snippet) ---
  0.1784   0.3997   0.1666   0.2121   0.0619   0.0541   0.2757   0.0478 
  0.8579   0.2793   0.3497   0.6058   0.0737   0.1928   0.5753   0.2738 
  0.2355   0.3513   0.2187   0.2880   0.0186   0.3609   0.1549   0.3504 
  0.6835   0.2185   0.1961   0.0248   0.6727   0.5442   0.9639   0.2818 
  0.7361   0.6262   0.2348   0.0727   0.7465   0.0340   0.4242   0.2949 
  0.9063   0.4440   0.7253   0.1379   0.7956   0.9051   0.0964   0.8206 
  0.1672   0.1685   0.5519   0.6728   0.6104   0.7387   0.7906   0.5769 
  0.3751   0.2483   0.8508   0.0803   0.3567   0.4930   0.2261   0.4608 
---------------------------------------

Using simple hybrid approach: CPU data preparation + GPU computation
--- Output Correlation Matrix (Snippet) ---
  1.0000   0.0109   0.0293  -0.0304   0.0102   0.0139   0.0044  -0.0106 
  0.0109   1.0000   0.0119  -0.0427  -0.0041  -0.0632  -0.0605  -0.0605 
  0.0293   0.0119   1.0000   0.0276   0.0204   0.0119   0.0083   0.0077 
 -0.0304  -0.0427   0.0276   1.0000   0.0269   0.0239   0.0206   0.0100 
  0.0102  -0.0041   0.0204   0.0269   1.0000   0.0015  -0.0140  -0.0381 
  0.0139  -0.0632   0.0119   0.0239   0.0015   1.0000  -0.0124   0.0481 
  0.0044  -0.0605   0.0083   0.0206  -0.0140  -0.0124   1.0000   0.0370 
 -0.0106  -0.0605   0.0077   0.0100  -0.0381   0.0481   0.0370   1.0000 
---------------------------------------

Execution Time: 0.121898 seconds
Exit code: 0
Extracted time: 0.121898

=== hybrid (N=200, M=1500, iter=1) ===
Executing Hybrid (OpenMP + CUDA) Version
Matrix Size: N=200, M=1500
OpenMP threads: 8
GPU 0: NVIDIA GeForce MX230 (Compute 6.1, 4.00 GB)
--- Input Matrix (Snippet) ---
  0.1784   0.3997   0.1666   0.2121   0.0619   0.0541   0.2757   0.0478 
  0.5231   0.4570   0.4980   0.9980   0.9538   0.4599   0.6245   0.8193 
  0.6835   0.2185   0.1961   0.0248   0.6727   0.5442   0.9639   0.2818 
  0.6730   0.3860   0.7919   0.3859   0.4882   0.1123   0.5655   0.3819 
  0.1672   0.1685   0.5519   0.6728   0.6104   0.7387   0.7906   0.5769 
  0.2896   0.8828   0.9025   0.7990   0.6499   0.1416   0.2104   0.8247 
  0.4815   0.6118   0.5401   0.8225   0.6975   0.4157   0.2738   0.2554 
  0.5062   0.5588   0.9413   0.5000   0.5328   0.1062   0.3400   0.7122 
---------------------------------------

Using simple hybrid approach: CPU data preparation + GPU computation
--- Output Correlation Matrix (Snippet) ---
  1.0000   0.0111  -0.0267  -0.0267  -0.0210   0.0113   0.0004   0.0095 
  0.0111   1.0000  -0.0268   0.0110   0.0518  -0.0168   0.0241   0.0123 
 -0.0267  -0.0268   1.0000   0.0289   0.0020  -0.0170  -0.0226  -0.0030 
 -0.0267   0.0110   0.0289   1.0000   0.0178  -0.0459   0.0215  -0.0381 
 -0.0210   0.0518   0.0020   0.0178   1.0000   0.0124  -0.0130  -0.0079 
  0.0113  -0.0168  -0.0170  -0.0459   0.0124   1.0000   0.0043   0.0352 
  0.0004   0.0241  -0.0226   0.0215  -0.0130   0.0043   1.0000  -0.0296 
  0.0095   0.0123  -0.0030  -0.0381  -0.0079   0.0352  -0.0296   1.0000 
---------------------------------------

Execution Time: 0.119186 seconds
Exit code: 0
Extracted time: 0.119186

=== hybrid (N=200, M=1500, iter=2) ===
Executing Hybrid (OpenMP + CUDA) Version
Matrix Size: N=200, M=1500
OpenMP threads: 8
GPU 0: NVIDIA GeForce MX230 (Compute 6.1, 4.00 GB)
--- Input Matrix (Snippet) ---
  0.1784   0.3997   0.1666   0.2121   0.0619   0.0541   0.2757   0.0478 
  0.5231   0.4570   0.4980   0.9980   0.9538   0.4599   0.6245   0.8193 
  0.6835   0.2185   0.1961   0.0248   0.6727   0.5442   0.9639   0.2818 
  0.6730   0.3860   0.7919   0.3859   0.4882   0.1123   0.5655   0.3819 
  0.1672   0.1685   0.5519   0.6728   0.6104   0.7387   0.7906   0.5769 
  0.2896   0.8828   0.9025   0.7990   0.6499   0.1416   0.2104   0.8247 
  0.4815   0.6118   0.5401   0.8225   0.6975   0.4157   0.2738   0.2554 
  0.5062   0.5588   0.9413   0.5000   0.5328   0.1062   0.3400   0.7122 
---------------------------------------

Using simple hybrid approach: CPU data preparation + GPU computation
--- Output Correlation Matrix (Snippet) ---
  1.0000   0.0111  -0.0267  -0.0267  -0.0210   0.0113   0.0004   0.0095 
  0.0111   1.0000  -0.0268   0.0110   0.0518  -0.0168   0.0241   0.0123 
 -0.0267  -0.0268   1.0000   0.0289   0.0020  -0.0170  -0.0226  -0.0030 
 -0.0267   0.0110   0.0289   1.0000   0.0178  -0.0459   0.0215  -0.0381 
 -0.0210   0.0518   0.0020   0.0178   1.0000   0.0124  -0.0130  -0.0079 
  0.0113  -0.0168  -0.0170  -0.0459   0.0124   1.0000   0.0043   0.0352 
  0.0004   0.0241  -0.0226   0.0215  -0.0130   0.0043   1.0000  -0.0296 
  0.0095   0.0123  -0.0030  -0.0381  -0.0079   0.0352  -0.0296   1.0000 
---------------------------------------

Execution Time: 0.113895 seconds
Exit code: 0
Extracted time: 0.113895

=== hybrid (N=200, M=1500, iter=3) ===
Executing Hybrid (OpenMP + CUDA) Version
Matrix Size: N=200, M=1500
OpenMP threads: 8
GPU 0: NVIDIA GeForce MX230 (Compute 6.1, 4.00 GB)
--- Input Matrix (Snippet) ---
  0.1784   0.3997   0.1666   0.2121   0.0619   0.0541   0.2757   0.0478 
  0.5231   0.4570   0.4980   0.9980   0.9538   0.4599   0.6245   0.8193 
  0.6835   0.2185   0.1961   0.0248   0.6727   0.5442   0.9639   0.2818 
  0.6730   0.3860   0.7919   0.3859   0.4882   0.1123   0.5655   0.3819 
  0.1672   0.1685   0.5519   0.6728   0.6104   0.7387   0.7906   0.5769 
  0.2896   0.8828   0.9025   0.7990   0.6499   0.1416   0.2104   0.8247 
  0.4815   0.6118   0.5401   0.8225   0.6975   0.4157   0.2738   0.2554 
  0.5062   0.5588   0.9413   0.5000   0.5328   0.1062   0.3400   0.7122 
---------------------------------------

Using simple hybrid approach: CPU data preparation + GPU computation
--- Output Correlation Matrix (Snippet) ---
  1.0000   0.0111  -0.0267  -0.0267  -0.0210   0.0113   0.0004   0.0095 
  0.0111   1.0000  -0.0268   0.0110   0.0518  -0.0168   0.0241   0.0123 
 -0.0267  -0.0268   1.0000   0.0289   0.0020  -0.0170  -0.0226  -0.0030 
 -0.0267   0.0110   0.0289   1.0000   0.0178  -0.0459   0.0215  -0.0381 
 -0.0210   0.0518   0.0020   0.0178   1.0000   0.0124  -0.0130  -0.0079 
  0.0113  -0.0168  -0.0170  -0.0459   0.0124   1.0000   0.0043   0.0352 
  0.0004   0.0241  -0.0226   0.0215  -0.0130   0.0043   1.0000  -0.0296 
  0.0095   0.0123  -0.0030  -0.0381  -0.0079   0.0352  -0.0296   1.0000 
---------------------------------------

Execution Time: 0.110841 seconds
Exit code: 0
Extracted time: 0.110841

=== hybrid (N=200, M=2000, iter=1) ===
Executing Hybrid (OpenMP + CUDA) Version
Matrix Size: N=200, M=2000
OpenMP threads: 8
GPU 0: NVIDIA GeForce MX230 (Compute 6.1, 4.00 GB)
--- Input Matrix (Snippet) ---
  0.1784   0.3997   0.1666   0.2121   0.0619   0.0541   0.2757   0.0478 
  0.2355   0.3513   0.2187   0.2880   0.0186   0.3609   0.1549   0.3504 
  0.7361   0.6262   0.2348   0.0727   0.7465   0.0340   0.4242   0.2949 
  0.1672   0.1685   0.5519   0.6728   0.6104   0.7387   0.7906   0.5769 
  0.9290   0.7971   0.1292   0.8444   0.4470   0.9848   0.7467   0.6753 
  0.6577   0.0369   0.3331   0.8758   0.2217   0.6708   0.6280   0.0000 
  0.9311   0.2895   0.4608   0.4579   0.4643   0.0754   0.2606   0.6549 
  0.2649   0.2373   0.6548   0.4642   0.2228   0.6153   0.1826   0.9288 
---------------------------------------

Using simple hybrid approach: CPU data preparation + GPU computation
--- Output Correlation Matrix (Snippet) ---
  1.0000  -0.0069  -0.0270  -0.0283   0.0410  -0.0121  -0.0445  -0.0154 
 -0.0069   1.0000   0.0227   0.0096  -0.0277  -0.0158   0.0245   0.0515 
 -0.0270   0.0227   1.0000   0.0181  -0.0084  -0.0181   0.0164   0.0039 
 -0.0283   0.0096   0.0181   1.0000  -0.0407   0.0316   0.0226   0.0055 
  0.0410  -0.0277  -0.0084  -0.0407   1.0000  -0.0453   0.0127  -0.0128 
 -0.0121  -0.0158  -0.0181   0.0316  -0.0453   1.0000  -0.0070  -0.0285 
 -0.0445   0.0245   0.0164   0.0226   0.0127  -0.0070   1.0000   0.0225 
 -0.0154   0.0515   0.0039   0.0055  -0.0128  -0.0285   0.0225   1.0000 
---------------------------------------

Execution Time: 0.111596 seconds
Exit code: 0
Extracted time: 0.111596

=== hybrid (N=200, M=2000, iter=2) ===
Executing Hybrid (OpenMP + CUDA) Version
Matrix Size: N=200, M=2000
OpenMP threads: 8
GPU 0: NVIDIA GeForce MX230 (Compute 6.1, 4.00 GB)
--- Input Matrix (Snippet) ---
  0.1784   0.3997   0.1666   0.2121   0.0619   0.0541   0.2757   0.0478 
  0.2355   0.3513   0.2187   0.2880   0.0186   0.3609   0.1549   0.3504 
  0.7361   0.6262   0.2348   0.0727   0.7465   0.0340   0.4242   0.2949 
  0.1672   0.1685   0.5519   0.6728   0.6104   0.7387   0.7906   0.5769 
  0.9290   0.7971   0.1292   0.8444   0.4470   0.9848   0.7467   0.6753 
  0.6577   0.0369   0.3331   0.8758   0.2217   0.6708   0.6280   0.0000 
  0.9311   0.2895   0.4608   0.4579   0.4643   0.0754   0.2606   0.6549 
  0.2649   0.2373   0.6548   0.4642   0.2228   0.6153   0.1826   0.9288 
---------------------------------------

Using simple hybrid approach: CPU data preparation + GPU computation
--- Output Correlation Matrix (Snippet) ---
  1.0000  -0.0069  -0.0270  -0.0283   0.0410  -0.0121  -0.0445  -0.0154 
 -0.0069   1.0000   0.0227   0.0096  -0.0277  -0.0158   0.0245   0.0515 
 -0.0270   0.0227   1.0000   0.0181  -0.0084  -0.0181   0.0164   0.0039 
 -0.0283   0.0096   0.0181   1.0000  -0.0407   0.0316   0.0226   0.0055 
  0.0410  -0.0277  -0.0084  -0.0407   1.0000  -0.0453   0.0127  -0.0128 
 -0.0121  -0.0158  -0.0181   0.0316  -0.0453   1.0000  -0.0070  -0.0285 
 -0.0445   0.0245   0.0164   0.0226   0.0127  -0.0070   1.0000   0.0225 
 -0.0154   0.0515   0.0039   0.0055  -0.0128  -0.0285   0.0225   1.0000 
---------------------------------------

Execution Time: 0.129148 seconds
Exit code: 0
Extracted time: 0.129148

=== hybrid (N=200, M=2000, iter=3) ===
Executing Hybrid (OpenMP + CUDA) Version
Matrix Size: N=200, M=2000
OpenMP threads: 8
GPU 0: NVIDIA GeForce MX230 (Compute 6.1, 4.00 GB)
--- Input Matrix (Snippet) ---
  0.1784   0.3997   0.1666   0.2121   0.0619   0.0541   0.2757   0.0478 
  0.2355   0.3513   0.2187   0.2880   0.0186   0.3609   0.1549   0.3504 
  0.7361   0.6262   0.2348   0.0727   0.7465   0.0340   0.4242   0.2949 
  0.1672   0.1685   0.5519   0.6728   0.6104   0.7387   0.7906   0.5769 
  0.9290   0.7971   0.1292   0.8444   0.4470   0.9848   0.7467   0.6753 
  0.6577   0.0369   0.3331   0.8758   0.2217   0.6708   0.6280   0.0000 
  0.9311   0.2895   0.4608   0.4579   0.4643   0.0754   0.2606   0.6549 
  0.2649   0.2373   0.6548   0.4642   0.2228   0.6153   0.1826   0.9288 
---------------------------------------

Using simple hybrid approach: CPU data preparation + GPU computation
--- Output Correlation Matrix (Snippet) ---
  1.0000  -0.0069  -0.0270  -0.0283   0.0410  -0.0121  -0.0445  -0.0154 
 -0.0069   1.0000   0.0227   0.0096  -0.0277  -0.0158   0.0245   0.0515 
 -0.0270   0.0227   1.0000   0.0181  -0.0084  -0.0181   0.0164   0.0039 
 -0.0283   0.0096   0.0181   1.0000  -0.0407   0.0316   0.0226   0.0055 
  0.0410  -0.0277  -0.0084  -0.0407   1.0000  -0.0453   0.0127  -0.0128 
 -0.0121  -0.0158  -0.0181   0.0316  -0.0453   1.0000  -0.0070  -0.0285 
 -0.0445   0.0245   0.0164   0.0226   0.0127  -0.0070   1.0000   0.0225 
 -0.0154   0.0515   0.0039   0.0055  -0.0128  -0.0285   0.0225   1.0000 
---------------------------------------

Execution Time: 0.104229 seconds
Exit code: 0
Extracted time: 0.104229

=== hybrid (N=200, M=2500, iter=1) ===
Executing Hybrid (OpenMP + CUDA) Version
Matrix Size: N=200, M=2500
OpenMP threads: 8
GPU 0: NVIDIA GeForce MX230 (Compute 6.1, 4.00 GB)
--- Input Matrix (Snippet) ---
  0.1784   0.3997   0.1666   0.2121   0.0619   0.0541   0.2757   0.0478 
  0.2459   0.4850   0.0104   0.8695   0.6495   0.6553   0.0003   0.2781 
  0.9063   0.4440   0.7253   0.1379   0.7956   0.9051   0.0964   0.8206 
  0.2896   0.8828   0.9025   0.7990   0.6499   0.1416   0.2104   0.8247 
  0.6577   0.0369   0.3331   0.8758   0.2217   0.6708   0.6280   0.0000 
  0.0891   0.9237   0.8383   0.8221   0.7560   0.6990   0.3387   0.4892 
  0.7794   0.8132   0.7432   0.9474   0.3793   0.9794   0.6384   0.6187 
  0.0842   0.1832   0.3542   0.9223   0.4774   0.3511   0.6550   0.4676 
---------------------------------------

Using simple hybrid approach: CPU data preparation + GPU computation
--- Output Correlation Matrix (Snippet) ---
  1.0000   0.0305  -0.0212   0.0233  -0.0160  -0.0192   0.0017  -0.0016 
  0.0305   1.0000   0.0092   0.0212   0.0022   0.0280  -0.0362  -0.0159 
 -0.0212   0.0092   1.0000  -0.0060   0.0119   0.0228  -0.0218  -0.0016 
  0.0233   0.0212  -0.0060   1.0000  -0.0190  -0.0385  -0.0178   0.0073 
 -0.0160   0.0022   0.0119  -0.0190   1.0000   0.0217   0.0011  -0.0372 
 -0.0192   0.0280   0.0228  -0.0385   0.0217   1.0000  -0.0358  -0.0005 
  0.0017  -0.0362  -0.0218  -0.0178   0.0011  -0.0358   1.0000   0.0276 
 -0.0016  -0.0159  -0.0016   0.0073  -0.0372  -0.0005   0.0276   1.0000 
---------------------------------------

Execution Time: 0.110041 seconds
Exit code: 0
Extracted time: 0.110041

=== hybrid (N=200, M=2500, iter=2) ===
Executing Hybrid (OpenMP + CUDA) Version
Matrix Size: N=200, M=2500
OpenMP threads: 8
GPU 0: NVIDIA GeForce MX230 (Compute 6.1, 4.00 GB)
--- Input Matrix (Snippet) ---
  0.1784   0.3997   0.1666   0.2121   0.0619   0.0541   0.2757   0.0478 
  0.2459   0.4850   0.0104   0.8695   0.6495   0.6553   0.0003   0.2781 
  0.9063   0.4440   0.7253   0.1379   0.7956   0.9051   0.0964   0.8206 
  0.2896   0.8828   0.9025   0.7990   0.6499   0.1416   0.2104   0.8247 
  0.6577   0.0369   0.3331   0.8758   0.2217   0.6708   0.6280   0.0000 
  0.0891   0.9237   0.8383   0.8221   0.7560   0.6990   0.3387   0.4892 
  0.7794   0.8132   0.7432   0.9474   0.3793   0.9794   0.6384   0.6187 
  0.0842   0.1832   0.3542   0.9223   0.4774   0.3511   0.6550   0.4676 
---------------------------------------

Using simple hybrid approach: CPU data preparation + GPU computation
--- Output Correlation Matrix (Snippet) ---
  1.0000   0.0305  -0.0212   0.0233  -0.0160  -0.0192   0.0017  -0.0016 
  0.0305   1.0000   0.0092   0.0212   0.0022   0.0280  -0.0362  -0.0159 
 -0.0212   0.0092   1.0000  -0.0060   0.0119   0.0228  -0.0218  -0.0016 
  0.0233   0.0212  -0.0060   1.0000  -0.0190  -0.0385  -0.0178   0.0073 
 -0.0160   0.0022   0.0119  -0.0190   1.0000   0.0217   0.0011  -0.0372 
 -0.0192   0.0280   0.0228  -0.0385   0.0217   1.0000  -0.0358  -0.0005 
  0.0017  -0.0362  -0.0218  -0.0178   0.0011  -0.0358   1.0000   0.0276 
 -0.0016  -0.0159  -0.0016   0.0073  -0.0372  -0.0005   0.0276   1.0000 
---------------------------------------

Execution Time: 0.139766 seconds
Exit code: 0
Extracted time: 0.139766

=== hybrid (N=200, M=2500, iter=3) ===
Executing Hybrid (OpenMP + CUDA) Version
Matrix Size: N=200, M=2500
OpenMP threads: 8
GPU 0: NVIDIA GeForce MX230 (Compute 6.1, 4.00 GB)
--- Input Matrix (Snippet) ---
  0.1784   0.3997   0.1666   0.2121   0.0619   0.0541   0.2757   0.0478 
  0.2459   0.4850   0.0104   0.8695   0.6495   0.6553   0.0003   0.2781 
  0.9063   0.4440   0.7253   0.1379   0.7956   0.9051   0.0964   0.8206 
  0.2896   0.8828   0.9025   0.7990   0.6499   0.1416   0.2104   0.8247 
  0.6577   0.0369   0.3331   0.8758   0.2217   0.6708   0.6280   0.0000 
  0.0891   0.9237   0.8383   0.8221   0.7560   0.6990   0.3387   0.4892 
  0.7794   0.8132   0.7432   0.9474   0.3793   0.9794   0.6384   0.6187 
  0.0842   0.1832   0.3542   0.9223   0.4774   0.3511   0.6550   0.4676 
---------------------------------------

Using simple hybrid approach: CPU data preparation + GPU computation
--- Output Correlation Matrix (Snippet) ---
  1.0000   0.0305  -0.0212   0.0233  -0.0160  -0.0192   0.0017  -0.0016 
  0.0305   1.0000   0.0092   0.0212   0.0022   0.0280  -0.0362  -0.0159 
 -0.0212   0.0092   1.0000  -0.0060   0.0119   0.0228  -0.0218  -0.0016 
  0.0233   0.0212  -0.0060   1.0000  -0.0190  -0.0385  -0.0178   0.0073 
 -0.0160   0.0022   0.0119  -0.0190   1.0000   0.0217   0.0011  -0.0372 
 -0.0192   0.0280   0.0228  -0.0385   0.0217   1.0000  -0.0358  -0.0005 
  0.0017  -0.0362  -0.0218  -0.0178   0.0011  -0.0358   1.0000   0.0276 
 -0.0016  -0.0159  -0.0016   0.0073  -0.0372  -0.0005   0.0276   1.0000 
---------------------------------------

Execution Time: 0.128788 seconds
Exit code: 0
Extracted time: 0.128788

=== hybrid (N=200, M=3000, iter=1) ===
Executing Hybrid (OpenMP + CUDA) Version
Matrix Size: N=200, M=3000
OpenMP threads: 8
GPU 0: NVIDIA GeForce MX230 (Compute 6.1, 4.00 GB)
--- Input Matrix (Snippet) ---
  0.1784   0.3997   0.1666   0.2121   0.0619   0.0541   0.2757   0.0478 
  0.6835   0.2185   0.1961   0.0248   0.6727   0.5442   0.9639   0.2818 
  0.1672   0.1685   0.5519   0.6728   0.6104   0.7387   0.7906   0.5769 
  0.4815   0.6118   0.5401   0.8225   0.6975   0.4157   0.2738   0.2554 
  0.9311   0.2895   0.4608   0.4579   0.4643   0.0754   0.2606   0.6549 
  0.7794   0.8132   0.7432   0.9474   0.3793   0.9794   0.6384   0.6187 
  0.1583   0.6916   0.6599   0.6962   0.3418   0.4218   0.2080   0.0566 
  0.5013   0.8661   0.8181   0.8221   0.2707   0.8748   0.9764   0.6529 
---------------------------------------

Using simple hybrid approach: CPU data preparation + GPU computation
--- Output Correlation Matrix (Snippet) ---
  1.0000  -0.0079  -0.0189   0.0064  -0.0058   0.0126   0.0067  -0.0029 
 -0.0079   1.0000  -0.0219  -0.0305  -0.0129   0.0147  -0.0086   0.0305 
 -0.0189  -0.0219   1.0000   0.0110   0.0151   0.0069  -0.0076   0.0224 
  0.0064  -0.0305   0.0110   1.0000  -0.0143   0.0036   0.0036  -0.0167 
 -0.0058  -0.0129   0.0151  -0.0143   1.0000   0.0173  -0.0375  -0.0020 
  0.0126   0.0147   0.0069   0.0036   0.0173   1.0000  -0.0245   0.0187 
  0.0067  -0.0086  -0.0076   0.0036  -0.0375  -0.0245   1.0000  -0.0087 
 -0.0029   0.0305   0.0224  -0.0167  -0.0020   0.0187  -0.0087   1.0000 
---------------------------------------

Execution Time: 0.118080 seconds
Exit code: 0
Extracted time: 0.118080

=== hybrid (N=200, M=3000, iter=2) ===
Executing Hybrid (OpenMP + CUDA) Version
Matrix Size: N=200, M=3000
OpenMP threads: 8
GPU 0: NVIDIA GeForce MX230 (Compute 6.1, 4.00 GB)
--- Input Matrix (Snippet) ---
  0.1784   0.3997   0.1666   0.2121   0.0619   0.0541   0.2757   0.0478 
  0.6835   0.2185   0.1961   0.0248   0.6727   0.5442   0.9639   0.2818 
  0.1672   0.1685   0.5519   0.6728   0.6104   0.7387   0.7906   0.5769 
  0.4815   0.6118   0.5401   0.8225   0.6975   0.4157   0.2738   0.2554 
  0.9311   0.2895   0.4608   0.4579   0.4643   0.0754   0.2606   0.6549 
  0.7794   0.8132   0.7432   0.9474   0.3793   0.9794   0.6384   0.6187 
  0.1583   0.6916   0.6599   0.6962   0.3418   0.4218   0.2080   0.0566 
  0.5013   0.8661   0.8181   0.8221   0.2707   0.8748   0.9764   0.6529 
---------------------------------------

Using simple hybrid approach: CPU data preparation + GPU computation
--- Output Correlation Matrix (Snippet) ---
  1.0000  -0.0079  -0.0189   0.0064  -0.0058   0.0126   0.0067  -0.0029 
 -0.0079   1.0000  -0.0219  -0.0305  -0.0129   0.0147  -0.0086   0.0305 
 -0.0189  -0.0219   1.0000   0.0110   0.0151   0.0069  -0.0076   0.0224 
  0.0064  -0.0305   0.0110   1.0000  -0.0143   0.0036   0.0036  -0.0167 
 -0.0058  -0.0129   0.0151  -0.0143   1.0000   0.0173  -0.0375  -0.0020 
  0.0126   0.0147   0.0069   0.0036   0.0173   1.0000  -0.0245   0.0187 
  0.0067  -0.0086  -0.0076   0.0036  -0.0375  -0.0245   1.0000  -0.0087 
 -0.0029   0.0305   0.0224  -0.0167  -0.0020   0.0187  -0.0087   1.0000 
---------------------------------------

Execution Time: 0.209826 seconds
Exit code: 0
Extracted time: 0.209826

=== hybrid (N=200, M=3000, iter=3) ===
Executing Hybrid (OpenMP + CUDA) Version
Matrix Size: N=200, M=3000
OpenMP threads: 8
GPU 0: NVIDIA GeForce MX230 (Compute 6.1, 4.00 GB)
--- Input Matrix (Snippet) ---
  0.1784   0.3997   0.1666   0.2121   0.0619   0.0541   0.2757   0.0478 
  0.6835   0.2185   0.1961   0.0248   0.6727   0.5442   0.9639   0.2818 
  0.1672   0.1685   0.5519   0.6728   0.6104   0.7387   0.7906   0.5769 
  0.4815   0.6118   0.5401   0.8225   0.6975   0.4157   0.2738   0.2554 
  0.9311   0.2895   0.4608   0.4579   0.4643   0.0754   0.2606   0.6549 
  0.7794   0.8132   0.7432   0.9474   0.3793   0.9794   0.6384   0.6187 
  0.1583   0.6916   0.6599   0.6962   0.3418   0.4218   0.2080   0.0566 
  0.5013   0.8661   0.8181   0.8221   0.2707   0.8748   0.9764   0.6529 
---------------------------------------

Using simple hybrid approach: CPU data preparation + GPU computation
--- Output Correlation Matrix (Snippet) ---
  1.0000  -0.0079  -0.0189   0.0064  -0.0058   0.0126   0.0067  -0.0029 
 -0.0079   1.0000  -0.0219  -0.0305  -0.0129   0.0147  -0.0086   0.0305 
 -0.0189  -0.0219   1.0000   0.0110   0.0151   0.0069  -0.0076   0.0224 
  0.0064  -0.0305   0.0110   1.0000  -0.0143   0.0036   0.0036  -0.0167 
 -0.0058  -0.0129   0.0151  -0.0143   1.0000   0.0173  -0.0375  -0.0020 
  0.0126   0.0147   0.0069   0.0036   0.0173   1.0000  -0.0245   0.0187 
  0.0067  -0.0086  -0.0076   0.0036  -0.0375  -0.0245   1.0000  -0.0087 
 -0.0029   0.0305   0.0224  -0.0167  -0.0020   0.0187  -0.0087   1.0000 
---------------------------------------

Execution Time: 0.108381 seconds
Exit code: 0
Extracted time: 0.108381

=== hybrid (N=500, M=500, iter=1) ===
Executing Hybrid (OpenMP + CUDA) Version
Matrix Size: N=500, M=500
OpenMP threads: 8
GPU 0: NVIDIA GeForce MX230 (Compute 6.1, 4.00 GB)
--- Input Matrix (Snippet) ---
  0.1784   0.3997   0.1666   0.2121   0.0619   0.0541   0.2757   0.0478 
  0.7832   0.1713   0.3731   0.1762   0.4492   0.9714   0.9770   0.4063 
  0.8579   0.2793   0.3497   0.6058   0.0737   0.1928   0.5753   0.2738 
  0.5231   0.4570   0.4980   0.9980   0.9538   0.4599   0.6245   0.8193 
  0.2355   0.3513   0.2187   0.2880   0.0186   0.3609   0.1549   0.3504 
  0.2459   0.4850   0.0104   0.8695   0.6495   0.6553   0.0003   0.2781 
  0.6835   0.2185   0.1961   0.0248   0.6727   0.5442   0.9639   0.2818 
  0.7949   0.9540   0.3739   0.6583   0.6555   0.8941   0.8713   0.9372 
---------------------------------------

Using simple hybrid approach: CPU data preparation + GPU computation
--- Output Correlation Matrix (Snippet) ---
  1.0000   0.0256   0.0236  -0.0521   0.0384   0.0583   0.0019  -0.0393 
  0.0256   1.0000  -0.0126  -0.0000   0.0707   0.0208   0.0440  -0.0621 
  0.0236  -0.0126   1.0000  -0.0210  -0.0033   0.0142  -0.0386   0.0410 
 -0.0521  -0.0000  -0.0210   1.0000   0.0182   0.0262  -0.0804  -0.0467 
  0.0384   0.0707  -0.0033   0.0182   1.0000   0.0061  -0.0249  -0.0272 
  0.0583   0.0208   0.0142   0.0262   0.0061   1.0000  -0.1227   0.0816 
  0.0019   0.0440  -0.0386  -0.0804  -0.0249  -0.1227   1.0000   0.0038 
 -0.0393  -0.0621   0.0410  -0.0467  -0.0272   0.0816   0.0038   1.0000 
---------------------------------------

Execution Time: 0.117794 seconds
Exit code: 0
Extracted time: 0.117794

=== hybrid (N=500, M=500, iter=2) ===
Executing Hybrid (OpenMP + CUDA) Version
Matrix Size: N=500, M=500
OpenMP threads: 8
GPU 0: NVIDIA GeForce MX230 (Compute 6.1, 4.00 GB)
--- Input Matrix (Snippet) ---
  0.1784   0.3997   0.1666   0.2121   0.0619   0.0541   0.2757   0.0478 
  0.7832   0.1713   0.3731   0.1762   0.4492   0.9714   0.9770   0.4063 
  0.8579   0.2793   0.3497   0.6058   0.0737   0.1928   0.5753   0.2738 
  0.5231   0.4570   0.4980   0.9980   0.9538   0.4599   0.6245   0.8193 
  0.2355   0.3513   0.2187   0.2880   0.0186   0.3609   0.1549   0.3504 
  0.2459   0.4850   0.0104   0.8695   0.6495   0.6553   0.0003   0.2781 
  0.6835   0.2185   0.1961   0.0248   0.6727   0.5442   0.9639   0.2818 
  0.7949   0.9540   0.3739   0.6583   0.6555   0.8941   0.8713   0.9372 
---------------------------------------

Using simple hybrid approach: CPU data preparation + GPU computation
--- Output Correlation Matrix (Snippet) ---
  1.0000   0.0256   0.0236  -0.0521   0.0384   0.0583   0.0019  -0.0393 
  0.0256   1.0000  -0.0126  -0.0000   0.0707   0.0208   0.0440  -0.0621 
  0.0236  -0.0126   1.0000  -0.0210  -0.0033   0.0142  -0.0386   0.0410 
 -0.0521  -0.0000  -0.0210   1.0000   0.0182   0.0262  -0.0804  -0.0467 
  0.0384   0.0707  -0.0033   0.0182   1.0000   0.0061  -0.0249  -0.0272 
  0.0583   0.0208   0.0142   0.0262   0.0061   1.0000  -0.1227   0.0816 
  0.0019   0.0440  -0.0386  -0.0804  -0.0249  -0.1227   1.0000   0.0038 
 -0.0393  -0.0621   0.0410  -0.0467  -0.0272   0.0816   0.0038   1.0000 
---------------------------------------

Execution Time: 0.134991 seconds
Exit code: 0
Extracted time: 0.134991

=== hybrid (N=500, M=500, iter=3) ===
Executing Hybrid (OpenMP + CUDA) Version
Matrix Size: N=500, M=500
OpenMP threads: 8
GPU 0: NVIDIA GeForce MX230 (Compute 6.1, 4.00 GB)
--- Input Matrix (Snippet) ---
  0.1784   0.3997   0.1666   0.2121   0.0619   0.0541   0.2757   0.0478 
  0.7832   0.1713   0.3731   0.1762   0.4492   0.9714   0.9770   0.4063 
  0.8579   0.2793   0.3497   0.6058   0.0737   0.1928   0.5753   0.2738 
  0.5231   0.4570   0.4980   0.9980   0.9538   0.4599   0.6245   0.8193 
  0.2355   0.3513   0.2187   0.2880   0.0186   0.3609   0.1549   0.3504 
  0.2459   0.4850   0.0104   0.8695   0.6495   0.6553   0.0003   0.2781 
  0.6835   0.2185   0.1961   0.0248   0.6727   0.5442   0.9639   0.2818 
  0.7949   0.9540   0.3739   0.6583   0.6555   0.8941   0.8713   0.9372 
---------------------------------------

Using simple hybrid approach: CPU data preparation + GPU computation
--- Output Correlation Matrix (Snippet) ---
  1.0000   0.0256   0.0236  -0.0521   0.0384   0.0583   0.0019  -0.0393 
  0.0256   1.0000  -0.0126  -0.0000   0.0707   0.0208   0.0440  -0.0621 
  0.0236  -0.0126   1.0000  -0.0210  -0.0033   0.0142  -0.0386   0.0410 
 -0.0521  -0.0000  -0.0210   1.0000   0.0182   0.0262  -0.0804  -0.0467 
  0.0384   0.0707  -0.0033   0.0182   1.0000   0.0061  -0.0249  -0.0272 
  0.0583   0.0208   0.0142   0.0262   0.0061   1.0000  -0.1227   0.0816 
  0.0019   0.0440  -0.0386  -0.0804  -0.0249  -0.1227   1.0000   0.0038 
 -0.0393  -0.0621   0.0410  -0.0467  -0.0272   0.0816   0.0038   1.0000 
---------------------------------------

Execution Time: 0.132316 seconds
Exit code: 0
Extracted time: 0.132316

=== hybrid (N=500, M=1000, iter=1) ===
Executing Hybrid (OpenMP + CUDA) Version
Matrix Size: N=500, M=1000
OpenMP threads: 8
GPU 0: NVIDIA GeForce MX230 (Compute 6.1, 4.00 GB)
--- Input Matrix (Snippet) ---
  0.1784   0.3997   0.1666   0.2121   0.0619   0.0541   0.2757   0.0478 
  0.8579   0.2793   0.3497   0.6058   0.0737   0.1928   0.5753   0.2738 
  0.2355   0.3513   0.2187   0.2880   0.0186   0.3609   0.1549   0.3504 
  0.6835   0.2185   0.1961   0.0248   0.6727   0.5442   0.9639   0.2818 
  0.7361   0.6262   0.2348   0.0727   0.7465   0.0340   0.4242   0.2949 
  0.9063   0.4440   0.7253   0.1379   0.7956   0.9051   0.0964   0.8206 
  0.1672   0.1685   0.5519   0.6728   0.6104   0.7387   0.7906   0.5769 
  0.3751   0.2483   0.8508   0.0803   0.3567   0.4930   0.2261   0.4608 
---------------------------------------

Using simple hybrid approach: CPU data preparation + GPU computation
--- Output Correlation Matrix (Snippet) ---
  1.0000   0.0109   0.0293  -0.0304   0.0102   0.0139   0.0044  -0.0106 
  0.0109   1.0000   0.0119  -0.0427  -0.0041  -0.0632  -0.0605  -0.0605 
  0.0293   0.0119   1.0000   0.0276   0.0204   0.0119   0.0083   0.0077 
 -0.0304  -0.0427   0.0276   1.0000   0.0269   0.0239   0.0206   0.0100 
  0.0102  -0.0041   0.0204   0.0269   1.0000   0.0015  -0.0140  -0.0381 
  0.0139  -0.0632   0.0119   0.0239   0.0015   1.0000  -0.0124   0.0481 
  0.0044  -0.0605   0.0083   0.0206  -0.0140  -0.0124   1.0000   0.0370 
 -0.0106  -0.0605   0.0077   0.0100  -0.0381   0.0481   0.0370   1.0000 
---------------------------------------

Execution Time: 0.136173 seconds
Exit code: 0
Extracted time: 0.136173

=== hybrid (N=500, M=1000, iter=2) ===
Executing Hybrid (OpenMP + CUDA) Version
Matrix Size: N=500, M=1000
OpenMP threads: 8
GPU 0: NVIDIA GeForce MX230 (Compute 6.1, 4.00 GB)
--- Input Matrix (Snippet) ---
  0.1784   0.3997   0.1666   0.2121   0.0619   0.0541   0.2757   0.0478 
  0.8579   0.2793   0.3497   0.6058   0.0737   0.1928   0.5753   0.2738 
  0.2355   0.3513   0.2187   0.2880   0.0186   0.3609   0.1549   0.3504 
  0.6835   0.2185   0.1961   0.0248   0.6727   0.5442   0.9639   0.2818 
  0.7361   0.6262   0.2348   0.0727   0.7465   0.0340   0.4242   0.2949 
  0.9063   0.4440   0.7253   0.1379   0.7956   0.9051   0.0964   0.8206 
  0.1672   0.1685   0.5519   0.6728   0.6104   0.7387   0.7906   0.5769 
  0.3751   0.2483   0.8508   0.0803   0.3567   0.4930   0.2261   0.4608 
---------------------------------------

Using simple hybrid approach: CPU data preparation + GPU computation
--- Output Correlation Matrix (Snippet) ---
  1.0000   0.0109   0.0293  -0.0304   0.0102   0.0139   0.0044  -0.0106 
  0.0109   1.0000   0.0119  -0.0427  -0.0041  -0.0632  -0.0605  -0.0605 
  0.0293   0.0119   1.0000   0.0276   0.0204   0.0119   0.0083   0.0077 
 -0.0304  -0.0427   0.0276   1.0000   0.0269   0.0239   0.0206   0.0100 
  0.0102  -0.0041   0.0204   0.0269   1.0000   0.0015  -0.0140  -0.0381 
  0.0139  -0.0632   0.0119   0.0239   0.0015   1.0000  -0.0124   0.0481 
  0.0044  -0.0605   0.0083   0.0206  -0.0140  -0.0124   1.0000   0.0370 
 -0.0106  -0.0605   0.0077   0.0100  -0.0381   0.0481   0.0370   1.0000 
---------------------------------------

Execution Time: 0.141606 seconds
Exit code: 0
Extracted time: 0.141606

=== hybrid (N=500, M=1000, iter=3) ===
Executing Hybrid (OpenMP + CUDA) Version
Matrix Size: N=500, M=1000
OpenMP threads: 8
GPU 0: NVIDIA GeForce MX230 (Compute 6.1, 4.00 GB)
--- Input Matrix (Snippet) ---
  0.1784   0.3997   0.1666   0.2121   0.0619   0.0541   0.2757   0.0478 
  0.8579   0.2793   0.3497   0.6058   0.0737   0.1928   0.5753   0.2738 
  0.2355   0.3513   0.2187   0.2880   0.0186   0.3609   0.1549   0.3504 
  0.6835   0.2185   0.1961   0.0248   0.6727   0.5442   0.9639   0.2818 
  0.7361   0.6262   0.2348   0.0727   0.7465   0.0340   0.4242   0.2949 
  0.9063   0.4440   0.7253   0.1379   0.7956   0.9051   0.0964   0.8206 
  0.1672   0.1685   0.5519   0.6728   0.6104   0.7387   0.7906   0.5769 
  0.3751   0.2483   0.8508   0.0803   0.3567   0.4930   0.2261   0.4608 
---------------------------------------

Using simple hybrid approach: CPU data preparation + GPU computation
--- Output Correlation Matrix (Snippet) ---
  1.0000   0.0109   0.0293  -0.0304   0.0102   0.0139   0.0044  -0.0106 
  0.0109   1.0000   0.0119  -0.0427  -0.0041  -0.0632  -0.0605  -0.0605 
  0.0293   0.0119   1.0000   0.0276   0.0204   0.0119   0.0083   0.0077 
 -0.0304  -0.0427   0.0276   1.0000   0.0269   0.0239   0.0206   0.0100 
  0.0102  -0.0041   0.0204   0.0269   1.0000   0.0015  -0.0140  -0.0381 
  0.0139  -0.0632   0.0119   0.0239   0.0015   1.0000  -0.0124   0.0481 
  0.0044  -0.0605   0.0083   0.0206  -0.0140  -0.0124   1.0000   0.0370 
 -0.0106  -0.0605   0.0077   0.0100  -0.0381   0.0481   0.0370   1.0000 
---------------------------------------

Execution Time: 0.129705 seconds
Exit code: 0
Extracted time: 0.129705

=== hybrid (N=500, M=1500, iter=1) ===
Executing Hybrid (OpenMP + CUDA) Version
Matrix Size: N=500, M=1500
OpenMP threads: 8
GPU 0: NVIDIA GeForce MX230 (Compute 6.1, 4.00 GB)
--- Input Matrix (Snippet) ---
  0.1784   0.3997   0.1666   0.2121   0.0619   0.0541   0.2757   0.0478 
  0.5231   0.4570   0.4980   0.9980   0.9538   0.4599   0.6245   0.8193 
  0.6835   0.2185   0.1961   0.0248   0.6727   0.5442   0.9639   0.2818 
  0.6730   0.3860   0.7919   0.3859   0.4882   0.1123   0.5655   0.3819 
  0.1672   0.1685   0.5519   0.6728   0.6104   0.7387   0.7906   0.5769 
  0.2896   0.8828   0.9025   0.7990   0.6499   0.1416   0.2104   0.8247 
  0.4815   0.6118   0.5401   0.8225   0.6975   0.4157   0.2738   0.2554 
  0.5062   0.5588   0.9413   0.5000   0.5328   0.1062   0.3400   0.7122 
---------------------------------------

Using simple hybrid approach: CPU data preparation + GPU computation
--- Output Correlation Matrix (Snippet) ---
  1.0000   0.0111  -0.0267  -0.0267  -0.0210   0.0113   0.0004   0.0095 
  0.0111   1.0000  -0.0268   0.0110   0.0518  -0.0168   0.0241   0.0123 
 -0.0267  -0.0268   1.0000   0.0289   0.0020  -0.0170  -0.0226  -0.0030 
 -0.0267   0.0110   0.0289   1.0000   0.0178  -0.0459   0.0215  -0.0381 
 -0.0210   0.0518   0.0020   0.0178   1.0000   0.0124  -0.0130  -0.0079 
  0.0113  -0.0168  -0.0170  -0.0459   0.0124   1.0000   0.0043   0.0352 
  0.0004   0.0241  -0.0226   0.0215  -0.0130   0.0043   1.0000  -0.0296 
  0.0095   0.0123  -0.0030  -0.0381  -0.0079   0.0352  -0.0296   1.0000 
---------------------------------------

Execution Time: 0.148389 seconds
Exit code: 0
Extracted time: 0.148389

=== hybrid (N=500, M=1500, iter=2) ===
Executing Hybrid (OpenMP + CUDA) Version
Matrix Size: N=500, M=1500
OpenMP threads: 8
GPU 0: NVIDIA GeForce MX230 (Compute 6.1, 4.00 GB)
--- Input Matrix (Snippet) ---
  0.1784   0.3997   0.1666   0.2121   0.0619   0.0541   0.2757   0.0478 
  0.5231   0.4570   0.4980   0.9980   0.9538   0.4599   0.6245   0.8193 
  0.6835   0.2185   0.1961   0.0248   0.6727   0.5442   0.9639   0.2818 
  0.6730   0.3860   0.7919   0.3859   0.4882   0.1123   0.5655   0.3819 
  0.1672   0.1685   0.5519   0.6728   0.6104   0.7387   0.7906   0.5769 
  0.2896   0.8828   0.9025   0.7990   0.6499   0.1416   0.2104   0.8247 
  0.4815   0.6118   0.5401   0.8225   0.6975   0.4157   0.2738   0.2554 
  0.5062   0.5588   0.9413   0.5000   0.5328   0.1062   0.3400   0.7122 
---------------------------------------

Using simple hybrid approach: CPU data preparation + GPU computation
--- Output Correlation Matrix (Snippet) ---
  1.0000   0.0111  -0.0267  -0.0267  -0.0210   0.0113   0.0004   0.0095 
  0.0111   1.0000  -0.0268   0.0110   0.0518  -0.0168   0.0241   0.0123 
 -0.0267  -0.0268   1.0000   0.0289   0.0020  -0.0170  -0.0226  -0.0030 
 -0.0267   0.0110   0.0289   1.0000   0.0178  -0.0459   0.0215  -0.0381 
 -0.0210   0.0518   0.0020   0.0178   1.0000   0.0124  -0.0130  -0.0079 
  0.0113  -0.0168  -0.0170  -0.0459   0.0124   1.0000   0.0043   0.0352 
  0.0004   0.0241  -0.0226   0.0215  -0.0130   0.0043   1.0000  -0.0296 
  0.0095   0.0123  -0.0030  -0.0381  -0.0079   0.0352  -0.0296   1.0000 
---------------------------------------

Execution Time: 0.146648 seconds
Exit code: 0
Extracted time: 0.146648

=== hybrid (N=500, M=1500, iter=3) ===
Executing Hybrid (OpenMP + CUDA) Version
Matrix Size: N=500, M=1500
OpenMP threads: 8
GPU 0: NVIDIA GeForce MX230 (Compute 6.1, 4.00 GB)
--- Input Matrix (Snippet) ---
  0.1784   0.3997   0.1666   0.2121   0.0619   0.0541   0.2757   0.0478 
  0.5231   0.4570   0.4980   0.9980   0.9538   0.4599   0.6245   0.8193 
  0.6835   0.2185   0.1961   0.0248   0.6727   0.5442   0.9639   0.2818 
  0.6730   0.3860   0.7919   0.3859   0.4882   0.1123   0.5655   0.3819 
  0.1672   0.1685   0.5519   0.6728   0.6104   0.7387   0.7906   0.5769 
  0.2896   0.8828   0.9025   0.7990   0.6499   0.1416   0.2104   0.8247 
  0.4815   0.6118   0.5401   0.8225   0.6975   0.4157   0.2738   0.2554 
  0.5062   0.5588   0.9413   0.5000   0.5328   0.1062   0.3400   0.7122 
---------------------------------------

Using simple hybrid approach: CPU data preparation + GPU computation
--- Output Correlation Matrix (Snippet) ---
  1.0000   0.0111  -0.0267  -0.0267  -0.0210   0.0113   0.0004   0.0095 
  0.0111   1.0000  -0.0268   0.0110   0.0518  -0.0168   0.0241   0.0123 
 -0.0267  -0.0268   1.0000   0.0289   0.0020  -0.0170  -0.0226  -0.0030 
 -0.0267   0.0110   0.0289   1.0000   0.0178  -0.0459   0.0215  -0.0381 
 -0.0210   0.0518   0.0020   0.0178   1.0000   0.0124  -0.0130  -0.0079 
  0.0113  -0.0168  -0.0170  -0.0459   0.0124   1.0000   0.0043   0.0352 
  0.0004   0.0241  -0.0226   0.0215  -0.0130   0.0043   1.0000  -0.0296 
  0.0095   0.0123  -0.0030  -0.0381  -0.0079   0.0352  -0.0296   1.0000 
---------------------------------------

Execution Time: 0.157282 seconds
Exit code: 0
Extracted time: 0.157282

=== hybrid (N=500, M=2000, iter=1) ===
Executing Hybrid (OpenMP + CUDA) Version
Matrix Size: N=500, M=2000
OpenMP threads: 8
GPU 0: NVIDIA GeForce MX230 (Compute 6.1, 4.00 GB)
--- Input Matrix (Snippet) ---
  0.1784   0.3997   0.1666   0.2121   0.0619   0.0541   0.2757   0.0478 
  0.2355   0.3513   0.2187   0.2880   0.0186   0.3609   0.1549   0.3504 
  0.7361   0.6262   0.2348   0.0727   0.7465   0.0340   0.4242   0.2949 
  0.1672   0.1685   0.5519   0.6728   0.6104   0.7387   0.7906   0.5769 
  0.9290   0.7971   0.1292   0.8444   0.4470   0.9848   0.7467   0.6753 
  0.6577   0.0369   0.3331   0.8758   0.2217   0.6708   0.6280   0.0000 
  0.9311   0.2895   0.4608   0.4579   0.4643   0.0754   0.2606   0.6549 
  0.2649   0.2373   0.6548   0.4642   0.2228   0.6153   0.1826   0.9288 
---------------------------------------

Using simple hybrid approach: CPU data preparation + GPU computation
--- Output Correlation Matrix (Snippet) ---
  1.0000  -0.0069  -0.0270  -0.0283   0.0410  -0.0121  -0.0445  -0.0154 
 -0.0069   1.0000   0.0227   0.0096  -0.0277  -0.0158   0.0245   0.0515 
 -0.0270   0.0227   1.0000   0.0181  -0.0084  -0.0181   0.0164   0.0039 
 -0.0283   0.0096   0.0181   1.0000  -0.0407   0.0316   0.0226   0.0055 
  0.0410  -0.0277  -0.0084  -0.0407   1.0000  -0.0453   0.0127  -0.0128 
 -0.0121  -0.0158  -0.0181   0.0316  -0.0453   1.0000  -0.0070  -0.0285 
 -0.0445   0.0245   0.0164   0.0226   0.0127  -0.0070   1.0000   0.0225 
 -0.0154   0.0515   0.0039   0.0055  -0.0128  -0.0285   0.0225   1.0000 
---------------------------------------

Execution Time: 0.171111 seconds
Exit code: 0
Extracted time: 0.171111

=== hybrid (N=500, M=2000, iter=2) ===
Executing Hybrid (OpenMP + CUDA) Version
Matrix Size: N=500, M=2000
OpenMP threads: 8
GPU 0: NVIDIA GeForce MX230 (Compute 6.1, 4.00 GB)
--- Input Matrix (Snippet) ---
  0.1784   0.3997   0.1666   0.2121   0.0619   0.0541   0.2757   0.0478 
  0.2355   0.3513   0.2187   0.2880   0.0186   0.3609   0.1549   0.3504 
  0.7361   0.6262   0.2348   0.0727   0.7465   0.0340   0.4242   0.2949 
  0.1672   0.1685   0.5519   0.6728   0.6104   0.7387   0.7906   0.5769 
  0.9290   0.7971   0.1292   0.8444   0.4470   0.9848   0.7467   0.6753 
  0.6577   0.0369   0.3331   0.8758   0.2217   0.6708   0.6280   0.0000 
  0.9311   0.2895   0.4608   0.4579   0.4643   0.0754   0.2606   0.6549 
  0.2649   0.2373   0.6548   0.4642   0.2228   0.6153   0.1826   0.9288 
---------------------------------------

Using simple hybrid approach: CPU data preparation + GPU computation
--- Output Correlation Matrix (Snippet) ---
  1.0000  -0.0069  -0.0270  -0.0283   0.0410  -0.0121  -0.0445  -0.0154 
 -0.0069   1.0000   0.0227   0.0096  -0.0277  -0.0158   0.0245   0.0515 
 -0.0270   0.0227   1.0000   0.0181  -0.0084  -0.0181   0.0164   0.0039 
 -0.0283   0.0096   0.0181   1.0000  -0.0407   0.0316   0.0226   0.0055 
  0.0410  -0.0277  -0.0084  -0.0407   1.0000  -0.0453   0.0127  -0.0128 
 -0.0121  -0.0158  -0.0181   0.0316  -0.0453   1.0000  -0.0070  -0.0285 
 -0.0445   0.0245   0.0164   0.0226   0.0127  -0.0070   1.0000   0.0225 
 -0.0154   0.0515   0.0039   0.0055  -0.0128  -0.0285   0.0225   1.0000 
---------------------------------------

Execution Time: 0.159680 seconds
Exit code: 0
Extracted time: 0.159680

=== hybrid (N=500, M=2000, iter=3) ===
Executing Hybrid (OpenMP + CUDA) Version
Matrix Size: N=500, M=2000
OpenMP threads: 8
GPU 0: NVIDIA GeForce MX230 (Compute 6.1, 4.00 GB)
--- Input Matrix (Snippet) ---
  0.1784   0.3997   0.1666   0.2121   0.0619   0.0541   0.2757   0.0478 
  0.2355   0.3513   0.2187   0.2880   0.0186   0.3609   0.1549   0.3504 
  0.7361   0.6262   0.2348   0.0727   0.7465   0.0340   0.4242   0.2949 
  0.1672   0.1685   0.5519   0.6728   0.6104   0.7387   0.7906   0.5769 
  0.9290   0.7971   0.1292   0.8444   0.4470   0.9848   0.7467   0.6753 
  0.6577   0.0369   0.3331   0.8758   0.2217   0.6708   0.6280   0.0000 
  0.9311   0.2895   0.4608   0.4579   0.4643   0.0754   0.2606   0.6549 
  0.2649   0.2373   0.6548   0.4642   0.2228   0.6153   0.1826   0.9288 
---------------------------------------

Using simple hybrid approach: CPU data preparation + GPU computation
--- Output Correlation Matrix (Snippet) ---
  1.0000  -0.0069  -0.0270  -0.0283   0.0410  -0.0121  -0.0445  -0.0154 
 -0.0069   1.0000   0.0227   0.0096  -0.0277  -0.0158   0.0245   0.0515 
 -0.0270   0.0227   1.0000   0.0181  -0.0084  -0.0181   0.0164   0.0039 
 -0.0283   0.0096   0.0181   1.0000  -0.0407   0.0316   0.0226   0.0055 
  0.0410  -0.0277  -0.0084  -0.0407   1.0000  -0.0453   0.0127  -0.0128 
 -0.0121  -0.0158  -0.0181   0.0316  -0.0453   1.0000  -0.0070  -0.0285 
 -0.0445   0.0245   0.0164   0.0226   0.0127  -0.0070   1.0000   0.0225 
 -0.0154   0.0515   0.0039   0.0055  -0.0128  -0.0285   0.0225   1.0000 
---------------------------------------

Execution Time: 0.168973 seconds
Exit code: 0
Extracted time: 0.168973

=== hybrid (N=500, M=2500, iter=1) ===
Executing Hybrid (OpenMP + CUDA) Version
Matrix Size: N=500, M=2500
OpenMP threads: 8
GPU 0: NVIDIA GeForce MX230 (Compute 6.1, 4.00 GB)
--- Input Matrix (Snippet) ---
  0.1784   0.3997   0.1666   0.2121   0.0619   0.0541   0.2757   0.0478 
  0.2459   0.4850   0.0104   0.8695   0.6495   0.6553   0.0003   0.2781 
  0.9063   0.4440   0.7253   0.1379   0.7956   0.9051   0.0964   0.8206 
  0.2896   0.8828   0.9025   0.7990   0.6499   0.1416   0.2104   0.8247 
  0.6577   0.0369   0.3331   0.8758   0.2217   0.6708   0.6280   0.0000 
  0.0891   0.9237   0.8383   0.8221   0.7560   0.6990   0.3387   0.4892 
  0.7794   0.8132   0.7432   0.9474   0.3793   0.9794   0.6384   0.6187 
  0.0842   0.1832   0.3542   0.9223   0.4774   0.3511   0.6550   0.4676 
---------------------------------------

Using simple hybrid approach: CPU data preparation + GPU computation
--- Output Correlation Matrix (Snippet) ---
  1.0000   0.0305  -0.0212   0.0233  -0.0160  -0.0192   0.0017  -0.0016 
  0.0305   1.0000   0.0092   0.0212   0.0022   0.0280  -0.0362  -0.0159 
 -0.0212   0.0092   1.0000  -0.0060   0.0119   0.0228  -0.0218  -0.0016 
  0.0233   0.0212  -0.0060   1.0000  -0.0190  -0.0385  -0.0178   0.0073 
 -0.0160   0.0022   0.0119  -0.0190   1.0000   0.0217   0.0011  -0.0372 
 -0.0192   0.0280   0.0228  -0.0385   0.0217   1.0000  -0.0358  -0.0005 
  0.0017  -0.0362  -0.0218  -0.0178   0.0011  -0.0358   1.0000   0.0276 
 -0.0016  -0.0159  -0.0016   0.0073  -0.0372  -0.0005   0.0276   1.0000 
---------------------------------------

Execution Time: 0.195325 seconds
Exit code: 0
Extracted time: 0.195325

=== hybrid (N=500, M=2500, iter=2) ===
Executing Hybrid (OpenMP + CUDA) Version
Matrix Size: N=500, M=2500
OpenMP threads: 8
GPU 0: NVIDIA GeForce MX230 (Compute 6.1, 4.00 GB)
--- Input Matrix (Snippet) ---
  0.1784   0.3997   0.1666   0.2121   0.0619   0.0541   0.2757   0.0478 
  0.2459   0.4850   0.0104   0.8695   0.6495   0.6553   0.0003   0.2781 
  0.9063   0.4440   0.7253   0.1379   0.7956   0.9051   0.0964   0.8206 
  0.2896   0.8828   0.9025   0.7990   0.6499   0.1416   0.2104   0.8247 
  0.6577   0.0369   0.3331   0.8758   0.2217   0.6708   0.6280   0.0000 
  0.0891   0.9237   0.8383   0.8221   0.7560   0.6990   0.3387   0.4892 
  0.7794   0.8132   0.7432   0.9474   0.3793   0.9794   0.6384   0.6187 
  0.0842   0.1832   0.3542   0.9223   0.4774   0.3511   0.6550   0.4676 
---------------------------------------

Using simple hybrid approach: CPU data preparation + GPU computation
--- Output Correlation Matrix (Snippet) ---
  1.0000   0.0305  -0.0212   0.0233  -0.0160  -0.0192   0.0017  -0.0016 
  0.0305   1.0000   0.0092   0.0212   0.0022   0.0280  -0.0362  -0.0159 
 -0.0212   0.0092   1.0000  -0.0060   0.0119   0.0228  -0.0218  -0.0016 
  0.0233   0.0212  -0.0060   1.0000  -0.0190  -0.0385  -0.0178   0.0073 
 -0.0160   0.0022   0.0119  -0.0190   1.0000   0.0217   0.0011  -0.0372 
 -0.0192   0.0280   0.0228  -0.0385   0.0217   1.0000  -0.0358  -0.0005 
  0.0017  -0.0362  -0.0218  -0.0178   0.0011  -0.0358   1.0000   0.0276 
 -0.0016  -0.0159  -0.0016   0.0073  -0.0372  -0.0005   0.0276   1.0000 
---------------------------------------

Execution Time: 0.184123 seconds
Exit code: 0
Extracted time: 0.184123

=== hybrid (N=500, M=2500, iter=3) ===
Executing Hybrid (OpenMP + CUDA) Version
Matrix Size: N=500, M=2500
OpenMP threads: 8
GPU 0: NVIDIA GeForce MX230 (Compute 6.1, 4.00 GB)
--- Input Matrix (Snippet) ---
  0.1784   0.3997   0.1666   0.2121   0.0619   0.0541   0.2757   0.0478 
  0.2459   0.4850   0.0104   0.8695   0.6495   0.6553   0.0003   0.2781 
  0.9063   0.4440   0.7253   0.1379   0.7956   0.9051   0.0964   0.8206 
  0.2896   0.8828   0.9025   0.7990   0.6499   0.1416   0.2104   0.8247 
  0.6577   0.0369   0.3331   0.8758   0.2217   0.6708   0.6280   0.0000 
  0.0891   0.9237   0.8383   0.8221   0.7560   0.6990   0.3387   0.4892 
  0.7794   0.8132   0.7432   0.9474   0.3793   0.9794   0.6384   0.6187 
  0.0842   0.1832   0.3542   0.9223   0.4774   0.3511   0.6550   0.4676 
---------------------------------------

Using simple hybrid approach: CPU data preparation + GPU computation
--- Output Correlation Matrix (Snippet) ---
  1.0000   0.0305  -0.0212   0.0233  -0.0160  -0.0192   0.0017  -0.0016 
  0.0305   1.0000   0.0092   0.0212   0.0022   0.0280  -0.0362  -0.0159 
 -0.0212   0.0092   1.0000  -0.0060   0.0119   0.0228  -0.0218  -0.0016 
  0.0233   0.0212  -0.0060   1.0000  -0.0190  -0.0385  -0.0178   0.0073 
 -0.0160   0.0022   0.0119  -0.0190   1.0000   0.0217   0.0011  -0.0372 
 -0.0192   0.0280   0.0228  -0.0385   0.0217   1.0000  -0.0358  -0.0005 
  0.0017  -0.0362  -0.0218  -0.0178   0.0011  -0.0358   1.0000   0.0276 
 -0.0016  -0.0159  -0.0016   0.0073  -0.0372  -0.0005   0.0276   1.0000 
---------------------------------------

Execution Time: 0.194748 seconds
Exit code: 0
Extracted time: 0.194748

=== hybrid (N=500, M=3000, iter=1) ===
Executing Hybrid (OpenMP + CUDA) Version
Matrix Size: N=500, M=3000
OpenMP threads: 8
GPU 0: NVIDIA GeForce MX230 (Compute 6.1, 4.00 GB)
--- Input Matrix (Snippet) ---
  0.1784   0.3997   0.1666   0.2121   0.0619   0.0541   0.2757   0.0478 
  0.6835   0.2185   0.1961   0.0248   0.6727   0.5442   0.9639   0.2818 
  0.1672   0.1685   0.5519   0.6728   0.6104   0.7387   0.7906   0.5769 
  0.4815   0.6118   0.5401   0.8225   0.6975   0.4157   0.2738   0.2554 
  0.9311   0.2895   0.4608   0.4579   0.4643   0.0754   0.2606   0.6549 
  0.7794   0.8132   0.7432   0.9474   0.3793   0.9794   0.6384   0.6187 
  0.1583   0.6916   0.6599   0.6962   0.3418   0.4218   0.2080   0.0566 
  0.5013   0.8661   0.8181   0.8221   0.2707   0.8748   0.9764   0.6529 
---------------------------------------

Using simple hybrid approach: CPU data preparation + GPU computation
--- Output Correlation Matrix (Snippet) ---
  1.0000  -0.0079  -0.0189   0.0064  -0.0058   0.0126   0.0067  -0.0029 
 -0.0079   1.0000  -0.0219  -0.0305  -0.0129   0.0147  -0.0086   0.0305 
 -0.0189  -0.0219   1.0000   0.0110   0.0151   0.0069  -0.0076   0.0224 
  0.0064  -0.0305   0.0110   1.0000  -0.0143   0.0036   0.0036  -0.0167 
 -0.0058  -0.0129   0.0151  -0.0143   1.0000   0.0173  -0.0375  -0.0020 
  0.0126   0.0147   0.0069   0.0036   0.0173   1.0000  -0.0245   0.0187 
  0.0067  -0.0086  -0.0076   0.0036  -0.0375  -0.0245   1.0000  -0.0087 
 -0.0029   0.0305   0.0224  -0.0167  -0.0020   0.0187  -0.0087   1.0000 
---------------------------------------

Execution Time: 0.196478 seconds
Exit code: 0
Extracted time: 0.196478

=== hybrid (N=500, M=3000, iter=2) ===
Executing Hybrid (OpenMP + CUDA) Version
Matrix Size: N=500, M=3000
OpenMP threads: 8
GPU 0: NVIDIA GeForce MX230 (Compute 6.1, 4.00 GB)
--- Input Matrix (Snippet) ---
  0.1784   0.3997   0.1666   0.2121   0.0619   0.0541   0.2757   0.0478 
  0.6835   0.2185   0.1961   0.0248   0.6727   0.5442   0.9639   0.2818 
  0.1672   0.1685   0.5519   0.6728   0.6104   0.7387   0.7906   0.5769 
  0.4815   0.6118   0.5401   0.8225   0.6975   0.4157   0.2738   0.2554 
  0.9311   0.2895   0.4608   0.4579   0.4643   0.0754   0.2606   0.6549 
  0.7794   0.8132   0.7432   0.9474   0.3793   0.9794   0.6384   0.6187 
  0.1583   0.6916   0.6599   0.6962   0.3418   0.4218   0.2080   0.0566 
  0.5013   0.8661   0.8181   0.8221   0.2707   0.8748   0.9764   0.6529 
---------------------------------------

Using simple hybrid approach: CPU data preparation + GPU computation
--- Output Correlation Matrix (Snippet) ---
  1.0000  -0.0079  -0.0189   0.0064  -0.0058   0.0126   0.0067  -0.0029 
 -0.0079   1.0000  -0.0219  -0.0305  -0.0129   0.0147  -0.0086   0.0305 
 -0.0189  -0.0219   1.0000   0.0110   0.0151   0.0069  -0.0076   0.0224 
  0.0064  -0.0305   0.0110   1.0000  -0.0143   0.0036   0.0036  -0.0167 
 -0.0058  -0.0129   0.0151  -0.0143   1.0000   0.0173  -0.0375  -0.0020 
  0.0126   0.0147   0.0069   0.0036   0.0173   1.0000  -0.0245   0.0187 
  0.0067  -0.0086  -0.0076   0.0036  -0.0375  -0.0245   1.0000  -0.0087 
 -0.0029   0.0305   0.0224  -0.0167  -0.0020   0.0187  -0.0087   1.0000 
---------------------------------------

Execution Time: 0.189362 seconds
Exit code: 0
Extracted time: 0.189362

=== hybrid (N=500, M=3000, iter=3) ===
Executing Hybrid (OpenMP + CUDA) Version
Matrix Size: N=500, M=3000
OpenMP threads: 8
GPU 0: NVIDIA GeForce MX230 (Compute 6.1, 4.00 GB)
--- Input Matrix (Snippet) ---
  0.1784   0.3997   0.1666   0.2121   0.0619   0.0541   0.2757   0.0478 
  0.6835   0.2185   0.1961   0.0248   0.6727   0.5442   0.9639   0.2818 
  0.1672   0.1685   0.5519   0.6728   0.6104   0.7387   0.7906   0.5769 
  0.4815   0.6118   0.5401   0.8225   0.6975   0.4157   0.2738   0.2554 
  0.9311   0.2895   0.4608   0.4579   0.4643   0.0754   0.2606   0.6549 
  0.7794   0.8132   0.7432   0.9474   0.3793   0.9794   0.6384   0.6187 
  0.1583   0.6916   0.6599   0.6962   0.3418   0.4218   0.2080   0.0566 
  0.5013   0.8661   0.8181   0.8221   0.2707   0.8748   0.9764   0.6529 
---------------------------------------

Using simple hybrid approach: CPU data preparation + GPU computation
--- Output Correlation Matrix (Snippet) ---
  1.0000  -0.0079  -0.0189   0.0064  -0.0058   0.0126   0.0067  -0.0029 
 -0.0079   1.0000  -0.0219  -0.0305  -0.0129   0.0147  -0.0086   0.0305 
 -0.0189  -0.0219   1.0000   0.0110   0.0151   0.0069  -0.0076   0.0224 
  0.0064  -0.0305   0.0110   1.0000  -0.0143   0.0036   0.0036  -0.0167 
 -0.0058  -0.0129   0.0151  -0.0143   1.0000   0.0173  -0.0375  -0.0020 
  0.0126   0.0147   0.0069   0.0036   0.0173   1.0000  -0.0245   0.0187 
  0.0067  -0.0086  -0.0076   0.0036  -0.0375  -0.0245   1.0000  -0.0087 
 -0.0029   0.0305   0.0224  -0.0167  -0.0020   0.0187  -0.0087   1.0000 
---------------------------------------

Execution Time: 0.212191 seconds
Exit code: 0
Extracted time: 0.212191

=== hybrid (N=1000, M=500, iter=1) ===
Executing Hybrid (OpenMP + CUDA) Version
Matrix Size: N=1000, M=500
OpenMP threads: 8
GPU 0: NVIDIA GeForce MX230 (Compute 6.1, 4.00 GB)
--- Input Matrix (Snippet) ---
  0.1784   0.3997   0.1666   0.2121   0.0619   0.0541   0.2757   0.0478 
  0.7832   0.1713   0.3731   0.1762   0.4492   0.9714   0.9770   0.4063 
  0.8579   0.2793   0.3497   0.6058   0.0737   0.1928   0.5753   0.2738 
  0.5231   0.4570   0.4980   0.9980   0.9538   0.4599   0.6245   0.8193 
  0.2355   0.3513   0.2187   0.2880   0.0186   0.3609   0.1549   0.3504 
  0.2459   0.4850   0.0104   0.8695   0.6495   0.6553   0.0003   0.2781 
  0.6835   0.2185   0.1961   0.0248   0.6727   0.5442   0.9639   0.2818 
  0.7949   0.9540   0.3739   0.6583   0.6555   0.8941   0.8713   0.9372 
---------------------------------------

Using simple hybrid approach: CPU data preparation + GPU computation
--- Output Correlation Matrix (Snippet) ---
  1.0000   0.0256   0.0236  -0.0521   0.0384   0.0583   0.0019  -0.0393 
  0.0256   1.0000  -0.0126  -0.0000   0.0707   0.0208   0.0440  -0.0621 
  0.0236  -0.0126   1.0000  -0.0210  -0.0033   0.0142  -0.0386   0.0410 
 -0.0521  -0.0000  -0.0210   1.0000   0.0182   0.0262  -0.0804  -0.0467 
  0.0384   0.0707  -0.0033   0.0182   1.0000   0.0061  -0.0249  -0.0272 
  0.0583   0.0208   0.0142   0.0262   0.0061   1.0000  -0.1227   0.0816 
  0.0019   0.0440  -0.0386  -0.0804  -0.0249  -0.1227   1.0000   0.0038 
 -0.0393  -0.0621   0.0410  -0.0467  -0.0272   0.0816   0.0038   1.0000 
---------------------------------------

Execution Time: 0.170095 seconds
Exit code: 0
Extracted time: 0.170095

=== hybrid (N=1000, M=500, iter=2) ===
Executing Hybrid (OpenMP + CUDA) Version
Matrix Size: N=1000, M=500
OpenMP threads: 8
GPU 0: NVIDIA GeForce MX230 (Compute 6.1, 4.00 GB)
--- Input Matrix (Snippet) ---
  0.1784   0.3997   0.1666   0.2121   0.0619   0.0541   0.2757   0.0478 
  0.7832   0.1713   0.3731   0.1762   0.4492   0.9714   0.9770   0.4063 
  0.8579   0.2793   0.3497   0.6058   0.0737   0.1928   0.5753   0.2738 
  0.5231   0.4570   0.4980   0.9980   0.9538   0.4599   0.6245   0.8193 
  0.2355   0.3513   0.2187   0.2880   0.0186   0.3609   0.1549   0.3504 
  0.2459   0.4850   0.0104   0.8695   0.6495   0.6553   0.0003   0.2781 
  0.6835   0.2185   0.1961   0.0248   0.6727   0.5442   0.9639   0.2818 
  0.7949   0.9540   0.3739   0.6583   0.6555   0.8941   0.8713   0.9372 
---------------------------------------

Using simple hybrid approach: CPU data preparation + GPU computation
--- Output Correlation Matrix (Snippet) ---
  1.0000   0.0256   0.0236  -0.0521   0.0384   0.0583   0.0019  -0.0393 
  0.0256   1.0000  -0.0126  -0.0000   0.0707   0.0208   0.0440  -0.0621 
  0.0236  -0.0126   1.0000  -0.0210  -0.0033   0.0142  -0.0386   0.0410 
 -0.0521  -0.0000  -0.0210   1.0000   0.0182   0.0262  -0.0804  -0.0467 
  0.0384   0.0707  -0.0033   0.0182   1.0000   0.0061  -0.0249  -0.0272 
  0.0583   0.0208   0.0142   0.0262   0.0061   1.0000  -0.1227   0.0816 
  0.0019   0.0440  -0.0386  -0.0804  -0.0249  -0.1227   1.0000   0.0038 
 -0.0393  -0.0621   0.0410  -0.0467  -0.0272   0.0816   0.0038   1.0000 
---------------------------------------

Execution Time: 0.158542 seconds
Exit code: 0
Extracted time: 0.158542

=== hybrid (N=1000, M=500, iter=3) ===
Executing Hybrid (OpenMP + CUDA) Version
Matrix Size: N=1000, M=500
OpenMP threads: 8
GPU 0: NVIDIA GeForce MX230 (Compute 6.1, 4.00 GB)
--- Input Matrix (Snippet) ---
  0.1784   0.3997   0.1666   0.2121   0.0619   0.0541   0.2757   0.0478 
  0.7832   0.1713   0.3731   0.1762   0.4492   0.9714   0.9770   0.4063 
  0.8579   0.2793   0.3497   0.6058   0.0737   0.1928   0.5753   0.2738 
  0.5231   0.4570   0.4980   0.9980   0.9538   0.4599   0.6245   0.8193 
  0.2355   0.3513   0.2187   0.2880   0.0186   0.3609   0.1549   0.3504 
  0.2459   0.4850   0.0104   0.8695   0.6495   0.6553   0.0003   0.2781 
  0.6835   0.2185   0.1961   0.0248   0.6727   0.5442   0.9639   0.2818 
  0.7949   0.9540   0.3739   0.6583   0.6555   0.8941   0.8713   0.9372 
---------------------------------------

Using simple hybrid approach: CPU data preparation + GPU computation
--- Output Correlation Matrix (Snippet) ---
  1.0000   0.0256   0.0236  -0.0521   0.0384   0.0583   0.0019  -0.0393 
  0.0256   1.0000  -0.0126  -0.0000   0.0707   0.0208   0.0440  -0.0621 
  0.0236  -0.0126   1.0000  -0.0210  -0.0033   0.0142  -0.0386   0.0410 
 -0.0521  -0.0000  -0.0210   1.0000   0.0182   0.0262  -0.0804  -0.0467 
  0.0384   0.0707  -0.0033   0.0182   1.0000   0.0061  -0.0249  -0.0272 
  0.0583   0.0208   0.0142   0.0262   0.0061   1.0000  -0.1227   0.0816 
  0.0019   0.0440  -0.0386  -0.0804  -0.0249  -0.1227   1.0000   0.0038 
 -0.0393  -0.0621   0.0410  -0.0467  -0.0272   0.0816   0.0038   1.0000 
---------------------------------------

Execution Time: 0.169496 seconds
Exit code: 0
Extracted time: 0.169496

=== hybrid (N=1000, M=1000, iter=1) ===
Executing Hybrid (OpenMP + CUDA) Version
Matrix Size: N=1000, M=1000
OpenMP threads: 8
GPU 0: NVIDIA GeForce MX230 (Compute 6.1, 4.00 GB)
--- Input Matrix (Snippet) ---
  0.1784   0.3997   0.1666   0.2121   0.0619   0.0541   0.2757   0.0478 
  0.8579   0.2793   0.3497   0.6058   0.0737   0.1928   0.5753   0.2738 
  0.2355   0.3513   0.2187   0.2880   0.0186   0.3609   0.1549   0.3504 
  0.6835   0.2185   0.1961   0.0248   0.6727   0.5442   0.9639   0.2818 
  0.7361   0.6262   0.2348   0.0727   0.7465   0.0340   0.4242   0.2949 
  0.9063   0.4440   0.7253   0.1379   0.7956   0.9051   0.0964   0.8206 
  0.1672   0.1685   0.5519   0.6728   0.6104   0.7387   0.7906   0.5769 
  0.3751   0.2483   0.8508   0.0803   0.3567   0.4930   0.2261   0.4608 
---------------------------------------

Using simple hybrid approach: CPU data preparation + GPU computation
--- Output Correlation Matrix (Snippet) ---
  1.0000   0.0109   0.0293  -0.0304   0.0102   0.0139   0.0044  -0.0106 
  0.0109   1.0000   0.0119  -0.0427  -0.0041  -0.0632  -0.0605  -0.0605 
  0.0293   0.0119   1.0000   0.0276   0.0204   0.0119   0.0083   0.0077 
 -0.0304  -0.0427   0.0276   1.0000   0.0269   0.0239   0.0206   0.0100 
  0.0102  -0.0041   0.0204   0.0269   1.0000   0.0015  -0.0140  -0.0381 
  0.0139  -0.0632   0.0119   0.0239   0.0015   1.0000  -0.0124   0.0481 
  0.0044  -0.0605   0.0083   0.0206  -0.0140  -0.0124   1.0000   0.0370 
 -0.0106  -0.0605   0.0077   0.0100  -0.0381   0.0481   0.0370   1.0000 
---------------------------------------

Execution Time: 0.211754 seconds
Exit code: 0
Extracted time: 0.211754

=== hybrid (N=1000, M=1000, iter=2) ===
Executing Hybrid (OpenMP + CUDA) Version
Matrix Size: N=1000, M=1000
OpenMP threads: 8
GPU 0: NVIDIA GeForce MX230 (Compute 6.1, 4.00 GB)
--- Input Matrix (Snippet) ---
  0.1784   0.3997   0.1666   0.2121   0.0619   0.0541   0.2757   0.0478 
  0.8579   0.2793   0.3497   0.6058   0.0737   0.1928   0.5753   0.2738 
  0.2355   0.3513   0.2187   0.2880   0.0186   0.3609   0.1549   0.3504 
  0.6835   0.2185   0.1961   0.0248   0.6727   0.5442   0.9639   0.2818 
  0.7361   0.6262   0.2348   0.0727   0.7465   0.0340   0.4242   0.2949 
  0.9063   0.4440   0.7253   0.1379   0.7956   0.9051   0.0964   0.8206 
  0.1672   0.1685   0.5519   0.6728   0.6104   0.7387   0.7906   0.5769 
  0.3751   0.2483   0.8508   0.0803   0.3567   0.4930   0.2261   0.4608 
---------------------------------------

Using simple hybrid approach: CPU data preparation + GPU computation
--- Output Correlation Matrix (Snippet) ---
  1.0000   0.0109   0.0293  -0.0304   0.0102   0.0139   0.0044  -0.0106 
  0.0109   1.0000   0.0119  -0.0427  -0.0041  -0.0632  -0.0605  -0.0605 
  0.0293   0.0119   1.0000   0.0276   0.0204   0.0119   0.0083   0.0077 
 -0.0304  -0.0427   0.0276   1.0000   0.0269   0.0239   0.0206   0.0100 
  0.0102  -0.0041   0.0204   0.0269   1.0000   0.0015  -0.0140  -0.0381 
  0.0139  -0.0632   0.0119   0.0239   0.0015   1.0000  -0.0124   0.0481 
  0.0044  -0.0605   0.0083   0.0206  -0.0140  -0.0124   1.0000   0.0370 
 -0.0106  -0.0605   0.0077   0.0100  -0.0381   0.0481   0.0370   1.0000 
---------------------------------------

Execution Time: 0.216242 seconds
Exit code: 0
Extracted time: 0.216242

=== hybrid (N=1000, M=1000, iter=3) ===
Executing Hybrid (OpenMP + CUDA) Version
Matrix Size: N=1000, M=1000
OpenMP threads: 8
GPU 0: NVIDIA GeForce MX230 (Compute 6.1, 4.00 GB)
--- Input Matrix (Snippet) ---
  0.1784   0.3997   0.1666   0.2121   0.0619   0.0541   0.2757   0.0478 
  0.8579   0.2793   0.3497   0.6058   0.0737   0.1928   0.5753   0.2738 
  0.2355   0.3513   0.2187   0.2880   0.0186   0.3609   0.1549   0.3504 
  0.6835   0.2185   0.1961   0.0248   0.6727   0.5442   0.9639   0.2818 
  0.7361   0.6262   0.2348   0.0727   0.7465   0.0340   0.4242   0.2949 
  0.9063   0.4440   0.7253   0.1379   0.7956   0.9051   0.0964   0.8206 
  0.1672   0.1685   0.5519   0.6728   0.6104   0.7387   0.7906   0.5769 
  0.3751   0.2483   0.8508   0.0803   0.3567   0.4930   0.2261   0.4608 
---------------------------------------

Using simple hybrid approach: CPU data preparation + GPU computation
--- Output Correlation Matrix (Snippet) ---
  1.0000   0.0109   0.0293  -0.0304   0.0102   0.0139   0.0044  -0.0106 
  0.0109   1.0000   0.0119  -0.0427  -0.0041  -0.0632  -0.0605  -0.0605 
  0.0293   0.0119   1.0000   0.0276   0.0204   0.0119   0.0083   0.0077 
 -0.0304  -0.0427   0.0276   1.0000   0.0269   0.0239   0.0206   0.0100 
  0.0102  -0.0041   0.0204   0.0269   1.0000   0.0015  -0.0140  -0.0381 
  0.0139  -0.0632   0.0119   0.0239   0.0015   1.0000  -0.0124   0.0481 
  0.0044  -0.0605   0.0083   0.0206  -0.0140  -0.0124   1.0000   0.0370 
 -0.0106  -0.0605   0.0077   0.0100  -0.0381   0.0481   0.0370   1.0000 
---------------------------------------

Execution Time: 0.215143 seconds
Exit code: 0
Extracted time: 0.215143

=== hybrid (N=1000, M=1500, iter=1) ===
Executing Hybrid (OpenMP + CUDA) Version
Matrix Size: N=1000, M=1500
OpenMP threads: 8
GPU 0: NVIDIA GeForce MX230 (Compute 6.1, 4.00 GB)
--- Input Matrix (Snippet) ---
  0.1784   0.3997   0.1666   0.2121   0.0619   0.0541   0.2757   0.0478 
  0.5231   0.4570   0.4980   0.9980   0.9538   0.4599   0.6245   0.8193 
  0.6835   0.2185   0.1961   0.0248   0.6727   0.5442   0.9639   0.2818 
  0.6730   0.3860   0.7919   0.3859   0.4882   0.1123   0.5655   0.3819 
  0.1672   0.1685   0.5519   0.6728   0.6104   0.7387   0.7906   0.5769 
  0.2896   0.8828   0.9025   0.7990   0.6499   0.1416   0.2104   0.8247 
  0.4815   0.6118   0.5401   0.8225   0.6975   0.4157   0.2738   0.2554 
  0.5062   0.5588   0.9413   0.5000   0.5328   0.1062   0.3400   0.7122 
---------------------------------------

Using simple hybrid approach: CPU data preparation + GPU computation
--- Output Correlation Matrix (Snippet) ---
  1.0000   0.0111  -0.0267  -0.0267  -0.0210   0.0113   0.0004   0.0095 
  0.0111   1.0000  -0.0268   0.0110   0.0518  -0.0168   0.0241   0.0123 
 -0.0267  -0.0268   1.0000   0.0289   0.0020  -0.0170  -0.0226  -0.0030 
 -0.0267   0.0110   0.0289   1.0000   0.0178  -0.0459   0.0215  -0.0381 
 -0.0210   0.0518   0.0020   0.0178   1.0000   0.0124  -0.0130  -0.0079 
  0.0113  -0.0168  -0.0170  -0.0459   0.0124   1.0000   0.0043   0.0352 
  0.0004   0.0241  -0.0226   0.0215  -0.0130   0.0043   1.0000  -0.0296 
  0.0095   0.0123  -0.0030  -0.0381  -0.0079   0.0352  -0.0296   1.0000 
---------------------------------------

Execution Time: 0.262556 seconds
Exit code: 0
Extracted time: 0.262556

=== hybrid (N=1000, M=1500, iter=2) ===
Executing Hybrid (OpenMP + CUDA) Version
Matrix Size: N=1000, M=1500
OpenMP threads: 8
GPU 0: NVIDIA GeForce MX230 (Compute 6.1, 4.00 GB)
--- Input Matrix (Snippet) ---
  0.1784   0.3997   0.1666   0.2121   0.0619   0.0541   0.2757   0.0478 
  0.5231   0.4570   0.4980   0.9980   0.9538   0.4599   0.6245   0.8193 
  0.6835   0.2185   0.1961   0.0248   0.6727   0.5442   0.9639   0.2818 
  0.6730   0.3860   0.7919   0.3859   0.4882   0.1123   0.5655   0.3819 
  0.1672   0.1685   0.5519   0.6728   0.6104   0.7387   0.7906   0.5769 
  0.2896   0.8828   0.9025   0.7990   0.6499   0.1416   0.2104   0.8247 
  0.4815   0.6118   0.5401   0.8225   0.6975   0.4157   0.2738   0.2554 
  0.5062   0.5588   0.9413   0.5000   0.5328   0.1062   0.3400   0.7122 
---------------------------------------

Using simple hybrid approach: CPU data preparation + GPU computation
--- Output Correlation Matrix (Snippet) ---
  1.0000   0.0111  -0.0267  -0.0267  -0.0210   0.0113   0.0004   0.0095 
  0.0111   1.0000  -0.0268   0.0110   0.0518  -0.0168   0.0241   0.0123 
 -0.0267  -0.0268   1.0000   0.0289   0.0020  -0.0170  -0.0226  -0.0030 
 -0.0267   0.0110   0.0289   1.0000   0.0178  -0.0459   0.0215  -0.0381 
 -0.0210   0.0518   0.0020   0.0178   1.0000   0.0124  -0.0130  -0.0079 
  0.0113  -0.0168  -0.0170  -0.0459   0.0124   1.0000   0.0043   0.0352 
  0.0004   0.0241  -0.0226   0.0215  -0.0130   0.0043   1.0000  -0.0296 
  0.0095   0.0123  -0.0030  -0.0381  -0.0079   0.0352  -0.0296   1.0000 
---------------------------------------

Execution Time: 0.265198 seconds
Exit code: 0
Extracted time: 0.265198

=== hybrid (N=1000, M=1500, iter=3) ===
Executing Hybrid (OpenMP + CUDA) Version
Matrix Size: N=1000, M=1500
OpenMP threads: 8
GPU 0: NVIDIA GeForce MX230 (Compute 6.1, 4.00 GB)
--- Input Matrix (Snippet) ---
  0.1784   0.3997   0.1666   0.2121   0.0619   0.0541   0.2757   0.0478 
  0.5231   0.4570   0.4980   0.9980   0.9538   0.4599   0.6245   0.8193 
  0.6835   0.2185   0.1961   0.0248   0.6727   0.5442   0.9639   0.2818 
  0.6730   0.3860   0.7919   0.3859   0.4882   0.1123   0.5655   0.3819 
  0.1672   0.1685   0.5519   0.6728   0.6104   0.7387   0.7906   0.5769 
  0.2896   0.8828   0.9025   0.7990   0.6499   0.1416   0.2104   0.8247 
  0.4815   0.6118   0.5401   0.8225   0.6975   0.4157   0.2738   0.2554 
  0.5062   0.5588   0.9413   0.5000   0.5328   0.1062   0.3400   0.7122 
---------------------------------------

Using simple hybrid approach: CPU data preparation + GPU computation
--- Output Correlation Matrix (Snippet) ---
  1.0000   0.0111  -0.0267  -0.0267  -0.0210   0.0113   0.0004   0.0095 
  0.0111   1.0000  -0.0268   0.0110   0.0518  -0.0168   0.0241   0.0123 
 -0.0267  -0.0268   1.0000   0.0289   0.0020  -0.0170  -0.0226  -0.0030 
 -0.0267   0.0110   0.0289   1.0000   0.0178  -0.0459   0.0215  -0.0381 
 -0.0210   0.0518   0.0020   0.0178   1.0000   0.0124  -0.0130  -0.0079 
  0.0113  -0.0168  -0.0170  -0.0459   0.0124   1.0000   0.0043   0.0352 
  0.0004   0.0241  -0.0226   0.0215  -0.0130   0.0043   1.0000  -0.0296 
  0.0095   0.0123  -0.0030  -0.0381  -0.0079   0.0352  -0.0296   1.0000 
---------------------------------------

Execution Time: 0.256921 seconds
Exit code: 0
Extracted time: 0.256921

=== hybrid (N=1000, M=2000, iter=1) ===
Executing Hybrid (OpenMP + CUDA) Version
Matrix Size: N=1000, M=2000
OpenMP threads: 8
GPU 0: NVIDIA GeForce MX230 (Compute 6.1, 4.00 GB)
--- Input Matrix (Snippet) ---
  0.1784   0.3997   0.1666   0.2121   0.0619   0.0541   0.2757   0.0478 
  0.2355   0.3513   0.2187   0.2880   0.0186   0.3609   0.1549   0.3504 
  0.7361   0.6262   0.2348   0.0727   0.7465   0.0340   0.4242   0.2949 
  0.1672   0.1685   0.5519   0.6728   0.6104   0.7387   0.7906   0.5769 
  0.9290   0.7971   0.1292   0.8444   0.4470   0.9848   0.7467   0.6753 
  0.6577   0.0369   0.3331   0.8758   0.2217   0.6708   0.6280   0.0000 
  0.9311   0.2895   0.4608   0.4579   0.4643   0.0754   0.2606   0.6549 
  0.2649   0.2373   0.6548   0.4642   0.2228   0.6153   0.1826   0.9288 
---------------------------------------

Using simple hybrid approach: CPU data preparation + GPU computation
--- Output Correlation Matrix (Snippet) ---
  1.0000  -0.0069  -0.0270  -0.0283   0.0410  -0.0121  -0.0445  -0.0154 
 -0.0069   1.0000   0.0227   0.0096  -0.0277  -0.0158   0.0245   0.0515 
 -0.0270   0.0227   1.0000   0.0181  -0.0084  -0.0181   0.0164   0.0039 
 -0.0283   0.0096   0.0181   1.0000  -0.0407   0.0316   0.0226   0.0055 
  0.0410  -0.0277  -0.0084  -0.0407   1.0000  -0.0453   0.0127  -0.0128 
 -0.0121  -0.0158  -0.0181   0.0316  -0.0453   1.0000  -0.0070  -0.0285 
 -0.0445   0.0245   0.0164   0.0226   0.0127  -0.0070   1.0000   0.0225 
 -0.0154   0.0515   0.0039   0.0055  -0.0128  -0.0285   0.0225   1.0000 
---------------------------------------

Execution Time: 0.293859 seconds
Exit code: 0
Extracted time: 0.293859

=== hybrid (N=1000, M=2000, iter=2) ===
Executing Hybrid (OpenMP + CUDA) Version
Matrix Size: N=1000, M=2000
OpenMP threads: 8
GPU 0: NVIDIA GeForce MX230 (Compute 6.1, 4.00 GB)
--- Input Matrix (Snippet) ---
  0.1784   0.3997   0.1666   0.2121   0.0619   0.0541   0.2757   0.0478 
  0.2355   0.3513   0.2187   0.2880   0.0186   0.3609   0.1549   0.3504 
  0.7361   0.6262   0.2348   0.0727   0.7465   0.0340   0.4242   0.2949 
  0.1672   0.1685   0.5519   0.6728   0.6104   0.7387   0.7906   0.5769 
  0.9290   0.7971   0.1292   0.8444   0.4470   0.9848   0.7467   0.6753 
  0.6577   0.0369   0.3331   0.8758   0.2217   0.6708   0.6280   0.0000 
  0.9311   0.2895   0.4608   0.4579   0.4643   0.0754   0.2606   0.6549 
  0.2649   0.2373   0.6548   0.4642   0.2228   0.6153   0.1826   0.9288 
---------------------------------------

Using simple hybrid approach: CPU data preparation + GPU computation
--- Output Correlation Matrix (Snippet) ---
  1.0000  -0.0069  -0.0270  -0.0283   0.0410  -0.0121  -0.0445  -0.0154 
 -0.0069   1.0000   0.0227   0.0096  -0.0277  -0.0158   0.0245   0.0515 
 -0.0270   0.0227   1.0000   0.0181  -0.0084  -0.0181   0.0164   0.0039 
 -0.0283   0.0096   0.0181   1.0000  -0.0407   0.0316   0.0226   0.0055 
  0.0410  -0.0277  -0.0084  -0.0407   1.0000  -0.0453   0.0127  -0.0128 
 -0.0121  -0.0158  -0.0181   0.0316  -0.0453   1.0000  -0.0070  -0.0285 
 -0.0445   0.0245   0.0164   0.0226   0.0127  -0.0070   1.0000   0.0225 
 -0.0154   0.0515   0.0039   0.0055  -0.0128  -0.0285   0.0225   1.0000 
---------------------------------------

Execution Time: 0.303242 seconds
Exit code: 0
Extracted time: 0.303242

=== hybrid (N=1000, M=2000, iter=3) ===
Executing Hybrid (OpenMP + CUDA) Version
Matrix Size: N=1000, M=2000
OpenMP threads: 8
GPU 0: NVIDIA GeForce MX230 (Compute 6.1, 4.00 GB)
--- Input Matrix (Snippet) ---
  0.1784   0.3997   0.1666   0.2121   0.0619   0.0541   0.2757   0.0478 
  0.2355   0.3513   0.2187   0.2880   0.0186   0.3609   0.1549   0.3504 
  0.7361   0.6262   0.2348   0.0727   0.7465   0.0340   0.4242   0.2949 
  0.1672   0.1685   0.5519   0.6728   0.6104   0.7387   0.7906   0.5769 
  0.9290   0.7971   0.1292   0.8444   0.4470   0.9848   0.7467   0.6753 
  0.6577   0.0369   0.3331   0.8758   0.2217   0.6708   0.6280   0.0000 
  0.9311   0.2895   0.4608   0.4579   0.4643   0.0754   0.2606   0.6549 
  0.2649   0.2373   0.6548   0.4642   0.2228   0.6153   0.1826   0.9288 
---------------------------------------

Using simple hybrid approach: CPU data preparation + GPU computation
--- Output Correlation Matrix (Snippet) ---
  1.0000  -0.0069  -0.0270  -0.0283   0.0410  -0.0121  -0.0445  -0.0154 
 -0.0069   1.0000   0.0227   0.0096  -0.0277  -0.0158   0.0245   0.0515 
 -0.0270   0.0227   1.0000   0.0181  -0.0084  -0.0181   0.0164   0.0039 
 -0.0283   0.0096   0.0181   1.0000  -0.0407   0.0316   0.0226   0.0055 
  0.0410  -0.0277  -0.0084  -0.0407   1.0000  -0.0453   0.0127  -0.0128 
 -0.0121  -0.0158  -0.0181   0.0316  -0.0453   1.0000  -0.0070  -0.0285 
 -0.0445   0.0245   0.0164   0.0226   0.0127  -0.0070   1.0000   0.0225 
 -0.0154   0.0515   0.0039   0.0055  -0.0128  -0.0285   0.0225   1.0000 
---------------------------------------

Execution Time: 0.321946 seconds
Exit code: 0
Extracted time: 0.321946

=== hybrid (N=1000, M=2500, iter=1) ===
Executing Hybrid (OpenMP + CUDA) Version
Matrix Size: N=1000, M=2500
OpenMP threads: 8
GPU 0: NVIDIA GeForce MX230 (Compute 6.1, 4.00 GB)
--- Input Matrix (Snippet) ---
  0.1784   0.3997   0.1666   0.2121   0.0619   0.0541   0.2757   0.0478 
  0.2459   0.4850   0.0104   0.8695   0.6495   0.6553   0.0003   0.2781 
  0.9063   0.4440   0.7253   0.1379   0.7956   0.9051   0.0964   0.8206 
  0.2896   0.8828   0.9025   0.7990   0.6499   0.1416   0.2104   0.8247 
  0.6577   0.0369   0.3331   0.8758   0.2217   0.6708   0.6280   0.0000 
  0.0891   0.9237   0.8383   0.8221   0.7560   0.6990   0.3387   0.4892 
  0.7794   0.8132   0.7432   0.9474   0.3793   0.9794   0.6384   0.6187 
  0.0842   0.1832   0.3542   0.9223   0.4774   0.3511   0.6550   0.4676 
---------------------------------------

Using simple hybrid approach: CPU data preparation + GPU computation
--- Output Correlation Matrix (Snippet) ---
  1.0000   0.0305  -0.0212   0.0233  -0.0160  -0.0192   0.0017  -0.0016 
  0.0305   1.0000   0.0092   0.0212   0.0022   0.0280  -0.0362  -0.0159 
 -0.0212   0.0092   1.0000  -0.0060   0.0119   0.0228  -0.0218  -0.0016 
  0.0233   0.0212  -0.0060   1.0000  -0.0190  -0.0385  -0.0178   0.0073 
 -0.0160   0.0022   0.0119  -0.0190   1.0000   0.0217   0.0011  -0.0372 
 -0.0192   0.0280   0.0228  -0.0385   0.0217   1.0000  -0.0358  -0.0005 
  0.0017  -0.0362  -0.0218  -0.0178   0.0011  -0.0358   1.0000   0.0276 
 -0.0016  -0.0159  -0.0016   0.0073  -0.0372  -0.0005   0.0276   1.0000 
---------------------------------------

Execution Time: 0.356303 seconds
Exit code: 0
Extracted time: 0.356303

=== hybrid (N=1000, M=2500, iter=2) ===
Executing Hybrid (OpenMP + CUDA) Version
Matrix Size: N=1000, M=2500
OpenMP threads: 8
GPU 0: NVIDIA GeForce MX230 (Compute 6.1, 4.00 GB)
--- Input Matrix (Snippet) ---
  0.1784   0.3997   0.1666   0.2121   0.0619   0.0541   0.2757   0.0478 
  0.2459   0.4850   0.0104   0.8695   0.6495   0.6553   0.0003   0.2781 
  0.9063   0.4440   0.7253   0.1379   0.7956   0.9051   0.0964   0.8206 
  0.2896   0.8828   0.9025   0.7990   0.6499   0.1416   0.2104   0.8247 
  0.6577   0.0369   0.3331   0.8758   0.2217   0.6708   0.6280   0.0000 
  0.0891   0.9237   0.8383   0.8221   0.7560   0.6990   0.3387   0.4892 
  0.7794   0.8132   0.7432   0.9474   0.3793   0.9794   0.6384   0.6187 
  0.0842   0.1832   0.3542   0.9223   0.4774   0.3511   0.6550   0.4676 
---------------------------------------

Using simple hybrid approach: CPU data preparation + GPU computation
--- Output Correlation Matrix (Snippet) ---
  1.0000   0.0305  -0.0212   0.0233  -0.0160  -0.0192   0.0017  -0.0016 
  0.0305   1.0000   0.0092   0.0212   0.0022   0.0280  -0.0362  -0.0159 
 -0.0212   0.0092   1.0000  -0.0060   0.0119   0.0228  -0.0218  -0.0016 
  0.0233   0.0212  -0.0060   1.0000  -0.0190  -0.0385  -0.0178   0.0073 
 -0.0160   0.0022   0.0119  -0.0190   1.0000   0.0217   0.0011  -0.0372 
 -0.0192   0.0280   0.0228  -0.0385   0.0217   1.0000  -0.0358  -0.0005 
  0.0017  -0.0362  -0.0218  -0.0178   0.0011  -0.0358   1.0000   0.0276 
 -0.0016  -0.0159  -0.0016   0.0073  -0.0372  -0.0005   0.0276   1.0000 
---------------------------------------

Execution Time: 0.386891 seconds
Exit code: 0
Extracted time: 0.386891

=== hybrid (N=1000, M=2500, iter=3) ===
Executing Hybrid (OpenMP + CUDA) Version
Matrix Size: N=1000, M=2500
OpenMP threads: 8
GPU 0: NVIDIA GeForce MX230 (Compute 6.1, 4.00 GB)
--- Input Matrix (Snippet) ---
  0.1784   0.3997   0.1666   0.2121   0.0619   0.0541   0.2757   0.0478 
  0.2459   0.4850   0.0104   0.8695   0.6495   0.6553   0.0003   0.2781 
  0.9063   0.4440   0.7253   0.1379   0.7956   0.9051   0.0964   0.8206 
  0.2896   0.8828   0.9025   0.7990   0.6499   0.1416   0.2104   0.8247 
  0.6577   0.0369   0.3331   0.8758   0.2217   0.6708   0.6280   0.0000 
  0.0891   0.9237   0.8383   0.8221   0.7560   0.6990   0.3387   0.4892 
  0.7794   0.8132   0.7432   0.9474   0.3793   0.9794   0.6384   0.6187 
  0.0842   0.1832   0.3542   0.9223   0.4774   0.3511   0.6550   0.4676 
---------------------------------------

Using simple hybrid approach: CPU data preparation + GPU computation
--- Output Correlation Matrix (Snippet) ---
  1.0000   0.0305  -0.0212   0.0233  -0.0160  -0.0192   0.0017  -0.0016 
  0.0305   1.0000   0.0092   0.0212   0.0022   0.0280  -0.0362  -0.0159 
 -0.0212   0.0092   1.0000  -0.0060   0.0119   0.0228  -0.0218  -0.0016 
  0.0233   0.0212  -0.0060   1.0000  -0.0190  -0.0385  -0.0178   0.0073 
 -0.0160   0.0022   0.0119  -0.0190   1.0000   0.0217   0.0011  -0.0372 
 -0.0192   0.0280   0.0228  -0.0385   0.0217   1.0000  -0.0358  -0.0005 
  0.0017  -0.0362  -0.0218  -0.0178   0.0011  -0.0358   1.0000   0.0276 
 -0.0016  -0.0159  -0.0016   0.0073  -0.0372  -0.0005   0.0276   1.0000 
---------------------------------------

Execution Time: 0.357442 seconds
Exit code: 0
Extracted time: 0.357442

=== hybrid (N=1000, M=3000, iter=1) ===
Executing Hybrid (OpenMP + CUDA) Version
Matrix Size: N=1000, M=3000
OpenMP threads: 8
GPU 0: NVIDIA GeForce MX230 (Compute 6.1, 4.00 GB)
--- Input Matrix (Snippet) ---
  0.1784   0.3997   0.1666   0.2121   0.0619   0.0541   0.2757   0.0478 
  0.6835   0.2185   0.1961   0.0248   0.6727   0.5442   0.9639   0.2818 
  0.1672   0.1685   0.5519   0.6728   0.6104   0.7387   0.7906   0.5769 
  0.4815   0.6118   0.5401   0.8225   0.6975   0.4157   0.2738   0.2554 
  0.9311   0.2895   0.4608   0.4579   0.4643   0.0754   0.2606   0.6549 
  0.7794   0.8132   0.7432   0.9474   0.3793   0.9794   0.6384   0.6187 
  0.1583   0.6916   0.6599   0.6962   0.3418   0.4218   0.2080   0.0566 
  0.5013   0.8661   0.8181   0.8221   0.2707   0.8748   0.9764   0.6529 
---------------------------------------

Using simple hybrid approach: CPU data preparation + GPU computation
--- Output Correlation Matrix (Snippet) ---
  1.0000  -0.0079  -0.0189   0.0064  -0.0058   0.0126   0.0067  -0.0029 
 -0.0079   1.0000  -0.0219  -0.0305  -0.0129   0.0147  -0.0086   0.0305 
 -0.0189  -0.0219   1.0000   0.0110   0.0151   0.0069  -0.0076   0.0224 
  0.0064  -0.0305   0.0110   1.0000  -0.0143   0.0036   0.0036  -0.0167 
 -0.0058  -0.0129   0.0151  -0.0143   1.0000   0.0173  -0.0375  -0.0020 
  0.0126   0.0147   0.0069   0.0036   0.0173   1.0000  -0.0245   0.0187 
  0.0067  -0.0086  -0.0076   0.0036  -0.0375  -0.0245   1.0000  -0.0087 
 -0.0029   0.0305   0.0224  -0.0167  -0.0020   0.0187  -0.0087   1.0000 
---------------------------------------

Execution Time: 0.409313 seconds
Exit code: 0
Extracted time: 0.409313

=== hybrid (N=1000, M=3000, iter=2) ===
Executing Hybrid (OpenMP + CUDA) Version
Matrix Size: N=1000, M=3000
OpenMP threads: 8
GPU 0: NVIDIA GeForce MX230 (Compute 6.1, 4.00 GB)
--- Input Matrix (Snippet) ---
  0.1784   0.3997   0.1666   0.2121   0.0619   0.0541   0.2757   0.0478 
  0.6835   0.2185   0.1961   0.0248   0.6727   0.5442   0.9639   0.2818 
  0.1672   0.1685   0.5519   0.6728   0.6104   0.7387   0.7906   0.5769 
  0.4815   0.6118   0.5401   0.8225   0.6975   0.4157   0.2738   0.2554 
  0.9311   0.2895   0.4608   0.4579   0.4643   0.0754   0.2606   0.6549 
  0.7794   0.8132   0.7432   0.9474   0.3793   0.9794   0.6384   0.6187 
  0.1583   0.6916   0.6599   0.6962   0.3418   0.4218   0.2080   0.0566 
  0.5013   0.8661   0.8181   0.8221   0.2707   0.8748   0.9764   0.6529 
---------------------------------------

Using simple hybrid approach: CPU data preparation + GPU computation
--- Output Correlation Matrix (Snippet) ---
  1.0000  -0.0079  -0.0189   0.0064  -0.0058   0.0126   0.0067  -0.0029 
 -0.0079   1.0000  -0.0219  -0.0305  -0.0129   0.0147  -0.0086   0.0305 
 -0.0189  -0.0219   1.0000   0.0110   0.0151   0.0069  -0.0076   0.0224 
  0.0064  -0.0305   0.0110   1.0000  -0.0143   0.0036   0.0036  -0.0167 
 -0.0058  -0.0129   0.0151  -0.0143   1.0000   0.0173  -0.0375  -0.0020 
  0.0126   0.0147   0.0069   0.0036   0.0173   1.0000  -0.0245   0.0187 
  0.0067  -0.0086  -0.0076   0.0036  -0.0375  -0.0245   1.0000  -0.0087 
 -0.0029   0.0305   0.0224  -0.0167  -0.0020   0.0187  -0.0087   1.0000 
---------------------------------------

Execution Time: 0.451837 seconds
Exit code: 0
Extracted time: 0.451837

=== hybrid (N=1000, M=3000, iter=3) ===
Executing Hybrid (OpenMP + CUDA) Version
Matrix Size: N=1000, M=3000
OpenMP threads: 8
GPU 0: NVIDIA GeForce MX230 (Compute 6.1, 4.00 GB)
--- Input Matrix (Snippet) ---
  0.1784   0.3997   0.1666   0.2121   0.0619   0.0541   0.2757   0.0478 
  0.6835   0.2185   0.1961   0.0248   0.6727   0.5442   0.9639   0.2818 
  0.1672   0.1685   0.5519   0.6728   0.6104   0.7387   0.7906   0.5769 
  0.4815   0.6118   0.5401   0.8225   0.6975   0.4157   0.2738   0.2554 
  0.9311   0.2895   0.4608   0.4579   0.4643   0.0754   0.2606   0.6549 
  0.7794   0.8132   0.7432   0.9474   0.3793   0.9794   0.6384   0.6187 
  0.1583   0.6916   0.6599   0.6962   0.3418   0.4218   0.2080   0.0566 
  0.5013   0.8661   0.8181   0.8221   0.2707   0.8748   0.9764   0.6529 
---------------------------------------

Using simple hybrid approach: CPU data preparation + GPU computation
--- Output Correlation Matrix (Snippet) ---
  1.0000  -0.0079  -0.0189   0.0064  -0.0058   0.0126   0.0067  -0.0029 
 -0.0079   1.0000  -0.0219  -0.0305  -0.0129   0.0147  -0.0086   0.0305 
 -0.0189  -0.0219   1.0000   0.0110   0.0151   0.0069  -0.0076   0.0224 
  0.0064  -0.0305   0.0110   1.0000  -0.0143   0.0036   0.0036  -0.0167 
 -0.0058  -0.0129   0.0151  -0.0143   1.0000   0.0173  -0.0375  -0.0020 
  0.0126   0.0147   0.0069   0.0036   0.0173   1.0000  -0.0245   0.0187 
  0.0067  -0.0086  -0.0076   0.0036  -0.0375  -0.0245   1.0000  -0.0087 
 -0.0029   0.0305   0.0224  -0.0167  -0.0020   0.0187  -0.0087   1.0000 
---------------------------------------

Execution Time: 0.390390 seconds
Exit code: 0
Extracted time: 0.390390

=== hybrid (N=1500, M=500, iter=1) ===
Executing Hybrid (OpenMP + CUDA) Version
Matrix Size: N=1500, M=500
OpenMP threads: 8
GPU 0: NVIDIA GeForce MX230 (Compute 6.1, 4.00 GB)
--- Input Matrix (Snippet) ---
  0.1784   0.3997   0.1666   0.2121   0.0619   0.0541   0.2757   0.0478 
  0.7832   0.1713   0.3731   0.1762   0.4492   0.9714   0.9770   0.4063 
  0.8579   0.2793   0.3497   0.6058   0.0737   0.1928   0.5753   0.2738 
  0.5231   0.4570   0.4980   0.9980   0.9538   0.4599   0.6245   0.8193 
  0.2355   0.3513   0.2187   0.2880   0.0186   0.3609   0.1549   0.3504 
  0.2459   0.4850   0.0104   0.8695   0.6495   0.6553   0.0003   0.2781 
  0.6835   0.2185   0.1961   0.0248   0.6727   0.5442   0.9639   0.2818 
  0.7949   0.9540   0.3739   0.6583   0.6555   0.8941   0.8713   0.9372 
---------------------------------------

Using simple hybrid approach: CPU data preparation + GPU computation
--- Output Correlation Matrix (Snippet) ---
  1.0000   0.0256   0.0236  -0.0521   0.0384   0.0583   0.0019  -0.0393 
  0.0256   1.0000  -0.0126  -0.0000   0.0707   0.0208   0.0440  -0.0621 
  0.0236  -0.0126   1.0000  -0.0210  -0.0033   0.0142  -0.0386   0.0410 
 -0.0521  -0.0000  -0.0210   1.0000   0.0182   0.0262  -0.0804  -0.0467 
  0.0384   0.0707  -0.0033   0.0182   1.0000   0.0061  -0.0249  -0.0272 
  0.0583   0.0208   0.0142   0.0262   0.0061   1.0000  -0.1227   0.0816 
  0.0019   0.0440  -0.0386  -0.0804  -0.0249  -0.1227   1.0000   0.0038 
 -0.0393  -0.0621   0.0410  -0.0467  -0.0272   0.0816   0.0038   1.0000 
---------------------------------------

Execution Time: 0.233142 seconds
Exit code: 0
Extracted time: 0.233142

=== hybrid (N=1500, M=500, iter=2) ===
Executing Hybrid (OpenMP + CUDA) Version
Matrix Size: N=1500, M=500
OpenMP threads: 8
GPU 0: NVIDIA GeForce MX230 (Compute 6.1, 4.00 GB)
--- Input Matrix (Snippet) ---
  0.1784   0.3997   0.1666   0.2121   0.0619   0.0541   0.2757   0.0478 
  0.7832   0.1713   0.3731   0.1762   0.4492   0.9714   0.9770   0.4063 
  0.8579   0.2793   0.3497   0.6058   0.0737   0.1928   0.5753   0.2738 
  0.5231   0.4570   0.4980   0.9980   0.9538   0.4599   0.6245   0.8193 
  0.2355   0.3513   0.2187   0.2880   0.0186   0.3609   0.1549   0.3504 
  0.2459   0.4850   0.0104   0.8695   0.6495   0.6553   0.0003   0.2781 
  0.6835   0.2185   0.1961   0.0248   0.6727   0.5442   0.9639   0.2818 
  0.7949   0.9540   0.3739   0.6583   0.6555   0.8941   0.8713   0.9372 
---------------------------------------

Using simple hybrid approach: CPU data preparation + GPU computation
--- Output Correlation Matrix (Snippet) ---
  1.0000   0.0256   0.0236  -0.0521   0.0384   0.0583   0.0019  -0.0393 
  0.0256   1.0000  -0.0126  -0.0000   0.0707   0.0208   0.0440  -0.0621 
  0.0236  -0.0126   1.0000  -0.0210  -0.0033   0.0142  -0.0386   0.0410 
 -0.0521  -0.0000  -0.0210   1.0000   0.0182   0.0262  -0.0804  -0.0467 
  0.0384   0.0707  -0.0033   0.0182   1.0000   0.0061  -0.0249  -0.0272 
  0.0583   0.0208   0.0142   0.0262   0.0061   1.0000  -0.1227   0.0816 
  0.0019   0.0440  -0.0386  -0.0804  -0.0249  -0.1227   1.0000   0.0038 
 -0.0393  -0.0621   0.0410  -0.0467  -0.0272   0.0816   0.0038   1.0000 
---------------------------------------

Execution Time: 0.231750 seconds
Exit code: 0
Extracted time: 0.231750

=== hybrid (N=1500, M=500, iter=3) ===
Executing Hybrid (OpenMP + CUDA) Version
Matrix Size: N=1500, M=500
OpenMP threads: 8
GPU 0: NVIDIA GeForce MX230 (Compute 6.1, 4.00 GB)
--- Input Matrix (Snippet) ---
  0.1784   0.3997   0.1666   0.2121   0.0619   0.0541   0.2757   0.0478 
  0.7832   0.1713   0.3731   0.1762   0.4492   0.9714   0.9770   0.4063 
  0.8579   0.2793   0.3497   0.6058   0.0737   0.1928   0.5753   0.2738 
  0.5231   0.4570   0.4980   0.9980   0.9538   0.4599   0.6245   0.8193 
  0.2355   0.3513   0.2187   0.2880   0.0186   0.3609   0.1549   0.3504 
  0.2459   0.4850   0.0104   0.8695   0.6495   0.6553   0.0003   0.2781 
  0.6835   0.2185   0.1961   0.0248   0.6727   0.5442   0.9639   0.2818 
  0.7949   0.9540   0.3739   0.6583   0.6555   0.8941   0.8713   0.9372 
---------------------------------------

Using simple hybrid approach: CPU data preparation + GPU computation
--- Output Correlation Matrix (Snippet) ---
  1.0000   0.0256   0.0236  -0.0521   0.0384   0.0583   0.0019  -0.0393 
  0.0256   1.0000  -0.0126  -0.0000   0.0707   0.0208   0.0440  -0.0621 
  0.0236  -0.0126   1.0000  -0.0210  -0.0033   0.0142  -0.0386   0.0410 
 -0.0521  -0.0000  -0.0210   1.0000   0.0182   0.0262  -0.0804  -0.0467 
  0.0384   0.0707  -0.0033   0.0182   1.0000   0.0061  -0.0249  -0.0272 
  0.0583   0.0208   0.0142   0.0262   0.0061   1.0000  -0.1227   0.0816 
  0.0019   0.0440  -0.0386  -0.0804  -0.0249  -0.1227   1.0000   0.0038 
 -0.0393  -0.0621   0.0410  -0.0467  -0.0272   0.0816   0.0038   1.0000 
---------------------------------------

Execution Time: 0.238258 seconds
Exit code: 0
Extracted time: 0.238258

=== hybrid (N=1500, M=1000, iter=1) ===
Executing Hybrid (OpenMP + CUDA) Version
Matrix Size: N=1500, M=1000
OpenMP threads: 8
GPU 0: NVIDIA GeForce MX230 (Compute 6.1, 4.00 GB)
--- Input Matrix (Snippet) ---
  0.1784   0.3997   0.1666   0.2121   0.0619   0.0541   0.2757   0.0478 
  0.8579   0.2793   0.3497   0.6058   0.0737   0.1928   0.5753   0.2738 
  0.2355   0.3513   0.2187   0.2880   0.0186   0.3609   0.1549   0.3504 
  0.6835   0.2185   0.1961   0.0248   0.6727   0.5442   0.9639   0.2818 
  0.7361   0.6262   0.2348   0.0727   0.7465   0.0340   0.4242   0.2949 
  0.9063   0.4440   0.7253   0.1379   0.7956   0.9051   0.0964   0.8206 
  0.1672   0.1685   0.5519   0.6728   0.6104   0.7387   0.7906   0.5769 
  0.3751   0.2483   0.8508   0.0803   0.3567   0.4930   0.2261   0.4608 
---------------------------------------

Using simple hybrid approach: CPU data preparation + GPU computation
--- Output Correlation Matrix (Snippet) ---
  1.0000   0.0109   0.0293  -0.0304   0.0102   0.0139   0.0044  -0.0106 
  0.0109   1.0000   0.0119  -0.0427  -0.0041  -0.0632  -0.0605  -0.0605 
  0.0293   0.0119   1.0000   0.0276   0.0204   0.0119   0.0083   0.0077 
 -0.0304  -0.0427   0.0276   1.0000   0.0269   0.0239   0.0206   0.0100 
  0.0102  -0.0041   0.0204   0.0269   1.0000   0.0015  -0.0140  -0.0381 
  0.0139  -0.0632   0.0119   0.0239   0.0015   1.0000  -0.0124   0.0481 
  0.0044  -0.0605   0.0083   0.0206  -0.0140  -0.0124   1.0000   0.0370 
 -0.0106  -0.0605   0.0077   0.0100  -0.0381   0.0481   0.0370   1.0000 
---------------------------------------

Execution Time: 0.332054 seconds
Exit code: 0
Extracted time: 0.332054

=== hybrid (N=1500, M=1000, iter=2) ===
Executing Hybrid (OpenMP + CUDA) Version
Matrix Size: N=1500, M=1000
OpenMP threads: 8
GPU 0: NVIDIA GeForce MX230 (Compute 6.1, 4.00 GB)
--- Input Matrix (Snippet) ---
  0.1784   0.3997   0.1666   0.2121   0.0619   0.0541   0.2757   0.0478 
  0.8579   0.2793   0.3497   0.6058   0.0737   0.1928   0.5753   0.2738 
  0.2355   0.3513   0.2187   0.2880   0.0186   0.3609   0.1549   0.3504 
  0.6835   0.2185   0.1961   0.0248   0.6727   0.5442   0.9639   0.2818 
  0.7361   0.6262   0.2348   0.0727   0.7465   0.0340   0.4242   0.2949 
  0.9063   0.4440   0.7253   0.1379   0.7956   0.9051   0.0964   0.8206 
  0.1672   0.1685   0.5519   0.6728   0.6104   0.7387   0.7906   0.5769 
  0.3751   0.2483   0.8508   0.0803   0.3567   0.4930   0.2261   0.4608 
---------------------------------------

Using simple hybrid approach: CPU data preparation + GPU computation
--- Output Correlation Matrix (Snippet) ---
  1.0000   0.0109   0.0293  -0.0304   0.0102   0.0139   0.0044  -0.0106 
  0.0109   1.0000   0.0119  -0.0427  -0.0041  -0.0632  -0.0605  -0.0605 
  0.0293   0.0119   1.0000   0.0276   0.0204   0.0119   0.0083   0.0077 
 -0.0304  -0.0427   0.0276   1.0000   0.0269   0.0239   0.0206   0.0100 
  0.0102  -0.0041   0.0204   0.0269   1.0000   0.0015  -0.0140  -0.0381 
  0.0139  -0.0632   0.0119   0.0239   0.0015   1.0000  -0.0124   0.0481 
  0.0044  -0.0605   0.0083   0.0206  -0.0140  -0.0124   1.0000   0.0370 
 -0.0106  -0.0605   0.0077   0.0100  -0.0381   0.0481   0.0370   1.0000 
---------------------------------------

Execution Time: 0.319695 seconds
Exit code: 0
Extracted time: 0.319695

=== hybrid (N=1500, M=1000, iter=3) ===
Executing Hybrid (OpenMP + CUDA) Version
Matrix Size: N=1500, M=1000
OpenMP threads: 8
GPU 0: NVIDIA GeForce MX230 (Compute 6.1, 4.00 GB)
--- Input Matrix (Snippet) ---
  0.1784   0.3997   0.1666   0.2121   0.0619   0.0541   0.2757   0.0478 
  0.8579   0.2793   0.3497   0.6058   0.0737   0.1928   0.5753   0.2738 
  0.2355   0.3513   0.2187   0.2880   0.0186   0.3609   0.1549   0.3504 
  0.6835   0.2185   0.1961   0.0248   0.6727   0.5442   0.9639   0.2818 
  0.7361   0.6262   0.2348   0.0727   0.7465   0.0340   0.4242   0.2949 
  0.9063   0.4440   0.7253   0.1379   0.7956   0.9051   0.0964   0.8206 
  0.1672   0.1685   0.5519   0.6728   0.6104   0.7387   0.7906   0.5769 
  0.3751   0.2483   0.8508   0.0803   0.3567   0.4930   0.2261   0.4608 
---------------------------------------

Using simple hybrid approach: CPU data preparation + GPU computation
--- Output Correlation Matrix (Snippet) ---
  1.0000   0.0109   0.0293  -0.0304   0.0102   0.0139   0.0044  -0.0106 
  0.0109   1.0000   0.0119  -0.0427  -0.0041  -0.0632  -0.0605  -0.0605 
  0.0293   0.0119   1.0000   0.0276   0.0204   0.0119   0.0083   0.0077 
 -0.0304  -0.0427   0.0276   1.0000   0.0269   0.0239   0.0206   0.0100 
  0.0102  -0.0041   0.0204   0.0269   1.0000   0.0015  -0.0140  -0.0381 
  0.0139  -0.0632   0.0119   0.0239   0.0015   1.0000  -0.0124   0.0481 
  0.0044  -0.0605   0.0083   0.0206  -0.0140  -0.0124   1.0000   0.0370 
 -0.0106  -0.0605   0.0077   0.0100  -0.0381   0.0481   0.0370   1.0000 
---------------------------------------

Execution Time: 0.329031 seconds
Exit code: 0
Extracted time: 0.329031

=== hybrid (N=1500, M=1500, iter=1) ===
Executing Hybrid (OpenMP + CUDA) Version
Matrix Size: N=1500, M=1500
OpenMP threads: 8
GPU 0: NVIDIA GeForce MX230 (Compute 6.1, 4.00 GB)
--- Input Matrix (Snippet) ---
  0.1784   0.3997   0.1666   0.2121   0.0619   0.0541   0.2757   0.0478 
  0.5231   0.4570   0.4980   0.9980   0.9538   0.4599   0.6245   0.8193 
  0.6835   0.2185   0.1961   0.0248   0.6727   0.5442   0.9639   0.2818 
  0.6730   0.3860   0.7919   0.3859   0.4882   0.1123   0.5655   0.3819 
  0.1672   0.1685   0.5519   0.6728   0.6104   0.7387   0.7906   0.5769 
  0.2896   0.8828   0.9025   0.7990   0.6499   0.1416   0.2104   0.8247 
  0.4815   0.6118   0.5401   0.8225   0.6975   0.4157   0.2738   0.2554 
  0.5062   0.5588   0.9413   0.5000   0.5328   0.1062   0.3400   0.7122 
---------------------------------------

Using simple hybrid approach: CPU data preparation + GPU computation
--- Output Correlation Matrix (Snippet) ---
  1.0000   0.0111  -0.0267  -0.0267  -0.0210   0.0113   0.0004   0.0095 
  0.0111   1.0000  -0.0268   0.0110   0.0518  -0.0168   0.0241   0.0123 
 -0.0267  -0.0268   1.0000   0.0289   0.0020  -0.0170  -0.0226  -0.0030 
 -0.0267   0.0110   0.0289   1.0000   0.0178  -0.0459   0.0215  -0.0381 
 -0.0210   0.0518   0.0020   0.0178   1.0000   0.0124  -0.0130  -0.0079 
  0.0113  -0.0168  -0.0170  -0.0459   0.0124   1.0000   0.0043   0.0352 
  0.0004   0.0241  -0.0226   0.0215  -0.0130   0.0043   1.0000  -0.0296 
  0.0095   0.0123  -0.0030  -0.0381  -0.0079   0.0352  -0.0296   1.0000 
---------------------------------------

Execution Time: 0.415871 seconds
Exit code: 0
Extracted time: 0.415871

=== hybrid (N=1500, M=1500, iter=2) ===
Executing Hybrid (OpenMP + CUDA) Version
Matrix Size: N=1500, M=1500
OpenMP threads: 8
GPU 0: NVIDIA GeForce MX230 (Compute 6.1, 4.00 GB)
--- Input Matrix (Snippet) ---
  0.1784   0.3997   0.1666   0.2121   0.0619   0.0541   0.2757   0.0478 
  0.5231   0.4570   0.4980   0.9980   0.9538   0.4599   0.6245   0.8193 
  0.6835   0.2185   0.1961   0.0248   0.6727   0.5442   0.9639   0.2818 
  0.6730   0.3860   0.7919   0.3859   0.4882   0.1123   0.5655   0.3819 
  0.1672   0.1685   0.5519   0.6728   0.6104   0.7387   0.7906   0.5769 
  0.2896   0.8828   0.9025   0.7990   0.6499   0.1416   0.2104   0.8247 
  0.4815   0.6118   0.5401   0.8225   0.6975   0.4157   0.2738   0.2554 
  0.5062   0.5588   0.9413   0.5000   0.5328   0.1062   0.3400   0.7122 
---------------------------------------

Using simple hybrid approach: CPU data preparation + GPU computation
--- Output Correlation Matrix (Snippet) ---
  1.0000   0.0111  -0.0267  -0.0267  -0.0210   0.0113   0.0004   0.0095 
  0.0111   1.0000  -0.0268   0.0110   0.0518  -0.0168   0.0241   0.0123 
 -0.0267  -0.0268   1.0000   0.0289   0.0020  -0.0170  -0.0226  -0.0030 
 -0.0267   0.0110   0.0289   1.0000   0.0178  -0.0459   0.0215  -0.0381 
 -0.0210   0.0518   0.0020   0.0178   1.0000   0.0124  -0.0130  -0.0079 
  0.0113  -0.0168  -0.0170  -0.0459   0.0124   1.0000   0.0043   0.0352 
  0.0004   0.0241  -0.0226   0.0215  -0.0130   0.0043   1.0000  -0.0296 
  0.0095   0.0123  -0.0030  -0.0381  -0.0079   0.0352  -0.0296   1.0000 
---------------------------------------

Execution Time: 0.416422 seconds
Exit code: 0
Extracted time: 0.416422

=== hybrid (N=1500, M=1500, iter=3) ===
Executing Hybrid (OpenMP + CUDA) Version
Matrix Size: N=1500, M=1500
OpenMP threads: 8
GPU 0: NVIDIA GeForce MX230 (Compute 6.1, 4.00 GB)
--- Input Matrix (Snippet) ---
  0.1784   0.3997   0.1666   0.2121   0.0619   0.0541   0.2757   0.0478 
  0.5231   0.4570   0.4980   0.9980   0.9538   0.4599   0.6245   0.8193 
  0.6835   0.2185   0.1961   0.0248   0.6727   0.5442   0.9639   0.2818 
  0.6730   0.3860   0.7919   0.3859   0.4882   0.1123   0.5655   0.3819 
  0.1672   0.1685   0.5519   0.6728   0.6104   0.7387   0.7906   0.5769 
  0.2896   0.8828   0.9025   0.7990   0.6499   0.1416   0.2104   0.8247 
  0.4815   0.6118   0.5401   0.8225   0.6975   0.4157   0.2738   0.2554 
  0.5062   0.5588   0.9413   0.5000   0.5328   0.1062   0.3400   0.7122 
---------------------------------------

Using simple hybrid approach: CPU data preparation + GPU computation
--- Output Correlation Matrix (Snippet) ---
  1.0000   0.0111  -0.0267  -0.0267  -0.0210   0.0113   0.0004   0.0095 
  0.0111   1.0000  -0.0268   0.0110   0.0518  -0.0168   0.0241   0.0123 
 -0.0267  -0.0268   1.0000   0.0289   0.0020  -0.0170  -0.0226  -0.0030 
 -0.0267   0.0110   0.0289   1.0000   0.0178  -0.0459   0.0215  -0.0381 
 -0.0210   0.0518   0.0020   0.0178   1.0000   0.0124  -0.0130  -0.0079 
  0.0113  -0.0168  -0.0170  -0.0459   0.0124   1.0000   0.0043   0.0352 
  0.0004   0.0241  -0.0226   0.0215  -0.0130   0.0043   1.0000  -0.0296 
  0.0095   0.0123  -0.0030  -0.0381  -0.0079   0.0352  -0.0296   1.0000 
---------------------------------------

Execution Time: 0.423897 seconds
Exit code: 0
Extracted time: 0.423897

=== hybrid (N=1500, M=2000, iter=1) ===
Executing Hybrid (OpenMP + CUDA) Version
Matrix Size: N=1500, M=2000
OpenMP threads: 8
GPU 0: NVIDIA GeForce MX230 (Compute 6.1, 4.00 GB)
--- Input Matrix (Snippet) ---
  0.1784   0.3997   0.1666   0.2121   0.0619   0.0541   0.2757   0.0478 
  0.2355   0.3513   0.2187   0.2880   0.0186   0.3609   0.1549   0.3504 
  0.7361   0.6262   0.2348   0.0727   0.7465   0.0340   0.4242   0.2949 
  0.1672   0.1685   0.5519   0.6728   0.6104   0.7387   0.7906   0.5769 
  0.9290   0.7971   0.1292   0.8444   0.4470   0.9848   0.7467   0.6753 
  0.6577   0.0369   0.3331   0.8758   0.2217   0.6708   0.6280   0.0000 
  0.9311   0.2895   0.4608   0.4579   0.4643   0.0754   0.2606   0.6549 
  0.2649   0.2373   0.6548   0.4642   0.2228   0.6153   0.1826   0.9288 
---------------------------------------

Using simple hybrid approach: CPU data preparation + GPU computation
--- Output Correlation Matrix (Snippet) ---
  1.0000  -0.0069  -0.0270  -0.0283   0.0410  -0.0121  -0.0445  -0.0154 
 -0.0069   1.0000   0.0227   0.0096  -0.0277  -0.0158   0.0245   0.0515 
 -0.0270   0.0227   1.0000   0.0181  -0.0084  -0.0181   0.0164   0.0039 
 -0.0283   0.0096   0.0181   1.0000  -0.0407   0.0316   0.0226   0.0055 
  0.0410  -0.0277  -0.0084  -0.0407   1.0000  -0.0453   0.0127  -0.0128 
 -0.0121  -0.0158  -0.0181   0.0316  -0.0453   1.0000  -0.0070  -0.0285 
 -0.0445   0.0245   0.0164   0.0226   0.0127  -0.0070   1.0000   0.0225 
 -0.0154   0.0515   0.0039   0.0055  -0.0128  -0.0285   0.0225   1.0000 
---------------------------------------

Execution Time: 0.562430 seconds
Exit code: 0
Extracted time: 0.562430

=== hybrid (N=1500, M=2000, iter=2) ===
Executing Hybrid (OpenMP + CUDA) Version
Matrix Size: N=1500, M=2000
OpenMP threads: 8
GPU 0: NVIDIA GeForce MX230 (Compute 6.1, 4.00 GB)
--- Input Matrix (Snippet) ---
  0.1784   0.3997   0.1666   0.2121   0.0619   0.0541   0.2757   0.0478 
  0.2355   0.3513   0.2187   0.2880   0.0186   0.3609   0.1549   0.3504 
  0.7361   0.6262   0.2348   0.0727   0.7465   0.0340   0.4242   0.2949 
  0.1672   0.1685   0.5519   0.6728   0.6104   0.7387   0.7906   0.5769 
  0.9290   0.7971   0.1292   0.8444   0.4470   0.9848   0.7467   0.6753 
  0.6577   0.0369   0.3331   0.8758   0.2217   0.6708   0.6280   0.0000 
  0.9311   0.2895   0.4608   0.4579   0.4643   0.0754   0.2606   0.6549 
  0.2649   0.2373   0.6548   0.4642   0.2228   0.6153   0.1826   0.9288 
---------------------------------------

Using simple hybrid approach: CPU data preparation + GPU computation
--- Output Correlation Matrix (Snippet) ---
  1.0000  -0.0069  -0.0270  -0.0283   0.0410  -0.0121  -0.0445  -0.0154 
 -0.0069   1.0000   0.0227   0.0096  -0.0277  -0.0158   0.0245   0.0515 
 -0.0270   0.0227   1.0000   0.0181  -0.0084  -0.0181   0.0164   0.0039 
 -0.0283   0.0096   0.0181   1.0000  -0.0407   0.0316   0.0226   0.0055 
  0.0410  -0.0277  -0.0084  -0.0407   1.0000  -0.0453   0.0127  -0.0128 
 -0.0121  -0.0158  -0.0181   0.0316  -0.0453   1.0000  -0.0070  -0.0285 
 -0.0445   0.0245   0.0164   0.0226   0.0127  -0.0070   1.0000   0.0225 
 -0.0154   0.0515   0.0039   0.0055  -0.0128  -0.0285   0.0225   1.0000 
---------------------------------------

Execution Time: 0.530408 seconds
Exit code: 0
Extracted time: 0.530408

=== hybrid (N=1500, M=2000, iter=3) ===
Executing Hybrid (OpenMP + CUDA) Version
Matrix Size: N=1500, M=2000
OpenMP threads: 8
GPU 0: NVIDIA GeForce MX230 (Compute 6.1, 4.00 GB)
--- Input Matrix (Snippet) ---
  0.1784   0.3997   0.1666   0.2121   0.0619   0.0541   0.2757   0.0478 
  0.2355   0.3513   0.2187   0.2880   0.0186   0.3609   0.1549   0.3504 
  0.7361   0.6262   0.2348   0.0727   0.7465   0.0340   0.4242   0.2949 
  0.1672   0.1685   0.5519   0.6728   0.6104   0.7387   0.7906   0.5769 
  0.9290   0.7971   0.1292   0.8444   0.4470   0.9848   0.7467   0.6753 
  0.6577   0.0369   0.3331   0.8758   0.2217   0.6708   0.6280   0.0000 
  0.9311   0.2895   0.4608   0.4579   0.4643   0.0754   0.2606   0.6549 
  0.2649   0.2373   0.6548   0.4642   0.2228   0.6153   0.1826   0.9288 
---------------------------------------

Using simple hybrid approach: CPU data preparation + GPU computation
--- Output Correlation Matrix (Snippet) ---
  1.0000  -0.0069  -0.0270  -0.0283   0.0410  -0.0121  -0.0445  -0.0154 
 -0.0069   1.0000   0.0227   0.0096  -0.0277  -0.0158   0.0245   0.0515 
 -0.0270   0.0227   1.0000   0.0181  -0.0084  -0.0181   0.0164   0.0039 
 -0.0283   0.0096   0.0181   1.0000  -0.0407   0.0316   0.0226   0.0055 
  0.0410  -0.0277  -0.0084  -0.0407   1.0000  -0.0453   0.0127  -0.0128 
 -0.0121  -0.0158  -0.0181   0.0316  -0.0453   1.0000  -0.0070  -0.0285 
 -0.0445   0.0245   0.0164   0.0226   0.0127  -0.0070   1.0000   0.0225 
 -0.0154   0.0515   0.0039   0.0055  -0.0128  -0.0285   0.0225   1.0000 
---------------------------------------

Execution Time: 0.556692 seconds
Exit code: 0
Extracted time: 0.556692

=== hybrid (N=1500, M=2500, iter=1) ===
Executing Hybrid (OpenMP + CUDA) Version
Matrix Size: N=1500, M=2500
OpenMP threads: 8
GPU 0: NVIDIA GeForce MX230 (Compute 6.1, 4.00 GB)
--- Input Matrix (Snippet) ---
  0.1784   0.3997   0.1666   0.2121   0.0619   0.0541   0.2757   0.0478 
  0.2459   0.4850   0.0104   0.8695   0.6495   0.6553   0.0003   0.2781 
  0.9063   0.4440   0.7253   0.1379   0.7956   0.9051   0.0964   0.8206 
  0.2896   0.8828   0.9025   0.7990   0.6499   0.1416   0.2104   0.8247 
  0.6577   0.0369   0.3331   0.8758   0.2217   0.6708   0.6280   0.0000 
  0.0891   0.9237   0.8383   0.8221   0.7560   0.6990   0.3387   0.4892 
  0.7794   0.8132   0.7432   0.9474   0.3793   0.9794   0.6384   0.6187 
  0.0842   0.1832   0.3542   0.9223   0.4774   0.3511   0.6550   0.4676 
---------------------------------------

Using simple hybrid approach: CPU data preparation + GPU computation
--- Output Correlation Matrix (Snippet) ---
  1.0000   0.0305  -0.0212   0.0233  -0.0160  -0.0192   0.0017  -0.0016 
  0.0305   1.0000   0.0092   0.0212   0.0022   0.0280  -0.0362  -0.0159 
 -0.0212   0.0092   1.0000  -0.0060   0.0119   0.0228  -0.0218  -0.0016 
  0.0233   0.0212  -0.0060   1.0000  -0.0190  -0.0385  -0.0178   0.0073 
 -0.0160   0.0022   0.0119  -0.0190   1.0000   0.0217   0.0011  -0.0372 
 -0.0192   0.0280   0.0228  -0.0385   0.0217   1.0000  -0.0358  -0.0005 
  0.0017  -0.0362  -0.0218  -0.0178   0.0011  -0.0358   1.0000   0.0276 
 -0.0016  -0.0159  -0.0016   0.0073  -0.0372  -0.0005   0.0276   1.0000 
---------------------------------------

Execution Time: 0.635457 seconds
Exit code: 0
Extracted time: 0.635457

=== hybrid (N=1500, M=2500, iter=2) ===
Executing Hybrid (OpenMP + CUDA) Version
Matrix Size: N=1500, M=2500
OpenMP threads: 8
GPU 0: NVIDIA GeForce MX230 (Compute 6.1, 4.00 GB)
--- Input Matrix (Snippet) ---
  0.1784   0.3997   0.1666   0.2121   0.0619   0.0541   0.2757   0.0478 
  0.2459   0.4850   0.0104   0.8695   0.6495   0.6553   0.0003   0.2781 
  0.9063   0.4440   0.7253   0.1379   0.7956   0.9051   0.0964   0.8206 
  0.2896   0.8828   0.9025   0.7990   0.6499   0.1416   0.2104   0.8247 
  0.6577   0.0369   0.3331   0.8758   0.2217   0.6708   0.6280   0.0000 
  0.0891   0.9237   0.8383   0.8221   0.7560   0.6990   0.3387   0.4892 
  0.7794   0.8132   0.7432   0.9474   0.3793   0.9794   0.6384   0.6187 
  0.0842   0.1832   0.3542   0.9223   0.4774   0.3511   0.6550   0.4676 
---------------------------------------

Using simple hybrid approach: CPU data preparation + GPU computation
--- Output Correlation Matrix (Snippet) ---
  1.0000   0.0305  -0.0212   0.0233  -0.0160  -0.0192   0.0017  -0.0016 
  0.0305   1.0000   0.0092   0.0212   0.0022   0.0280  -0.0362  -0.0159 
 -0.0212   0.0092   1.0000  -0.0060   0.0119   0.0228  -0.0218  -0.0016 
  0.0233   0.0212  -0.0060   1.0000  -0.0190  -0.0385  -0.0178   0.0073 
 -0.0160   0.0022   0.0119  -0.0190   1.0000   0.0217   0.0011  -0.0372 
 -0.0192   0.0280   0.0228  -0.0385   0.0217   1.0000  -0.0358  -0.0005 
  0.0017  -0.0362  -0.0218  -0.0178   0.0011  -0.0358   1.0000   0.0276 
 -0.0016  -0.0159  -0.0016   0.0073  -0.0372  -0.0005   0.0276   1.0000 
---------------------------------------

Execution Time: 0.632090 seconds
Exit code: 0
Extracted time: 0.632090

=== hybrid (N=1500, M=2500, iter=3) ===
Executing Hybrid (OpenMP + CUDA) Version
Matrix Size: N=1500, M=2500
OpenMP threads: 8
GPU 0: NVIDIA GeForce MX230 (Compute 6.1, 4.00 GB)
--- Input Matrix (Snippet) ---
  0.1784   0.3997   0.1666   0.2121   0.0619   0.0541   0.2757   0.0478 
  0.2459   0.4850   0.0104   0.8695   0.6495   0.6553   0.0003   0.2781 
  0.9063   0.4440   0.7253   0.1379   0.7956   0.9051   0.0964   0.8206 
  0.2896   0.8828   0.9025   0.7990   0.6499   0.1416   0.2104   0.8247 
  0.6577   0.0369   0.3331   0.8758   0.2217   0.6708   0.6280   0.0000 
  0.0891   0.9237   0.8383   0.8221   0.7560   0.6990   0.3387   0.4892 
  0.7794   0.8132   0.7432   0.9474   0.3793   0.9794   0.6384   0.6187 
  0.0842   0.1832   0.3542   0.9223   0.4774   0.3511   0.6550   0.4676 
---------------------------------------

Using simple hybrid approach: CPU data preparation + GPU computation
--- Output Correlation Matrix (Snippet) ---
  1.0000   0.0305  -0.0212   0.0233  -0.0160  -0.0192   0.0017  -0.0016 
  0.0305   1.0000   0.0092   0.0212   0.0022   0.0280  -0.0362  -0.0159 
 -0.0212   0.0092   1.0000  -0.0060   0.0119   0.0228  -0.0218  -0.0016 
  0.0233   0.0212  -0.0060   1.0000  -0.0190  -0.0385  -0.0178   0.0073 
 -0.0160   0.0022   0.0119  -0.0190   1.0000   0.0217   0.0011  -0.0372 
 -0.0192   0.0280   0.0228  -0.0385   0.0217   1.0000  -0.0358  -0.0005 
  0.0017  -0.0362  -0.0218  -0.0178   0.0011  -0.0358   1.0000   0.0276 
 -0.0016  -0.0159  -0.0016   0.0073  -0.0372  -0.0005   0.0276   1.0000 
---------------------------------------

Execution Time: 0.634096 seconds
Exit code: 0
Extracted time: 0.634096

=== hybrid (N=1500, M=3000, iter=1) ===
Executing Hybrid (OpenMP + CUDA) Version
Matrix Size: N=1500, M=3000
OpenMP threads: 8
GPU 0: NVIDIA GeForce MX230 (Compute 6.1, 4.00 GB)
--- Input Matrix (Snippet) ---
  0.1784   0.3997   0.1666   0.2121   0.0619   0.0541   0.2757   0.0478 
  0.6835   0.2185   0.1961   0.0248   0.6727   0.5442   0.9639   0.2818 
  0.1672   0.1685   0.5519   0.6728   0.6104   0.7387   0.7906   0.5769 
  0.4815   0.6118   0.5401   0.8225   0.6975   0.4157   0.2738   0.2554 
  0.9311   0.2895   0.4608   0.4579   0.4643   0.0754   0.2606   0.6549 
  0.7794   0.8132   0.7432   0.9474   0.3793   0.9794   0.6384   0.6187 
  0.1583   0.6916   0.6599   0.6962   0.3418   0.4218   0.2080   0.0566 
  0.5013   0.8661   0.8181   0.8221   0.2707   0.8748   0.9764   0.6529 
---------------------------------------

Using simple hybrid approach: CPU data preparation + GPU computation
--- Output Correlation Matrix (Snippet) ---
  1.0000  -0.0079  -0.0189   0.0064  -0.0058   0.0126   0.0067  -0.0029 
 -0.0079   1.0000  -0.0219  -0.0305  -0.0129   0.0147  -0.0086   0.0305 
 -0.0189  -0.0219   1.0000   0.0110   0.0151   0.0069  -0.0076   0.0224 
  0.0064  -0.0305   0.0110   1.0000  -0.0143   0.0036   0.0036  -0.0167 
 -0.0058  -0.0129   0.0151  -0.0143   1.0000   0.0173  -0.0375  -0.0020 
  0.0126   0.0147   0.0069   0.0036   0.0173   1.0000  -0.0245   0.0187 
  0.0067  -0.0086  -0.0076   0.0036  -0.0375  -0.0245   1.0000  -0.0087 
 -0.0029   0.0305   0.0224  -0.0167  -0.0020   0.0187  -0.0087   1.0000 
---------------------------------------

Execution Time: 0.757981 seconds
Exit code: 0
Extracted time: 0.757981

=== hybrid (N=1500, M=3000, iter=2) ===
Executing Hybrid (OpenMP + CUDA) Version
Matrix Size: N=1500, M=3000
OpenMP threads: 8
GPU 0: NVIDIA GeForce MX230 (Compute 6.1, 4.00 GB)
--- Input Matrix (Snippet) ---
  0.1784   0.3997   0.1666   0.2121   0.0619   0.0541   0.2757   0.0478 
  0.6835   0.2185   0.1961   0.0248   0.6727   0.5442   0.9639   0.2818 
  0.1672   0.1685   0.5519   0.6728   0.6104   0.7387   0.7906   0.5769 
  0.4815   0.6118   0.5401   0.8225   0.6975   0.4157   0.2738   0.2554 
  0.9311   0.2895   0.4608   0.4579   0.4643   0.0754   0.2606   0.6549 
  0.7794   0.8132   0.7432   0.9474   0.3793   0.9794   0.6384   0.6187 
  0.1583   0.6916   0.6599   0.6962   0.3418   0.4218   0.2080   0.0566 
  0.5013   0.8661   0.8181   0.8221   0.2707   0.8748   0.9764   0.6529 
---------------------------------------

Using simple hybrid approach: CPU data preparation + GPU computation
--- Output Correlation Matrix (Snippet) ---
  1.0000  -0.0079  -0.0189   0.0064  -0.0058   0.0126   0.0067  -0.0029 
 -0.0079   1.0000  -0.0219  -0.0305  -0.0129   0.0147  -0.0086   0.0305 
 -0.0189  -0.0219   1.0000   0.0110   0.0151   0.0069  -0.0076   0.0224 
  0.0064  -0.0305   0.0110   1.0000  -0.0143   0.0036   0.0036  -0.0167 
 -0.0058  -0.0129   0.0151  -0.0143   1.0000   0.0173  -0.0375  -0.0020 
  0.0126   0.0147   0.0069   0.0036   0.0173   1.0000  -0.0245   0.0187 
  0.0067  -0.0086  -0.0076   0.0036  -0.0375  -0.0245   1.0000  -0.0087 
 -0.0029   0.0305   0.0224  -0.0167  -0.0020   0.0187  -0.0087   1.0000 
---------------------------------------

Execution Time: 0.741963 seconds
Exit code: 0
Extracted time: 0.741963

=== hybrid (N=1500, M=3000, iter=3) ===
Executing Hybrid (OpenMP + CUDA) Version
Matrix Size: N=1500, M=3000
OpenMP threads: 8
GPU 0: NVIDIA GeForce MX230 (Compute 6.1, 4.00 GB)
--- Input Matrix (Snippet) ---
  0.1784   0.3997   0.1666   0.2121   0.0619   0.0541   0.2757   0.0478 
  0.6835   0.2185   0.1961   0.0248   0.6727   0.5442   0.9639   0.2818 
  0.1672   0.1685   0.5519   0.6728   0.6104   0.7387   0.7906   0.5769 
  0.4815   0.6118   0.5401   0.8225   0.6975   0.4157   0.2738   0.2554 
  0.9311   0.2895   0.4608   0.4579   0.4643   0.0754   0.2606   0.6549 
  0.7794   0.8132   0.7432   0.9474   0.3793   0.9794   0.6384   0.6187 
  0.1583   0.6916   0.6599   0.6962   0.3418   0.4218   0.2080   0.0566 
  0.5013   0.8661   0.8181   0.8221   0.2707   0.8748   0.9764   0.6529 
---------------------------------------

Using simple hybrid approach: CPU data preparation + GPU computation
--- Output Correlation Matrix (Snippet) ---
  1.0000  -0.0079  -0.0189   0.0064  -0.0058   0.0126   0.0067  -0.0029 
 -0.0079   1.0000  -0.0219  -0.0305  -0.0129   0.0147  -0.0086   0.0305 
 -0.0189  -0.0219   1.0000   0.0110   0.0151   0.0069  -0.0076   0.0224 
  0.0064  -0.0305   0.0110   1.0000  -0.0143   0.0036   0.0036  -0.0167 
 -0.0058  -0.0129   0.0151  -0.0143   1.0000   0.0173  -0.0375  -0.0020 
  0.0126   0.0147   0.0069   0.0036   0.0173   1.0000  -0.0245   0.0187 
  0.0067  -0.0086  -0.0076   0.0036  -0.0375  -0.0245   1.0000  -0.0087 
 -0.0029   0.0305   0.0224  -0.0167  -0.0020   0.0187  -0.0087   1.0000 
---------------------------------------

Execution Time: 0.739496 seconds
Exit code: 0
Extracted time: 0.739496

=== hybrid (N=2000, M=500, iter=1) ===
Executing Hybrid (OpenMP + CUDA) Version
Matrix Size: N=2000, M=500
OpenMP threads: 8
GPU 0: NVIDIA GeForce MX230 (Compute 6.1, 4.00 GB)
--- Input Matrix (Snippet) ---
  0.1784   0.3997   0.1666   0.2121   0.0619   0.0541   0.2757   0.0478 
  0.7832   0.1713   0.3731   0.1762   0.4492   0.9714   0.9770   0.4063 
  0.8579   0.2793   0.3497   0.6058   0.0737   0.1928   0.5753   0.2738 
  0.5231   0.4570   0.4980   0.9980   0.9538   0.4599   0.6245   0.8193 
  0.2355   0.3513   0.2187   0.2880   0.0186   0.3609   0.1549   0.3504 
  0.2459   0.4850   0.0104   0.8695   0.6495   0.6553   0.0003   0.2781 
  0.6835   0.2185   0.1961   0.0248   0.6727   0.5442   0.9639   0.2818 
  0.7949   0.9540   0.3739   0.6583   0.6555   0.8941   0.8713   0.9372 
---------------------------------------

Using stream-based hybrid approach for large dataset
--- Output Correlation Matrix (Snippet) ---
  1.0000   0.0256   0.0236  -0.0521   0.0384   0.0583   0.0019  -0.0393 
  0.0256   1.0000  -0.0126  -0.0000   0.0707   0.0208   0.0440  -0.0621 
  0.0236  -0.0126   1.0000  -0.0210  -0.0033   0.0142  -0.0386   0.0410 
 -0.0521  -0.0000  -0.0210   1.0000   0.0182   0.0262  -0.0804  -0.0467 
  0.0384   0.0707  -0.0033   0.0182   1.0000   0.0061  -0.0249  -0.0272 
  0.0583   0.0208   0.0142   0.0262   0.0061   1.0000  -0.1227   0.0816 
  0.0019   0.0440  -0.0386  -0.0804  -0.0249  -0.1227   1.0000   0.0038 
 -0.0393  -0.0621   0.0410  -0.0467  -0.0272   0.0816   0.0038   1.0000 
---------------------------------------

Execution Time: 0.302116 seconds
Exit code: 0
Extracted time: 0.302116

=== hybrid (N=2000, M=500, iter=2) ===
Executing Hybrid (OpenMP + CUDA) Version
Matrix Size: N=2000, M=500
OpenMP threads: 8
GPU 0: NVIDIA GeForce MX230 (Compute 6.1, 4.00 GB)
--- Input Matrix (Snippet) ---
  0.1784   0.3997   0.1666   0.2121   0.0619   0.0541   0.2757   0.0478 
  0.7832   0.1713   0.3731   0.1762   0.4492   0.9714   0.9770   0.4063 
  0.8579   0.2793   0.3497   0.6058   0.0737   0.1928   0.5753   0.2738 
  0.5231   0.4570   0.4980   0.9980   0.9538   0.4599   0.6245   0.8193 
  0.2355   0.3513   0.2187   0.2880   0.0186   0.3609   0.1549   0.3504 
  0.2459   0.4850   0.0104   0.8695   0.6495   0.6553   0.0003   0.2781 
  0.6835   0.2185   0.1961   0.0248   0.6727   0.5442   0.9639   0.2818 
  0.7949   0.9540   0.3739   0.6583   0.6555   0.8941   0.8713   0.9372 
---------------------------------------

Using stream-based hybrid approach for large dataset
--- Output Correlation Matrix (Snippet) ---
  1.0000   0.0256   0.0236  -0.0521   0.0384   0.0583   0.0019  -0.0393 
  0.0256   1.0000  -0.0126  -0.0000   0.0707   0.0208   0.0440  -0.0621 
  0.0236  -0.0126   1.0000  -0.0210  -0.0033   0.0142  -0.0386   0.0410 
 -0.0521  -0.0000  -0.0210   1.0000   0.0182   0.0262  -0.0804  -0.0467 
  0.0384   0.0707  -0.0033   0.0182   1.0000   0.0061  -0.0249  -0.0272 
  0.0583   0.0208   0.0142   0.0262   0.0061   1.0000  -0.1227   0.0816 
  0.0019   0.0440  -0.0386  -0.0804  -0.0249  -0.1227   1.0000   0.0038 
 -0.0393  -0.0621   0.0410  -0.0467  -0.0272   0.0816   0.0038   1.0000 
---------------------------------------

Execution Time: 0.314029 seconds
Exit code: 0
Extracted time: 0.314029

=== hybrid (N=2000, M=500, iter=3) ===
Executing Hybrid (OpenMP + CUDA) Version
Matrix Size: N=2000, M=500
OpenMP threads: 8
GPU 0: NVIDIA GeForce MX230 (Compute 6.1, 4.00 GB)
--- Input Matrix (Snippet) ---
  0.1784   0.3997   0.1666   0.2121   0.0619   0.0541   0.2757   0.0478 
  0.7832   0.1713   0.3731   0.1762   0.4492   0.9714   0.9770   0.4063 
  0.8579   0.2793   0.3497   0.6058   0.0737   0.1928   0.5753   0.2738 
  0.5231   0.4570   0.4980   0.9980   0.9538   0.4599   0.6245   0.8193 
  0.2355   0.3513   0.2187   0.2880   0.0186   0.3609   0.1549   0.3504 
  0.2459   0.4850   0.0104   0.8695   0.6495   0.6553   0.0003   0.2781 
  0.6835   0.2185   0.1961   0.0248   0.6727   0.5442   0.9639   0.2818 
  0.7949   0.9540   0.3739   0.6583   0.6555   0.8941   0.8713   0.9372 
---------------------------------------

Using stream-based hybrid approach for large dataset
--- Output Correlation Matrix (Snippet) ---
  1.0000   0.0256   0.0236  -0.0521   0.0384   0.0583   0.0019  -0.0393 
  0.0256   1.0000  -0.0126  -0.0000   0.0707   0.0208   0.0440  -0.0621 
  0.0236  -0.0126   1.0000  -0.0210  -0.0033   0.0142  -0.0386   0.0410 
 -0.0521  -0.0000  -0.0210   1.0000   0.0182   0.0262  -0.0804  -0.0467 
  0.0384   0.0707  -0.0033   0.0182   1.0000   0.0061  -0.0249  -0.0272 
  0.0583   0.0208   0.0142   0.0262   0.0061   1.0000  -0.1227   0.0816 
  0.0019   0.0440  -0.0386  -0.0804  -0.0249  -0.1227   1.0000   0.0038 
 -0.0393  -0.0621   0.0410  -0.0467  -0.0272   0.0816   0.0038   1.0000 
---------------------------------------

Execution Time: 0.314932 seconds
Exit code: 0
Extracted time: 0.314932

=== hybrid (N=2000, M=1000, iter=1) ===
Executing Hybrid (OpenMP + CUDA) Version
Matrix Size: N=2000, M=1000
OpenMP threads: 8
GPU 0: NVIDIA GeForce MX230 (Compute 6.1, 4.00 GB)
--- Input Matrix (Snippet) ---
  0.1784   0.3997   0.1666   0.2121   0.0619   0.0541   0.2757   0.0478 
  0.8579   0.2793   0.3497   0.6058   0.0737   0.1928   0.5753   0.2738 
  0.2355   0.3513   0.2187   0.2880   0.0186   0.3609   0.1549   0.3504 
  0.6835   0.2185   0.1961   0.0248   0.6727   0.5442   0.9639   0.2818 
  0.7361   0.6262   0.2348   0.0727   0.7465   0.0340   0.4242   0.2949 
  0.9063   0.4440   0.7253   0.1379   0.7956   0.9051   0.0964   0.8206 
  0.1672   0.1685   0.5519   0.6728   0.6104   0.7387   0.7906   0.5769 
  0.3751   0.2483   0.8508   0.0803   0.3567   0.4930   0.2261   0.4608 
---------------------------------------

Using stream-based hybrid approach for large dataset
--- Output Correlation Matrix (Snippet) ---
  1.0000   0.0109   0.0293  -0.0304   0.0102   0.0139   0.0044  -0.0106 
  0.0109   1.0000   0.0119  -0.0427  -0.0041  -0.0632  -0.0605  -0.0605 
  0.0293   0.0119   1.0000   0.0276   0.0204   0.0119   0.0083   0.0077 
 -0.0304  -0.0427   0.0276   1.0000   0.0269   0.0239   0.0206   0.0100 
  0.0102  -0.0041   0.0204   0.0269   1.0000   0.0015  -0.0140  -0.0381 
  0.0139  -0.0632   0.0119   0.0239   0.0015   1.0000  -0.0124   0.0481 
  0.0044  -0.0605   0.0083   0.0206  -0.0140  -0.0124   1.0000   0.0370 
 -0.0106  -0.0605   0.0077   0.0100  -0.0381   0.0481   0.0370   1.0000 
---------------------------------------

Execution Time: 0.475191 seconds
Exit code: 0
Extracted time: 0.475191

=== hybrid (N=2000, M=1000, iter=2) ===
Executing Hybrid (OpenMP + CUDA) Version
Matrix Size: N=2000, M=1000
OpenMP threads: 8
GPU 0: NVIDIA GeForce MX230 (Compute 6.1, 4.00 GB)
--- Input Matrix (Snippet) ---
  0.1784   0.3997   0.1666   0.2121   0.0619   0.0541   0.2757   0.0478 
  0.8579   0.2793   0.3497   0.6058   0.0737   0.1928   0.5753   0.2738 
  0.2355   0.3513   0.2187   0.2880   0.0186   0.3609   0.1549   0.3504 
  0.6835   0.2185   0.1961   0.0248   0.6727   0.5442   0.9639   0.2818 
  0.7361   0.6262   0.2348   0.0727   0.7465   0.0340   0.4242   0.2949 
  0.9063   0.4440   0.7253   0.1379   0.7956   0.9051   0.0964   0.8206 
  0.1672   0.1685   0.5519   0.6728   0.6104   0.7387   0.7906   0.5769 
  0.3751   0.2483   0.8508   0.0803   0.3567   0.4930   0.2261   0.4608 
---------------------------------------

Using stream-based hybrid approach for large dataset
--- Output Correlation Matrix (Snippet) ---
  1.0000   0.0109   0.0293  -0.0304   0.0102   0.0139   0.0044  -0.0106 
  0.0109   1.0000   0.0119  -0.0427  -0.0041  -0.0632  -0.0605  -0.0605 
  0.0293   0.0119   1.0000   0.0276   0.0204   0.0119   0.0083   0.0077 
 -0.0304  -0.0427   0.0276   1.0000   0.0269   0.0239   0.0206   0.0100 
  0.0102  -0.0041   0.0204   0.0269   1.0000   0.0015  -0.0140  -0.0381 
  0.0139  -0.0632   0.0119   0.0239   0.0015   1.0000  -0.0124   0.0481 
  0.0044  -0.0605   0.0083   0.0206  -0.0140  -0.0124   1.0000   0.0370 
 -0.0106  -0.0605   0.0077   0.0100  -0.0381   0.0481   0.0370   1.0000 
---------------------------------------

Execution Time: 0.489444 seconds
Exit code: 0
Extracted time: 0.489444

=== hybrid (N=2000, M=1000, iter=3) ===
Executing Hybrid (OpenMP + CUDA) Version
Matrix Size: N=2000, M=1000
OpenMP threads: 8
GPU 0: NVIDIA GeForce MX230 (Compute 6.1, 4.00 GB)
--- Input Matrix (Snippet) ---
  0.1784   0.3997   0.1666   0.2121   0.0619   0.0541   0.2757   0.0478 
  0.8579   0.2793   0.3497   0.6058   0.0737   0.1928   0.5753   0.2738 
  0.2355   0.3513   0.2187   0.2880   0.0186   0.3609   0.1549   0.3504 
  0.6835   0.2185   0.1961   0.0248   0.6727   0.5442   0.9639   0.2818 
  0.7361   0.6262   0.2348   0.0727   0.7465   0.0340   0.4242   0.2949 
  0.9063   0.4440   0.7253   0.1379   0.7956   0.9051   0.0964   0.8206 
  0.1672   0.1685   0.5519   0.6728   0.6104   0.7387   0.7906   0.5769 
  0.3751   0.2483   0.8508   0.0803   0.3567   0.4930   0.2261   0.4608 
---------------------------------------

Using stream-based hybrid approach for large dataset
--- Output Correlation Matrix (Snippet) ---
  1.0000   0.0109   0.0293  -0.0304   0.0102   0.0139   0.0044  -0.0106 
  0.0109   1.0000   0.0119  -0.0427  -0.0041  -0.0632  -0.0605  -0.0605 
  0.0293   0.0119   1.0000   0.0276   0.0204   0.0119   0.0083   0.0077 
 -0.0304  -0.0427   0.0276   1.0000   0.0269   0.0239   0.0206   0.0100 
  0.0102  -0.0041   0.0204   0.0269   1.0000   0.0015  -0.0140  -0.0381 
  0.0139  -0.0632   0.0119   0.0239   0.0015   1.0000  -0.0124   0.0481 
  0.0044  -0.0605   0.0083   0.0206  -0.0140  -0.0124   1.0000   0.0370 
 -0.0106  -0.0605   0.0077   0.0100  -0.0381   0.0481   0.0370   1.0000 
---------------------------------------

Execution Time: 0.476475 seconds
Exit code: 0
Extracted time: 0.476475

=== hybrid (N=2000, M=1500, iter=1) ===
Executing Hybrid (OpenMP + CUDA) Version
Matrix Size: N=2000, M=1500
OpenMP threads: 8
GPU 0: NVIDIA GeForce MX230 (Compute 6.1, 4.00 GB)
--- Input Matrix (Snippet) ---
  0.1784   0.3997   0.1666   0.2121   0.0619   0.0541   0.2757   0.0478 
  0.5231   0.4570   0.4980   0.9980   0.9538   0.4599   0.6245   0.8193 
  0.6835   0.2185   0.1961   0.0248   0.6727   0.5442   0.9639   0.2818 
  0.6730   0.3860   0.7919   0.3859   0.4882   0.1123   0.5655   0.3819 
  0.1672   0.1685   0.5519   0.6728   0.6104   0.7387   0.7906   0.5769 
  0.2896   0.8828   0.9025   0.7990   0.6499   0.1416   0.2104   0.8247 
  0.4815   0.6118   0.5401   0.8225   0.6975   0.4157   0.2738   0.2554 
  0.5062   0.5588   0.9413   0.5000   0.5328   0.1062   0.3400   0.7122 
---------------------------------------

Using stream-based hybrid approach for large dataset
--- Output Correlation Matrix (Snippet) ---
  1.0000   0.0111  -0.0267  -0.0267  -0.0210   0.0113   0.0004   0.0095 
  0.0111   1.0000  -0.0268   0.0110   0.0518  -0.0168   0.0241   0.0123 
 -0.0267  -0.0268   1.0000   0.0289   0.0020  -0.0170  -0.0226  -0.0030 
 -0.0267   0.0110   0.0289   1.0000   0.0178  -0.0459   0.0215  -0.0381 
 -0.0210   0.0518   0.0020   0.0178   1.0000   0.0124  -0.0130  -0.0079 
  0.0113  -0.0168  -0.0170  -0.0459   0.0124   1.0000   0.0043   0.0352 
  0.0004   0.0241  -0.0226   0.0215  -0.0130   0.0043   1.0000  -0.0296 
  0.0095   0.0123  -0.0030  -0.0381  -0.0079   0.0352  -0.0296   1.0000 
---------------------------------------

Execution Time: 0.689098 seconds
Exit code: 0
Extracted time: 0.689098

=== hybrid (N=2000, M=1500, iter=2) ===
Executing Hybrid (OpenMP + CUDA) Version
Matrix Size: N=2000, M=1500
OpenMP threads: 8
GPU 0: NVIDIA GeForce MX230 (Compute 6.1, 4.00 GB)
--- Input Matrix (Snippet) ---
  0.1784   0.3997   0.1666   0.2121   0.0619   0.0541   0.2757   0.0478 
  0.5231   0.4570   0.4980   0.9980   0.9538   0.4599   0.6245   0.8193 
  0.6835   0.2185   0.1961   0.0248   0.6727   0.5442   0.9639   0.2818 
  0.6730   0.3860   0.7919   0.3859   0.4882   0.1123   0.5655   0.3819 
  0.1672   0.1685   0.5519   0.6728   0.6104   0.7387   0.7906   0.5769 
  0.2896   0.8828   0.9025   0.7990   0.6499   0.1416   0.2104   0.8247 
  0.4815   0.6118   0.5401   0.8225   0.6975   0.4157   0.2738   0.2554 
  0.5062   0.5588   0.9413   0.5000   0.5328   0.1062   0.3400   0.7122 
---------------------------------------

Using stream-based hybrid approach for large dataset
--- Output Correlation Matrix (Snippet) ---
  1.0000   0.0111  -0.0267  -0.0267  -0.0210   0.0113   0.0004   0.0095 
  0.0111   1.0000  -0.0268   0.0110   0.0518  -0.0168   0.0241   0.0123 
 -0.0267  -0.0268   1.0000   0.0289   0.0020  -0.0170  -0.0226  -0.0030 
 -0.0267   0.0110   0.0289   1.0000   0.0178  -0.0459   0.0215  -0.0381 
 -0.0210   0.0518   0.0020   0.0178   1.0000   0.0124  -0.0130  -0.0079 
  0.0113  -0.0168  -0.0170  -0.0459   0.0124   1.0000   0.0043   0.0352 
  0.0004   0.0241  -0.0226   0.0215  -0.0130   0.0043   1.0000  -0.0296 
  0.0095   0.0123  -0.0030  -0.0381  -0.0079   0.0352  -0.0296   1.0000 
---------------------------------------

Execution Time: 0.685813 seconds
Exit code: 0
Extracted time: 0.685813

=== hybrid (N=2000, M=1500, iter=3) ===
Executing Hybrid (OpenMP + CUDA) Version
Matrix Size: N=2000, M=1500
OpenMP threads: 8
GPU 0: NVIDIA GeForce MX230 (Compute 6.1, 4.00 GB)
--- Input Matrix (Snippet) ---
  0.1784   0.3997   0.1666   0.2121   0.0619   0.0541   0.2757   0.0478 
  0.5231   0.4570   0.4980   0.9980   0.9538   0.4599   0.6245   0.8193 
  0.6835   0.2185   0.1961   0.0248   0.6727   0.5442   0.9639   0.2818 
  0.6730   0.3860   0.7919   0.3859   0.4882   0.1123   0.5655   0.3819 
  0.1672   0.1685   0.5519   0.6728   0.6104   0.7387   0.7906   0.5769 
  0.2896   0.8828   0.9025   0.7990   0.6499   0.1416   0.2104   0.8247 
  0.4815   0.6118   0.5401   0.8225   0.6975   0.4157   0.2738   0.2554 
  0.5062   0.5588   0.9413   0.5000   0.5328   0.1062   0.3400   0.7122 
---------------------------------------

Using stream-based hybrid approach for large dataset
--- Output Correlation Matrix (Snippet) ---
  1.0000   0.0111  -0.0267  -0.0267  -0.0210   0.0113   0.0004   0.0095 
  0.0111   1.0000  -0.0268   0.0110   0.0518  -0.0168   0.0241   0.0123 
 -0.0267  -0.0268   1.0000   0.0289   0.0020  -0.0170  -0.0226  -0.0030 
 -0.0267   0.0110   0.0289   1.0000   0.0178  -0.0459   0.0215  -0.0381 
 -0.0210   0.0518   0.0020   0.0178   1.0000   0.0124  -0.0130  -0.0079 
  0.0113  -0.0168  -0.0170  -0.0459   0.0124   1.0000   0.0043   0.0352 
  0.0004   0.0241  -0.0226   0.0215  -0.0130   0.0043   1.0000  -0.0296 
  0.0095   0.0123  -0.0030  -0.0381  -0.0079   0.0352  -0.0296   1.0000 
---------------------------------------

Execution Time: 0.683902 seconds
Exit code: 0
Extracted time: 0.683902

=== hybrid (N=2000, M=2000, iter=1) ===
Executing Hybrid (OpenMP + CUDA) Version
Matrix Size: N=2000, M=2000
OpenMP threads: 8
GPU 0: NVIDIA GeForce MX230 (Compute 6.1, 4.00 GB)
--- Input Matrix (Snippet) ---
  0.1784   0.3997   0.1666   0.2121   0.0619   0.0541   0.2757   0.0478 
  0.2355   0.3513   0.2187   0.2880   0.0186   0.3609   0.1549   0.3504 
  0.7361   0.6262   0.2348   0.0727   0.7465   0.0340   0.4242   0.2949 
  0.1672   0.1685   0.5519   0.6728   0.6104   0.7387   0.7906   0.5769 
  0.9290   0.7971   0.1292   0.8444   0.4470   0.9848   0.7467   0.6753 
  0.6577   0.0369   0.3331   0.8758   0.2217   0.6708   0.6280   0.0000 
  0.9311   0.2895   0.4608   0.4579   0.4643   0.0754   0.2606   0.6549 
  0.2649   0.2373   0.6548   0.4642   0.2228   0.6153   0.1826   0.9288 
---------------------------------------

Using stream-based hybrid approach for large dataset
--- Output Correlation Matrix (Snippet) ---
  1.0000  -0.0069  -0.0270  -0.0283   0.0410  -0.0121  -0.0445  -0.0154 
 -0.0069   1.0000   0.0227   0.0096  -0.0277  -0.0158   0.0245   0.0515 
 -0.0270   0.0227   1.0000   0.0181  -0.0084  -0.0181   0.0164   0.0039 
 -0.0283   0.0096   0.0181   1.0000  -0.0407   0.0316   0.0226   0.0055 
  0.0410  -0.0277  -0.0084  -0.0407   1.0000  -0.0453   0.0127  -0.0128 
 -0.0121  -0.0158  -0.0181   0.0316  -0.0453   1.0000  -0.0070  -0.0285 
 -0.0445   0.0245   0.0164   0.0226   0.0127  -0.0070   1.0000   0.0225 
 -0.0154   0.0515   0.0039   0.0055  -0.0128  -0.0285   0.0225   1.0000 
---------------------------------------

Execution Time: 0.837936 seconds
Exit code: 0
Extracted time: 0.837936

=== hybrid (N=2000, M=2000, iter=2) ===
Executing Hybrid (OpenMP + CUDA) Version
Matrix Size: N=2000, M=2000
OpenMP threads: 8
GPU 0: NVIDIA GeForce MX230 (Compute 6.1, 4.00 GB)
--- Input Matrix (Snippet) ---
  0.1784   0.3997   0.1666   0.2121   0.0619   0.0541   0.2757   0.0478 
  0.2355   0.3513   0.2187   0.2880   0.0186   0.3609   0.1549   0.3504 
  0.7361   0.6262   0.2348   0.0727   0.7465   0.0340   0.4242   0.2949 
  0.1672   0.1685   0.5519   0.6728   0.6104   0.7387   0.7906   0.5769 
  0.9290   0.7971   0.1292   0.8444   0.4470   0.9848   0.7467   0.6753 
  0.6577   0.0369   0.3331   0.8758   0.2217   0.6708   0.6280   0.0000 
  0.9311   0.2895   0.4608   0.4579   0.4643   0.0754   0.2606   0.6549 
  0.2649   0.2373   0.6548   0.4642   0.2228   0.6153   0.1826   0.9288 
---------------------------------------

Using stream-based hybrid approach for large dataset
--- Output Correlation Matrix (Snippet) ---
  1.0000  -0.0069  -0.0270  -0.0283   0.0410  -0.0121  -0.0445  -0.0154 
 -0.0069   1.0000   0.0227   0.0096  -0.0277  -0.0158   0.0245   0.0515 
 -0.0270   0.0227   1.0000   0.0181  -0.0084  -0.0181   0.0164   0.0039 
 -0.0283   0.0096   0.0181   1.0000  -0.0407   0.0316   0.0226   0.0055 
  0.0410  -0.0277  -0.0084  -0.0407   1.0000  -0.0453   0.0127  -0.0128 
 -0.0121  -0.0158  -0.0181   0.0316  -0.0453   1.0000  -0.0070  -0.0285 
 -0.0445   0.0245   0.0164   0.0226   0.0127  -0.0070   1.0000   0.0225 
 -0.0154   0.0515   0.0039   0.0055  -0.0128  -0.0285   0.0225   1.0000 
---------------------------------------

Execution Time: 0.853380 seconds
Exit code: 0
Extracted time: 0.853380

=== hybrid (N=2000, M=2000, iter=3) ===
Executing Hybrid (OpenMP + CUDA) Version
Matrix Size: N=2000, M=2000
OpenMP threads: 8
GPU 0: NVIDIA GeForce MX230 (Compute 6.1, 4.00 GB)
--- Input Matrix (Snippet) ---
  0.1784   0.3997   0.1666   0.2121   0.0619   0.0541   0.2757   0.0478 
  0.2355   0.3513   0.2187   0.2880   0.0186   0.3609   0.1549   0.3504 
  0.7361   0.6262   0.2348   0.0727   0.7465   0.0340   0.4242   0.2949 
  0.1672   0.1685   0.5519   0.6728   0.6104   0.7387   0.7906   0.5769 
  0.9290   0.7971   0.1292   0.8444   0.4470   0.9848   0.7467   0.6753 
  0.6577   0.0369   0.3331   0.8758   0.2217   0.6708   0.6280   0.0000 
  0.9311   0.2895   0.4608   0.4579   0.4643   0.0754   0.2606   0.6549 
  0.2649   0.2373   0.6548   0.4642   0.2228   0.6153   0.1826   0.9288 
---------------------------------------

Using stream-based hybrid approach for large dataset
--- Output Correlation Matrix (Snippet) ---
  1.0000  -0.0069  -0.0270  -0.0283   0.0410  -0.0121  -0.0445  -0.0154 
 -0.0069   1.0000   0.0227   0.0096  -0.0277  -0.0158   0.0245   0.0515 
 -0.0270   0.0227   1.0000   0.0181  -0.0084  -0.0181   0.0164   0.0039 
 -0.0283   0.0096   0.0181   1.0000  -0.0407   0.0316   0.0226   0.0055 
  0.0410  -0.0277  -0.0084  -0.0407   1.0000  -0.0453   0.0127  -0.0128 
 -0.0121  -0.0158  -0.0181   0.0316  -0.0453   1.0000  -0.0070  -0.0285 
 -0.0445   0.0245   0.0164   0.0226   0.0127  -0.0070   1.0000   0.0225 
 -0.0154   0.0515   0.0039   0.0055  -0.0128  -0.0285   0.0225   1.0000 
---------------------------------------

Execution Time: 0.864148 seconds
Exit code: 0
Extracted time: 0.864148

=== hybrid (N=2000, M=2500, iter=1) ===
Executing Hybrid (OpenMP + CUDA) Version
Matrix Size: N=2000, M=2500
OpenMP threads: 8
GPU 0: NVIDIA GeForce MX230 (Compute 6.1, 4.00 GB)
--- Input Matrix (Snippet) ---
  0.1784   0.3997   0.1666   0.2121   0.0619   0.0541   0.2757   0.0478 
  0.2459   0.4850   0.0104   0.8695   0.6495   0.6553   0.0003   0.2781 
  0.9063   0.4440   0.7253   0.1379   0.7956   0.9051   0.0964   0.8206 
  0.2896   0.8828   0.9025   0.7990   0.6499   0.1416   0.2104   0.8247 
  0.6577   0.0369   0.3331   0.8758   0.2217   0.6708   0.6280   0.0000 
  0.0891   0.9237   0.8383   0.8221   0.7560   0.6990   0.3387   0.4892 
  0.7794   0.8132   0.7432   0.9474   0.3793   0.9794   0.6384   0.6187 
  0.0842   0.1832   0.3542   0.9223   0.4774   0.3511   0.6550   0.4676 
---------------------------------------

Using stream-based hybrid approach for large dataset
--- Output Correlation Matrix (Snippet) ---
  1.0000   0.0305  -0.0212   0.0233  -0.0160  -0.0192   0.0017  -0.0016 
  0.0305   1.0000   0.0092   0.0212   0.0022   0.0280  -0.0362  -0.0159 
 -0.0212   0.0092   1.0000  -0.0060   0.0119   0.0228  -0.0218  -0.0016 
  0.0233   0.0212  -0.0060   1.0000  -0.0190  -0.0385  -0.0178   0.0073 
 -0.0160   0.0022   0.0119  -0.0190   1.0000   0.0217   0.0011  -0.0372 
 -0.0192   0.0280   0.0228  -0.0385   0.0217   1.0000  -0.0358  -0.0005 
  0.0017  -0.0362  -0.0218  -0.0178   0.0011  -0.0358   1.0000   0.0276 
 -0.0016  -0.0159  -0.0016   0.0073  -0.0372  -0.0005   0.0276   1.0000 
---------------------------------------

Execution Time: 1.548601 seconds
Exit code: 0
Extracted time: 1.548601

=== hybrid (N=2000, M=2500, iter=2) ===
Executing Hybrid (OpenMP + CUDA) Version
Matrix Size: N=2000, M=2500
OpenMP threads: 8
GPU 0: NVIDIA GeForce MX230 (Compute 6.1, 4.00 GB)
--- Input Matrix (Snippet) ---
  0.1784   0.3997   0.1666   0.2121   0.0619   0.0541   0.2757   0.0478 
  0.2459   0.4850   0.0104   0.8695   0.6495   0.6553   0.0003   0.2781 
  0.9063   0.4440   0.7253   0.1379   0.7956   0.9051   0.0964   0.8206 
  0.2896   0.8828   0.9025   0.7990   0.6499   0.1416   0.2104   0.8247 
  0.6577   0.0369   0.3331   0.8758   0.2217   0.6708   0.6280   0.0000 
  0.0891   0.9237   0.8383   0.8221   0.7560   0.6990   0.3387   0.4892 
  0.7794   0.8132   0.7432   0.9474   0.3793   0.9794   0.6384   0.6187 
  0.0842   0.1832   0.3542   0.9223   0.4774   0.3511   0.6550   0.4676 
---------------------------------------

Using stream-based hybrid approach for large dataset
--- Output Correlation Matrix (Snippet) ---
  1.0000   0.0305  -0.0212   0.0233  -0.0160  -0.0192   0.0017  -0.0016 
  0.0305   1.0000   0.0092   0.0212   0.0022   0.0280  -0.0362  -0.0159 
 -0.0212   0.0092   1.0000  -0.0060   0.0119   0.0228  -0.0218  -0.0016 
  0.0233   0.0212  -0.0060   1.0000  -0.0190  -0.0385  -0.0178   0.0073 
 -0.0160   0.0022   0.0119  -0.0190   1.0000   0.0217   0.0011  -0.0372 
 -0.0192   0.0280   0.0228  -0.0385   0.0217   1.0000  -0.0358  -0.0005 
  0.0017  -0.0362  -0.0218  -0.0178   0.0011  -0.0358   1.0000   0.0276 
 -0.0016  -0.0159  -0.0016   0.0073  -0.0372  -0.0005   0.0276   1.0000 
---------------------------------------

Execution Time: 1.550485 seconds
Exit code: 0
Extracted time: 1.550485

=== hybrid (N=2000, M=2500, iter=3) ===
Executing Hybrid (OpenMP + CUDA) Version
Matrix Size: N=2000, M=2500
OpenMP threads: 8
GPU 0: NVIDIA GeForce MX230 (Compute 6.1, 4.00 GB)
--- Input Matrix (Snippet) ---
  0.1784   0.3997   0.1666   0.2121   0.0619   0.0541   0.2757   0.0478 
  0.2459   0.4850   0.0104   0.8695   0.6495   0.6553   0.0003   0.2781 
  0.9063   0.4440   0.7253   0.1379   0.7956   0.9051   0.0964   0.8206 
  0.2896   0.8828   0.9025   0.7990   0.6499   0.1416   0.2104   0.8247 
  0.6577   0.0369   0.3331   0.8758   0.2217   0.6708   0.6280   0.0000 
  0.0891   0.9237   0.8383   0.8221   0.7560   0.6990   0.3387   0.4892 
  0.7794   0.8132   0.7432   0.9474   0.3793   0.9794   0.6384   0.6187 
  0.0842   0.1832   0.3542   0.9223   0.4774   0.3511   0.6550   0.4676 
---------------------------------------

Using stream-based hybrid approach for large dataset
--- Output Correlation Matrix (Snippet) ---
  1.0000   0.0305  -0.0212   0.0233  -0.0160  -0.0192   0.0017  -0.0016 
  0.0305   1.0000   0.0092   0.0212   0.0022   0.0280  -0.0362  -0.0159 
 -0.0212   0.0092   1.0000  -0.0060   0.0119   0.0228  -0.0218  -0.0016 
  0.0233   0.0212  -0.0060   1.0000  -0.0190  -0.0385  -0.0178   0.0073 
 -0.0160   0.0022   0.0119  -0.0190   1.0000   0.0217   0.0011  -0.0372 
 -0.0192   0.0280   0.0228  -0.0385   0.0217   1.0000  -0.0358  -0.0005 
  0.0017  -0.0362  -0.0218  -0.0178   0.0011  -0.0358   1.0000   0.0276 
 -0.0016  -0.0159  -0.0016   0.0073  -0.0372  -0.0005   0.0276   1.0000 
---------------------------------------

Execution Time: 1.071166 seconds
Exit code: 0
Extracted time: 1.071166

=== hybrid (N=2000, M=3000, iter=1) ===
Executing Hybrid (OpenMP + CUDA) Version
Matrix Size: N=2000, M=3000
OpenMP threads: 8
GPU 0: NVIDIA GeForce MX230 (Compute 6.1, 4.00 GB)
--- Input Matrix (Snippet) ---
  0.1784   0.3997   0.1666   0.2121   0.0619   0.0541   0.2757   0.0478 
  0.6835   0.2185   0.1961   0.0248   0.6727   0.5442   0.9639   0.2818 
  0.1672   0.1685   0.5519   0.6728   0.6104   0.7387   0.7906   0.5769 
  0.4815   0.6118   0.5401   0.8225   0.6975   0.4157   0.2738   0.2554 
  0.9311   0.2895   0.4608   0.4579   0.4643   0.0754   0.2606   0.6549 
  0.7794   0.8132   0.7432   0.9474   0.3793   0.9794   0.6384   0.6187 
  0.1583   0.6916   0.6599   0.6962   0.3418   0.4218   0.2080   0.0566 
  0.5013   0.8661   0.8181   0.8221   0.2707   0.8748   0.9764   0.6529 
---------------------------------------

Using stream-based hybrid approach for large dataset
--- Output Correlation Matrix (Snippet) ---
  1.0000  -0.0079  -0.0189   0.0064  -0.0058   0.0126   0.0067  -0.0029 
 -0.0079   1.0000  -0.0219  -0.0305  -0.0129   0.0147  -0.0086   0.0305 
 -0.0189  -0.0219   1.0000   0.0110   0.0151   0.0069  -0.0076   0.0224 
  0.0064  -0.0305   0.0110   1.0000  -0.0143   0.0036   0.0036  -0.0167 
 -0.0058  -0.0129   0.0151  -0.0143   1.0000   0.0173  -0.0375  -0.0020 
  0.0126   0.0147   0.0069   0.0036   0.0173   1.0000  -0.0245   0.0187 
  0.0067  -0.0086  -0.0076   0.0036  -0.0375  -0.0245   1.0000  -0.0087 
 -0.0029   0.0305   0.0224  -0.0167  -0.0020   0.0187  -0.0087   1.0000 
---------------------------------------

Execution Time: 1.734274 seconds
Exit code: 0
Extracted time: 1.734274

=== hybrid (N=2000, M=3000, iter=2) ===
Executing Hybrid (OpenMP + CUDA) Version
Matrix Size: N=2000, M=3000
OpenMP threads: 8
GPU 0: NVIDIA GeForce MX230 (Compute 6.1, 4.00 GB)
--- Input Matrix (Snippet) ---
  0.1784   0.3997   0.1666   0.2121   0.0619   0.0541   0.2757   0.0478 
  0.6835   0.2185   0.1961   0.0248   0.6727   0.5442   0.9639   0.2818 
  0.1672   0.1685   0.5519   0.6728   0.6104   0.7387   0.7906   0.5769 
  0.4815   0.6118   0.5401   0.8225   0.6975   0.4157   0.2738   0.2554 
  0.9311   0.2895   0.4608   0.4579   0.4643   0.0754   0.2606   0.6549 
  0.7794   0.8132   0.7432   0.9474   0.3793   0.9794   0.6384   0.6187 
  0.1583   0.6916   0.6599   0.6962   0.3418   0.4218   0.2080   0.0566 
  0.5013   0.8661   0.8181   0.8221   0.2707   0.8748   0.9764   0.6529 
---------------------------------------

Using stream-based hybrid approach for large dataset
--- Output Correlation Matrix (Snippet) ---
  1.0000  -0.0079  -0.0189   0.0064  -0.0058   0.0126   0.0067  -0.0029 
 -0.0079   1.0000  -0.0219  -0.0305  -0.0129   0.0147  -0.0086   0.0305 
 -0.0189  -0.0219   1.0000   0.0110   0.0151   0.0069  -0.0076   0.0224 
  0.0064  -0.0305   0.0110   1.0000  -0.0143   0.0036   0.0036  -0.0167 
 -0.0058  -0.0129   0.0151  -0.0143   1.0000   0.0173  -0.0375  -0.0020 
  0.0126   0.0147   0.0069   0.0036   0.0173   1.0000  -0.0245   0.0187 
  0.0067  -0.0086  -0.0076   0.0036  -0.0375  -0.0245   1.0000  -0.0087 
 -0.0029   0.0305   0.0224  -0.0167  -0.0020   0.0187  -0.0087   1.0000 
---------------------------------------

Execution Time: 1.741102 seconds
Exit code: 0
Extracted time: 1.741102

=== hybrid (N=2000, M=3000, iter=3) ===
Executing Hybrid (OpenMP + CUDA) Version
Matrix Size: N=2000, M=3000
OpenMP threads: 8
GPU 0: NVIDIA GeForce MX230 (Compute 6.1, 4.00 GB)
--- Input Matrix (Snippet) ---
  0.1784   0.3997   0.1666   0.2121   0.0619   0.0541   0.2757   0.0478 
  0.6835   0.2185   0.1961   0.0248   0.6727   0.5442   0.9639   0.2818 
  0.1672   0.1685   0.5519   0.6728   0.6104   0.7387   0.7906   0.5769 
  0.4815   0.6118   0.5401   0.8225   0.6975   0.4157   0.2738   0.2554 
  0.9311   0.2895   0.4608   0.4579   0.4643   0.0754   0.2606   0.6549 
  0.7794   0.8132   0.7432   0.9474   0.3793   0.9794   0.6384   0.6187 
  0.1583   0.6916   0.6599   0.6962   0.3418   0.4218   0.2080   0.0566 
  0.5013   0.8661   0.8181   0.8221   0.2707   0.8748   0.9764   0.6529 
---------------------------------------

Using stream-based hybrid approach for large dataset
--- Output Correlation Matrix (Snippet) ---
  1.0000  -0.0079  -0.0189   0.0064  -0.0058   0.0126   0.0067  -0.0029 
 -0.0079   1.0000  -0.0219  -0.0305  -0.0129   0.0147  -0.0086   0.0305 
 -0.0189  -0.0219   1.0000   0.0110   0.0151   0.0069  -0.0076   0.0224 
  0.0064  -0.0305   0.0110   1.0000  -0.0143   0.0036   0.0036  -0.0167 
 -0.0058  -0.0129   0.0151  -0.0143   1.0000   0.0173  -0.0375  -0.0020 
  0.0126   0.0147   0.0069   0.0036   0.0173   1.0000  -0.0245   0.0187 
  0.0067  -0.0086  -0.0076   0.0036  -0.0375  -0.0245   1.0000  -0.0087 
 -0.0029   0.0305   0.0224  -0.0167  -0.0020   0.0187  -0.0087   1.0000 
---------------------------------------

Execution Time: 1.755075 seconds
Exit code: 0
Extracted time: 1.755075

